ISO-10303-21;
HEADER;
FILE_DESCRIPTION(('Open CASCADE Model'),'2;1');
FILE_NAME('Open CASCADE Shape Model','2026-09-27T09:17:58',('Author'),(
    'Open CASCADE'),'Open CASCADE STEP processor 7.9','Open CASCADE 7.9'
  ,'Unknown');
FILE_SCHEMA(('AUTOMOTIVE_DESIGN { 1 0 10303 214 1 1 1 1 }'));
ENDSEC;
DATA;
#1 = APPLICATION_PROTOCOL_DEFINITION('international standard',
  'automotive_design',2000,#2);
#2 = APPLICATION_CONTEXT(
  'core data for automotive mechanical design processes');
#3 = SHAPE_DEFINITION_REPRESENTATION(#4,#10);
#4 = PRODUCT_DEFINITION_SHAPE('','',#5);
#5 = PRODUCT_DEFINITION('design','',#6,#9);
#6 = PRODUCT_DEFINITION_FORMATION('','',#7);
#7 = PRODUCT('SOIC-8','SOIC-8','',(#8));
#8 = PRODUCT_CONTEXT('',#2,'mechanical');
#9 = PRODUCT_DEFINITION_CONTEXT('part definition',#2,'design');
#10 = SHAPE_REPRESENTATION('',(#11,#15,#19,#23,#27,#31,#35,#39,#43,#47,
    #51),#55);
#11 = AXIS2_PLACEMENT_3D('',#12,#13,#14);
#12 = CARTESIAN_POINT('',(0.,0.,0.));
#13 = DIRECTION('',(0.,0.,1.));
#14 = DIRECTION('',(1.,0.,-0.));
#15 = AXIS2_PLACEMENT_3D('',#16,#17,#18);
#16 = CARTESIAN_POINT('',(0.,0.,0.));
#17 = DIRECTION('',(0.,0.,1.));
#18 = DIRECTION('',(1.,0.,-0.));
#19 = AXIS2_PLACEMENT_3D('',#20,#21,#22);
#20 = CARTESIAN_POINT('',(0.,0.,0.));
#21 = DIRECTION('',(0.,0.,1.));
#22 = DIRECTION('',(1.,0.,-0.));
#23 = AXIS2_PLACEMENT_3D('',#24,#25,#26);
#24 = CARTESIAN_POINT('',(0.,0.,0.));
#25 = DIRECTION('',(0.,0.,1.));
#26 = DIRECTION('',(1.,0.,-0.));
#27 = AXIS2_PLACEMENT_3D('',#28,#29,#30);
#28 = CARTESIAN_POINT('',(0.,0.,0.));
#29 = DIRECTION('',(0.,0.,1.));
#30 = DIRECTION('',(1.,0.,-0.));
#31 = AXIS2_PLACEMENT_3D('',#32,#33,#34);
#32 = CARTESIAN_POINT('',(0.,0.,0.));
#33 = DIRECTION('',(0.,0.,1.));
#34 = DIRECTION('',(1.,0.,-0.));
#35 = AXIS2_PLACEMENT_3D('',#36,#37,#38);
#36 = CARTESIAN_POINT('',(0.,0.,0.));
#37 = DIRECTION('',(0.,0.,1.));
#38 = DIRECTION('',(1.,0.,-0.));
#39 = AXIS2_PLACEMENT_3D('',#40,#41,#42);
#40 = CARTESIAN_POINT('',(0.,0.,0.));
#41 = DIRECTION('',(0.,0.,1.));
#42 = DIRECTION('',(1.,0.,-0.));
#43 = AXIS2_PLACEMENT_3D('',#44,#45,#46);
#44 = CARTESIAN_POINT('',(0.,0.,0.));
#45 = DIRECTION('',(0.,0.,1.));
#46 = DIRECTION('',(1.,0.,-0.));
#47 = AXIS2_PLACEMENT_3D('',#48,#49,#50);
#48 = CARTESIAN_POINT('',(0.,0.,0.));
#49 = DIRECTION('',(0.,0.,1.));
#50 = DIRECTION('',(1.,0.,-0.));
#51 = AXIS2_PLACEMENT_3D('',#52,#53,#54);
#52 = CARTESIAN_POINT('',(0.,0.,0.));
#53 = DIRECTION('',(0.,0.,1.));
#54 = DIRECTION('',(1.,0.,-0.));
#55 = ( GEOMETRIC_REPRESENTATION_CONTEXT(3) 
GLOBAL_UNCERTAINTY_ASSIGNED_CONTEXT((#59)) GLOBAL_UNIT_ASSIGNED_CONTEXT(
(#56,#57,#58)) REPRESENTATION_CONTEXT('Context #1',
  '3D Context with UNIT and UNCERTAINTY') );
#56 = ( LENGTH_UNIT() NAMED_UNIT(*) SI_UNIT(.MILLI.,.METRE.) );
#57 = ( NAMED_UNIT(*) PLANE_ANGLE_UNIT() SI_UNIT($,.RADIAN.) );
#58 = ( NAMED_UNIT(*) SI_UNIT($,.STERADIAN.) SOLID_ANGLE_UNIT() );
#59 = UNCERTAINTY_MEASURE_WITH_UNIT(LENGTH_MEASURE(1.E-07),#56,
  'distance_accuracy_value','confusion accuracy');
#60 = PRODUCT_RELATED_PRODUCT_CATEGORY('part',$,(#7));
#61 = SHAPE_DEFINITION_REPRESENTATION(#62,#68);
#62 = PRODUCT_DEFINITION_SHAPE('','',#63);
#63 = PRODUCT_DEFINITION('design','',#64,#67);
#64 = PRODUCT_DEFINITION_FORMATION('','',#65);
#65 = PRODUCT('body','body','',(#66));
#66 = PRODUCT_CONTEXT('',#2,'mechanical');
#67 = PRODUCT_DEFINITION_CONTEXT('part definition',#2,'design');
#68 = ADVANCED_BREP_SHAPE_REPRESENTATION('',(#11,#69),#497);
#69 = MANIFOLD_SOLID_BREP('',#70);
#70 = CLOSED_SHELL('',(#71,#191,#267,#351,#400,#427,#434,#493));
#71 = ADVANCED_FACE('',(#72),#86,.F.);
#72 = FACE_BOUND('',#73,.T.);
#73 = EDGE_LOOP('',(#74,#109,#137,#165));
#74 = ORIENTED_EDGE('',*,*,#75,.F.);
#75 = EDGE_CURVE('',#76,#78,#80,.T.);
#76 = VERTEX_POINT('',#77);
#77 = CARTESIAN_POINT('',(-1.925,2.45,0.15));
#78 = VERTEX_POINT('',#79);
#79 = CARTESIAN_POINT('',(-1.925,2.45,1.45));
#80 = SURFACE_CURVE('',#81,(#85,#97),.PCURVE_S1.);
#81 = LINE('',#82,#83);
#82 = CARTESIAN_POINT('',(-1.925,2.45,0.15));
#83 = VECTOR('',#84,1.);
#84 = DIRECTION('',(0.,0.,1.));
#85 = PCURVE('',#86,#91);
#86 = PLANE('',#87);
#87 = AXIS2_PLACEMENT_3D('',#88,#89,#90);
#88 = CARTESIAN_POINT('',(-1.925,2.45,0.15));
#89 = DIRECTION('',(1.,0.,-0.));
#90 = DIRECTION('',(0.,0.,-1.));
#91 = DEFINITIONAL_REPRESENTATION('',(#92),#96);
#92 = LINE('',#93,#94);
#93 = CARTESIAN_POINT('',(-0.,0.));
#94 = VECTOR('',#95,1.);
#95 = DIRECTION('',(-1.,0.));
#96 = ( GEOMETRIC_REPRESENTATION_CONTEXT(2) 
PARAMETRIC_REPRESENTATION_CONTEXT() REPRESENTATION_CONTEXT('2D SPACE',''
  ) );
#97 = PCURVE('',#98,#103);
#98 = PLANE('',#99);
#99 = AXIS2_PLACEMENT_3D('',#100,#101,#102);
#100 = CARTESIAN_POINT('',(-1.925,2.45,0.15));
#101 = DIRECTION('',(0.,-1.,0.));
#102 = DIRECTION('',(0.,0.,-1.));
#103 = DEFINITIONAL_REPRESENTATION('',(#104),#108);
#104 = LINE('',#105,#106);
#105 = CARTESIAN_POINT('',(-0.,0.));
#106 = VECTOR('',#107,1.);
#107 = DIRECTION('',(-1.,0.));
#108 = ( GEOMETRIC_REPRESENTATION_CONTEXT(2) 
PARAMETRIC_REPRESENTATION_CONTEXT() REPRESENTATION_CONTEXT('2D SPACE',''
  ) );
#109 = ORIENTED_EDGE('',*,*,#110,.T.);
#110 = EDGE_CURVE('',#76,#111,#113,.T.);
#111 = VERTEX_POINT('',#112);
#112 = CARTESIAN_POINT('',(-1.925,-2.45,0.15));
#113 = SURFACE_CURVE('',#114,(#118,#125),.PCURVE_S1.);
#114 = LINE('',#115,#116);
#115 = CARTESIAN_POINT('',(-1.925,2.45,0.15));
#116 = VECTOR('',#117,1.);
#117 = DIRECTION('',(0.,-1.,0.));
#118 = PCURVE('',#86,#119);
#119 = DEFINITIONAL_REPRESENTATION('',(#120),#124);
#120 = LINE('',#121,#122);
#121 = CARTESIAN_POINT('',(-0.,0.));
#122 = VECTOR('',#123,1.);
#123 = DIRECTION('',(-0.,-1.));
#124 = ( GEOMETRIC_REPRESENTATION_CONTEXT(2) 
PARAMETRIC_REPRESENTATION_CONTEXT() REPRESENTATION_CONTEXT('2D SPACE',''
  ) );
#125 = PCURVE('',#126,#131);
#126 = PLANE('',#127);
#127 = AXIS2_PLACEMENT_3D('',#128,#129,#130);
#128 = CARTESIAN_POINT('',(-1.925,2.45,0.15));
#129 = DIRECTION('',(0.,0.,1.));
#130 = DIRECTION('',(-1.,0.,0.));
#131 = DEFINITIONAL_REPRESENTATION('',(#132),#136);
#132 = LINE('',#133,#134);
#133 = CARTESIAN_POINT('',(-0.,-0.));
#134 = VECTOR('',#135,1.);
#135 = DIRECTION('',(-0.,1.));
#136 = ( GEOMETRIC_REPRESENTATION_CONTEXT(2) 
PARAMETRIC_REPRESENTATION_CONTEXT() REPRESENTATION_CONTEXT('2D SPACE',''
  ) );
#137 = ORIENTED_EDGE('',*,*,#138,.T.);
#138 = EDGE_CURVE('',#111,#139,#141,.T.);
#139 = VERTEX_POINT('',#140);
#140 = CARTESIAN_POINT('',(-1.925,-2.45,1.45));
#141 = SURFACE_CURVE('',#142,(#146,#153),.PCURVE_S1.);
#142 = LINE('',#143,#144);
#143 = CARTESIAN_POINT('',(-1.925,-2.45,0.15));
#144 = VECTOR('',#145,1.);
#145 = DIRECTION('',(0.,0.,1.));
#146 = PCURVE('',#86,#147);
#147 = DEFINITIONAL_REPRESENTATION('',(#148),#152);
#148 = LINE('',#149,#150);
#149 = CARTESIAN_POINT('',(-0.,-4.9));
#150 = VECTOR('',#151,1.);
#151 = DIRECTION('',(-1.,0.));
#152 = ( GEOMETRIC_REPRESENTATION_CONTEXT(2) 
PARAMETRIC_REPRESENTATION_CONTEXT() REPRESENTATION_CONTEXT('2D SPACE',''
  ) );
#153 = PCURVE('',#154,#159);
#154 = PLANE('',#155);
#155 = AXIS2_PLACEMENT_3D('',#156,#157,#158);
#156 = CARTESIAN_POINT('',(-1.925,-2.45,0.15));
#157 = DIRECTION('',(0.,-1.,0.));
#158 = DIRECTION('',(0.,0.,-1.));
#159 = DEFINITIONAL_REPRESENTATION('',(#160),#164);
#160 = LINE('',#161,#162);
#161 = CARTESIAN_POINT('',(-0.,0.));
#162 = VECTOR('',#163,1.);
#163 = DIRECTION('',(-1.,0.));
#164 = ( GEOMETRIC_REPRESENTATION_CONTEXT(2) 
PARAMETRIC_REPRESENTATION_CONTEXT() REPRESENTATION_CONTEXT('2D SPACE',''
  ) );
#165 = ORIENTED_EDGE('',*,*,#166,.F.);
#166 = EDGE_CURVE('',#78,#139,#167,.T.);
#167 = SURFACE_CURVE('',#168,(#172,#179),.PCURVE_S1.);
#168 = LINE('',#169,#170);
#169 = CARTESIAN_POINT('',(-1.925,2.45,1.45));
#170 = VECTOR('',#171,1.);
#171 = DIRECTION('',(0.,-1.,0.));
#172 = PCURVE('',#86,#173);
#173 = DEFINITIONAL_REPRESENTATION('',(#174),#178);
#174 = LINE('',#175,#176);
#175 = CARTESIAN_POINT('',(-1.3,0.));
#176 = VECTOR('',#177,1.);
#177 = DIRECTION('',(-0.,-1.));
#178 = ( GEOMETRIC_REPRESENTATION_CONTEXT(2) 
PARAMETRIC_REPRESENTATION_CONTEXT() REPRESENTATION_CONTEXT('2D SPACE',''
  ) );
#179 = PCURVE('',#180,#185);
#180 = PLANE('',#181);
#181 = AXIS2_PLACEMENT_3D('',#182,#183,#184);
#182 = CARTESIAN_POINT('',(-1.925,2.45,1.45));
#183 = DIRECTION('',(0.,0.,1.));
#184 = DIRECTION('',(-1.,0.,0.));
#185 = DEFINITIONAL_REPRESENTATION('',(#186),#190);
#186 = LINE('',#187,#188);
#187 = CARTESIAN_POINT('',(-0.,-0.));
#188 = VECTOR('',#189,1.);
#189 = DIRECTION('',(-0.,1.));
#190 = ( GEOMETRIC_REPRESENTATION_CONTEXT(2) 
PARAMETRIC_REPRESENTATION_CONTEXT() REPRESENTATION_CONTEXT('2D SPACE',''
  ) );
#191 = ADVANCED_FACE('',(#192),#98,.F.);
#192 = FACE_BOUND('',#193,.T.);
#193 = EDGE_LOOP('',(#194,#217,#218,#241));
#194 = ORIENTED_EDGE('',*,*,#195,.F.);
#195 = EDGE_CURVE('',#76,#196,#198,.T.);
#196 = VERTEX_POINT('',#197);
#197 = CARTESIAN_POINT('',(1.925,2.45,0.15));
#198 = SURFACE_CURVE('',#199,(#203,#210),.PCURVE_S1.);
#199 = LINE('',#200,#201);
#200 = CARTESIAN_POINT('',(-1.925,2.45,0.15));
#201 = VECTOR('',#202,1.);
#202 = DIRECTION('',(1.,0.,-0.));
#203 = PCURVE('',#98,#204);
#204 = DEFINITIONAL_REPRESENTATION('',(#205),#209);
#205 = LINE('',#206,#207);
#206 = CARTESIAN_POINT('',(-0.,0.));
#207 = VECTOR('',#208,1.);
#208 = DIRECTION('',(-0.,1.));
#209 = ( GEOMETRIC_REPRESENTATION_CONTEXT(2) 
PARAMETRIC_REPRESENTATION_CONTEXT() REPRESENTATION_CONTEXT('2D SPACE',''
  ) );
#210 = PCURVE('',#126,#211);
#211 = DEFINITIONAL_REPRESENTATION('',(#212),#216);
#212 = LINE('',#213,#214);
#213 = CARTESIAN_POINT('',(-0.,-0.));
#214 = VECTOR('',#215,1.);
#215 = DIRECTION('',(-1.,0.));
#216 = ( GEOMETRIC_REPRESENTATION_CONTEXT(2) 
PARAMETRIC_REPRESENTATION_CONTEXT() REPRESENTATION_CONTEXT('2D SPACE',''
  ) );
#217 = ORIENTED_EDGE('',*,*,#75,.T.);
#218 = ORIENTED_EDGE('',*,*,#219,.T.);
#219 = EDGE_CURVE('',#78,#220,#222,.T.);
#220 = VERTEX_POINT('',#221);
#221 = CARTESIAN_POINT('',(1.925,2.45,1.45));
#222 = SURFACE_CURVE('',#223,(#227,#234),.PCURVE_S1.);
#223 = LINE('',#224,#225);
#224 = CARTESIAN_POINT('',(-1.925,2.45,1.45));
#225 = VECTOR('',#226,1.);
#226 = DIRECTION('',(1.,0.,-0.));
#227 = PCURVE('',#98,#228);
#228 = DEFINITIONAL_REPRESENTATION('',(#229),#233);
#229 = LINE('',#230,#231);
#230 = CARTESIAN_POINT('',(-1.3,0.));
#231 = VECTOR('',#232,1.);
#232 = DIRECTION('',(-0.,1.));
#233 = ( GEOMETRIC_REPRESENTATION_CONTEXT(2) 
PARAMETRIC_REPRESENTATION_CONTEXT() REPRESENTATION_CONTEXT('2D SPACE',''
  ) );
#234 = PCURVE('',#180,#235);
#235 = DEFINITIONAL_REPRESENTATION('',(#236),#240);
#236 = LINE('',#237,#238);
#237 = CARTESIAN_POINT('',(-0.,-0.));
#238 = VECTOR('',#239,1.);
#239 = DIRECTION('',(-1.,0.));
#240 = ( GEOMETRIC_REPRESENTATION_CONTEXT(2) 
PARAMETRIC_REPRESENTATION_CONTEXT() REPRESENTATION_CONTEXT('2D SPACE',''
  ) );
#241 = ORIENTED_EDGE('',*,*,#242,.F.);
#242 = EDGE_CURVE('',#196,#220,#243,.T.);
#243 = SURFACE_CURVE('',#244,(#248,#255),.PCURVE_S1.);
#244 = LINE('',#245,#246);
#245 = CARTESIAN_POINT('',(1.925,2.45,0.15));
#246 = VECTOR('',#247,1.);
#247 = DIRECTION('',(0.,0.,1.));
#248 = PCURVE('',#98,#249);
#249 = DEFINITIONAL_REPRESENTATION('',(#250),#254);
#250 = LINE('',#251,#252);
#251 = CARTESIAN_POINT('',(-0.,3.85));
#252 = VECTOR('',#253,1.);
#253 = DIRECTION('',(-1.,0.));
#254 = ( GEOMETRIC_REPRESENTATION_CONTEXT(2) 
PARAMETRIC_REPRESENTATION_CONTEXT() REPRESENTATION_CONTEXT('2D SPACE',''
  ) );
#255 = PCURVE('',#256,#261);
#256 = PLANE('',#257);
#257 = AXIS2_PLACEMENT_3D('',#258,#259,#260);
#258 = CARTESIAN_POINT('',(1.925,2.45,0.15));
#259 = DIRECTION('',(1.,0.,-0.));
#260 = DIRECTION('',(0.,0.,-1.));
#261 = DEFINITIONAL_REPRESENTATION('',(#262),#266);
#262 = LINE('',#263,#264);
#263 = CARTESIAN_POINT('',(-0.,0.));
#264 = VECTOR('',#265,1.);
#265 = DIRECTION('',(-1.,0.));
#266 = ( GEOMETRIC_REPRESENTATION_CONTEXT(2) 
PARAMETRIC_REPRESENTATION_CONTEXT() REPRESENTATION_CONTEXT('2D SPACE',''
  ) );
#267 = ADVANCED_FACE('',(#268,#316),#180,.T.);
#268 = FACE_BOUND('',#269,.F.);
#269 = EDGE_LOOP('',(#270,#271,#272,#295));
#270 = ORIENTED_EDGE('',*,*,#166,.F.);
#271 = ORIENTED_EDGE('',*,*,#219,.T.);
#272 = ORIENTED_EDGE('',*,*,#273,.T.);
#273 = EDGE_CURVE('',#220,#274,#276,.T.);
#274 = VERTEX_POINT('',#275);
#275 = CARTESIAN_POINT('',(1.925,-2.45,1.45));
#276 = SURFACE_CURVE('',#277,(#281,#288),.PCURVE_S1.);
#277 = LINE('',#278,#279);
#278 = CARTESIAN_POINT('',(1.925,2.45,1.45));
#279 = VECTOR('',#280,1.);
#280 = DIRECTION('',(0.,-1.,0.));
#281 = PCURVE('',#180,#282);
#282 = DEFINITIONAL_REPRESENTATION('',(#283),#287);
#283 = LINE('',#284,#285);
#284 = CARTESIAN_POINT('',(-3.85,-0.));
#285 = VECTOR('',#286,1.);
#286 = DIRECTION('',(-0.,1.));
#287 = ( GEOMETRIC_REPRESENTATION_CONTEXT(2) 
PARAMETRIC_REPRESENTATION_CONTEXT() REPRESENTATION_CONTEXT('2D SPACE',''
  ) );
#288 = PCURVE('',#256,#289);
#289 = DEFINITIONAL_REPRESENTATION('',(#290),#294);
#290 = LINE('',#291,#292);
#291 = CARTESIAN_POINT('',(-1.3,0.));
#292 = VECTOR('',#293,1.);
#293 = DIRECTION('',(-0.,-1.));
#294 = ( GEOMETRIC_REPRESENTATION_CONTEXT(2) 
PARAMETRIC_REPRESENTATION_CONTEXT() REPRESENTATION_CONTEXT('2D SPACE',''
  ) );
#295 = ORIENTED_EDGE('',*,*,#296,.F.);
#296 = EDGE_CURVE('',#139,#274,#297,.T.);
#297 = SURFACE_CURVE('',#298,(#302,#309),.PCURVE_S1.);
#298 = LINE('',#299,#300);
#299 = CARTESIAN_POINT('',(-1.925,-2.45,1.45));
#300 = VECTOR('',#301,1.);
#301 = DIRECTION('',(1.,0.,-0.));
#302 = PCURVE('',#180,#303);
#303 = DEFINITIONAL_REPRESENTATION('',(#304),#308);
#304 = LINE('',#305,#306);
#305 = CARTESIAN_POINT('',(-0.,4.9));
#306 = VECTOR('',#307,1.);
#307 = DIRECTION('',(-1.,0.));
#308 = ( GEOMETRIC_REPRESENTATION_CONTEXT(2) 
PARAMETRIC_REPRESENTATION_CONTEXT() REPRESENTATION_CONTEXT('2D SPACE',''
  ) );
#309 = PCURVE('',#154,#310);
#310 = DEFINITIONAL_REPRESENTATION('',(#311),#315);
#311 = LINE('',#312,#313);
#312 = CARTESIAN_POINT('',(-1.3,0.));
#313 = VECTOR('',#314,1.);
#314 = DIRECTION('',(-0.,1.));
#315 = ( GEOMETRIC_REPRESENTATION_CONTEXT(2) 
PARAMETRIC_REPRESENTATION_CONTEXT() REPRESENTATION_CONTEXT('2D SPACE',''
  ) );
#316 = FACE_BOUND('',#317,.F.);
#317 = EDGE_LOOP('',(#318));
#318 = ORIENTED_EDGE('',*,*,#319,.F.);
#319 = EDGE_CURVE('',#320,#320,#322,.T.);
#320 = VERTEX_POINT('',#321);
#321 = CARTESIAN_POINT('',(-1.125,1.9,1.45));
#322 = SURFACE_CURVE('',#323,(#328,#339),.PCURVE_S1.);
#323 = CIRCLE('',#324,0.25);
#324 = AXIS2_PLACEMENT_3D('',#325,#326,#327);
#325 = CARTESIAN_POINT('',(-1.375,1.9,1.45));
#326 = DIRECTION('',(0.,0.,-1.));
#327 = DIRECTION('',(1.,-0.,-0.));
#328 = PCURVE('',#180,#329);
#329 = DEFINITIONAL_REPRESENTATION('',(#330),#338);
#330 = ( BOUNDED_CURVE() B_SPLINE_CURVE(2,(#331,#332,#333,#334,#335,#336
,#337),.UNSPECIFIED.,.T.,.F.) B_SPLINE_CURVE_WITH_KNOTS((1,2,2,2,2,1),(
    -2.094395102393,0.,2.094395102393,4.188790204786,6.28318530718,
8.377580409573),.UNSPECIFIED.) CURVE() GEOMETRIC_REPRESENTATION_ITEM() 
RATIONAL_B_SPLINE_CURVE((1.,0.5,1.,0.5,1.,0.5,1.)) REPRESENTATION_ITEM(
  '') );
#331 = CARTESIAN_POINT('',(-0.8,0.55));
#332 = CARTESIAN_POINT('',(-0.8,0.983012701892));
#333 = CARTESIAN_POINT('',(-0.425,0.766506350946));
#334 = CARTESIAN_POINT('',(-5.E-02,0.55));
#335 = CARTESIAN_POINT('',(-0.425,0.333493649054));
#336 = CARTESIAN_POINT('',(-0.8,0.116987298108));
#337 = CARTESIAN_POINT('',(-0.8,0.55));
#338 = ( GEOMETRIC_REPRESENTATION_CONTEXT(2) 
PARAMETRIC_REPRESENTATION_CONTEXT() REPRESENTATION_CONTEXT('2D SPACE',''
  ) );
#339 = PCURVE('',#340,#345);
#340 = CYLINDRICAL_SURFACE('',#341,0.25);
#341 = AXIS2_PLACEMENT_3D('',#342,#343,#344);
#342 = CARTESIAN_POINT('',(-1.375,1.9,1.43));
#343 = DIRECTION('',(-0.,0.,-1.));
#344 = DIRECTION('',(1.,-0.,-0.));
#345 = DEFINITIONAL_REPRESENTATION('',(#346),#350);
#346 = LINE('',#347,#348);
#347 = CARTESIAN_POINT('',(0.,-2.E-02));
#348 = VECTOR('',#349,1.);
#349 = DIRECTION('',(1.,0.));
#350 = ( GEOMETRIC_REPRESENTATION_CONTEXT(2) 
PARAMETRIC_REPRESENTATION_CONTEXT() REPRESENTATION_CONTEXT('2D SPACE',''
  ) );
#351 = ADVANCED_FACE('',(#352),#154,.T.);
#352 = FACE_BOUND('',#353,.F.);
#353 = EDGE_LOOP('',(#354,#377,#378,#379));
#354 = ORIENTED_EDGE('',*,*,#355,.F.);
#355 = EDGE_CURVE('',#111,#356,#358,.T.);
#356 = VERTEX_POINT('',#357);
#357 = CARTESIAN_POINT('',(1.925,-2.45,0.15));
#358 = SURFACE_CURVE('',#359,(#363,#370),.PCURVE_S1.);
#359 = LINE('',#360,#361);
#360 = CARTESIAN_POINT('',(-1.925,-2.45,0.15));
#361 = VECTOR('',#362,1.);
#362 = DIRECTION('',(1.,0.,-0.));
#363 = PCURVE('',#154,#364);
#364 = DEFINITIONAL_REPRESENTATION('',(#365),#369);
#365 = LINE('',#366,#367);
#366 = CARTESIAN_POINT('',(-0.,0.));
#367 = VECTOR('',#368,1.);
#368 = DIRECTION('',(-0.,1.));
#369 = ( GEOMETRIC_REPRESENTATION_CONTEXT(2) 
PARAMETRIC_REPRESENTATION_CONTEXT() REPRESENTATION_CONTEXT('2D SPACE',''
  ) );
#370 = PCURVE('',#126,#371);
#371 = DEFINITIONAL_REPRESENTATION('',(#372),#376);
#372 = LINE('',#373,#374);
#373 = CARTESIAN_POINT('',(-0.,4.9));
#374 = VECTOR('',#375,1.);
#375 = DIRECTION('',(-1.,0.));
#376 = ( GEOMETRIC_REPRESENTATION_CONTEXT(2) 
PARAMETRIC_REPRESENTATION_CONTEXT() REPRESENTATION_CONTEXT('2D SPACE',''
  ) );
#377 = ORIENTED_EDGE('',*,*,#138,.T.);
#378 = ORIENTED_EDGE('',*,*,#296,.T.);
#379 = ORIENTED_EDGE('',*,*,#380,.F.);
#380 = EDGE_CURVE('',#356,#274,#381,.T.);
#381 = SURFACE_CURVE('',#382,(#386,#393),.PCURVE_S1.);
#382 = LINE('',#383,#384);
#383 = CARTESIAN_POINT('',(1.925,-2.45,0.15));
#384 = VECTOR('',#385,1.);
#385 = DIRECTION('',(0.,0.,1.));
#386 = PCURVE('',#154,#387);
#387 = DEFINITIONAL_REPRESENTATION('',(#388),#392);
#388 = LINE('',#389,#390);
#389 = CARTESIAN_POINT('',(-0.,3.85));
#390 = VECTOR('',#391,1.);
#391 = DIRECTION('',(-1.,0.));
#392 = ( GEOMETRIC_REPRESENTATION_CONTEXT(2) 
PARAMETRIC_REPRESENTATION_CONTEXT() REPRESENTATION_CONTEXT('2D SPACE',''
  ) );
#393 = PCURVE('',#256,#394);
#394 = DEFINITIONAL_REPRESENTATION('',(#395),#399);
#395 = LINE('',#396,#397);
#396 = CARTESIAN_POINT('',(-0.,-4.9));
#397 = VECTOR('',#398,1.);
#398 = DIRECTION('',(-1.,0.));
#399 = ( GEOMETRIC_REPRESENTATION_CONTEXT(2) 
PARAMETRIC_REPRESENTATION_CONTEXT() REPRESENTATION_CONTEXT('2D SPACE',''
  ) );
#400 = ADVANCED_FACE('',(#401),#126,.F.);
#401 = FACE_BOUND('',#402,.T.);
#402 = EDGE_LOOP('',(#403,#404,#405,#426));
#403 = ORIENTED_EDGE('',*,*,#110,.F.);
#404 = ORIENTED_EDGE('',*,*,#195,.T.);
#405 = ORIENTED_EDGE('',*,*,#406,.T.);
#406 = EDGE_CURVE('',#196,#356,#407,.T.);
#407 = SURFACE_CURVE('',#408,(#412,#419),.PCURVE_S1.);
#408 = LINE('',#409,#410);
#409 = CARTESIAN_POINT('',(1.925,2.45,0.15));
#410 = VECTOR('',#411,1.);
#411 = DIRECTION('',(0.,-1.,0.));
#412 = PCURVE('',#126,#413);
#413 = DEFINITIONAL_REPRESENTATION('',(#414),#418);
#414 = LINE('',#415,#416);
#415 = CARTESIAN_POINT('',(-3.85,-0.));
#416 = VECTOR('',#417,1.);
#417 = DIRECTION('',(-0.,1.));
#418 = ( GEOMETRIC_REPRESENTATION_CONTEXT(2) 
PARAMETRIC_REPRESENTATION_CONTEXT() REPRESENTATION_CONTEXT('2D SPACE',''
  ) );
#419 = PCURVE('',#256,#420);
#420 = DEFINITIONAL_REPRESENTATION('',(#421),#425);
#421 = LINE('',#422,#423);
#422 = CARTESIAN_POINT('',(-0.,0.));
#423 = VECTOR('',#424,1.);
#424 = DIRECTION('',(-0.,-1.));
#425 = ( GEOMETRIC_REPRESENTATION_CONTEXT(2) 
PARAMETRIC_REPRESENTATION_CONTEXT() REPRESENTATION_CONTEXT('2D SPACE',''
  ) );
#426 = ORIENTED_EDGE('',*,*,#355,.F.);
#427 = ADVANCED_FACE('',(#428),#256,.T.);
#428 = FACE_BOUND('',#429,.F.);
#429 = EDGE_LOOP('',(#430,#431,#432,#433));
#430 = ORIENTED_EDGE('',*,*,#242,.F.);
#431 = ORIENTED_EDGE('',*,*,#406,.T.);
#432 = ORIENTED_EDGE('',*,*,#380,.T.);
#433 = ORIENTED_EDGE('',*,*,#273,.F.);
#434 = ADVANCED_FACE('',(#435),#340,.F.);
#435 = FACE_BOUND('',#436,.F.);
#436 = EDGE_LOOP('',(#437,#460,#461,#462));
#437 = ORIENTED_EDGE('',*,*,#438,.T.);
#438 = EDGE_CURVE('',#439,#320,#441,.T.);
#439 = VERTEX_POINT('',#440);
#440 = CARTESIAN_POINT('',(-1.125,1.9,1.43));
#441 = SEAM_CURVE('',#442,(#446,#453),.PCURVE_S1.);
#442 = LINE('',#443,#444);
#443 = CARTESIAN_POINT('',(-1.125,1.9,1.43));
#444 = VECTOR('',#445,1.);
#445 = DIRECTION('',(-0.,-0.,1.));
#446 = PCURVE('',#340,#447);
#447 = DEFINITIONAL_REPRESENTATION('',(#448),#452);
#448 = LINE('',#449,#450);
#449 = CARTESIAN_POINT('',(0.,0.));
#450 = VECTOR('',#451,1.);
#451 = DIRECTION('',(0.,-1.));
#452 = ( GEOMETRIC_REPRESENTATION_CONTEXT(2) 
PARAMETRIC_REPRESENTATION_CONTEXT() REPRESENTATION_CONTEXT('2D SPACE',''
  ) );
#453 = PCURVE('',#340,#454);
#454 = DEFINITIONAL_REPRESENTATION('',(#455),#459);
#455 = LINE('',#456,#457);
#456 = CARTESIAN_POINT('',(6.28318530718,0.));
#457 = VECTOR('',#458,1.);
#458 = DIRECTION('',(0.,-1.));
#459 = ( GEOMETRIC_REPRESENTATION_CONTEXT(2) 
PARAMETRIC_REPRESENTATION_CONTEXT() REPRESENTATION_CONTEXT('2D SPACE',''
  ) );
#460 = ORIENTED_EDGE('',*,*,#319,.T.);
#461 = ORIENTED_EDGE('',*,*,#438,.F.);
#462 = ORIENTED_EDGE('',*,*,#463,.F.);
#463 = EDGE_CURVE('',#439,#439,#464,.T.);
#464 = SURFACE_CURVE('',#465,(#470,#477),.PCURVE_S1.);
#465 = CIRCLE('',#466,0.25);
#466 = AXIS2_PLACEMENT_3D('',#467,#468,#469);
#467 = CARTESIAN_POINT('',(-1.375,1.9,1.43));
#468 = DIRECTION('',(0.,0.,-1.));
#469 = DIRECTION('',(1.,-0.,-0.));
#470 = PCURVE('',#340,#471);
#471 = DEFINITIONAL_REPRESENTATION('',(#472),#476);
#472 = LINE('',#473,#474);
#473 = CARTESIAN_POINT('',(0.,0.));
#474 = VECTOR('',#475,1.);
#475 = DIRECTION('',(1.,0.));
#476 = ( GEOMETRIC_REPRESENTATION_CONTEXT(2) 
PARAMETRIC_REPRESENTATION_CONTEXT() REPRESENTATION_CONTEXT('2D SPACE',''
  ) );
#477 = PCURVE('',#478,#483);
#478 = PLANE('',#479);
#479 = AXIS2_PLACEMENT_3D('',#480,#481,#482);
#480 = CARTESIAN_POINT('',(-1.375,1.9,1.43));
#481 = DIRECTION('',(-0.,-0.,1.));
#482 = DIRECTION('',(-1.,0.,0.));
#483 = DEFINITIONAL_REPRESENTATION('',(#484),#492);
#484 = ( BOUNDED_CURVE() B_SPLINE_CURVE(2,(#485,#486,#487,#488,#489,#490
,#491),.UNSPECIFIED.,.T.,.F.) B_SPLINE_CURVE_WITH_KNOTS((1,2,2,2,2,1),(
    -2.094395102393,0.,2.094395102393,4.188790204786,6.28318530718,
8.377580409573),.UNSPECIFIED.) CURVE() GEOMETRIC_REPRESENTATION_ITEM() 
RATIONAL_B_SPLINE_CURVE((1.,0.5,1.,0.5,1.,0.5,1.)) REPRESENTATION_ITEM(
  '') );
#485 = CARTESIAN_POINT('',(-0.25,0.));
#486 = CARTESIAN_POINT('',(-0.25,0.433012701892));
#487 = CARTESIAN_POINT('',(0.125,0.216506350946));
#488 = CARTESIAN_POINT('',(0.5,6.123233995737E-17));
#489 = CARTESIAN_POINT('',(0.125,-0.216506350946));
#490 = CARTESIAN_POINT('',(-0.25,-0.433012701892));
#491 = CARTESIAN_POINT('',(-0.25,0.));
#492 = ( GEOMETRIC_REPRESENTATION_CONTEXT(2) 
PARAMETRIC_REPRESENTATION_CONTEXT() REPRESENTATION_CONTEXT('2D SPACE',''
  ) );
#493 = ADVANCED_FACE('',(#494),#478,.T.);
#494 = FACE_BOUND('',#495,.F.);
#495 = EDGE_LOOP('',(#496));
#496 = ORIENTED_EDGE('',*,*,#463,.T.);
#497 = ( GEOMETRIC_REPRESENTATION_CONTEXT(3) 
GLOBAL_UNCERTAINTY_ASSIGNED_CONTEXT((#501)) GLOBAL_UNIT_ASSIGNED_CONTEXT
((#498,#499,#500)) REPRESENTATION_CONTEXT('Context #1',
  '3D Context with UNIT and UNCERTAINTY') );
#498 = ( LENGTH_UNIT() NAMED_UNIT(*) SI_UNIT(.MILLI.,.METRE.) );
#499 = ( NAMED_UNIT(*) PLANE_ANGLE_UNIT() SI_UNIT($,.RADIAN.) );
#500 = ( NAMED_UNIT(*) SI_UNIT($,.STERADIAN.) SOLID_ANGLE_UNIT() );
#501 = UNCERTAINTY_MEASURE_WITH_UNIT(LENGTH_MEASURE(1.E-07),#498,
  'distance_accuracy_value','confusion accuracy');
#502 = CONTEXT_DEPENDENT_SHAPE_REPRESENTATION(#503,#505);
#503 = ( REPRESENTATION_RELATIONSHIP('','',#68,#10) 
REPRESENTATION_RELATIONSHIP_WITH_TRANSFORMATION(#504) 
SHAPE_REPRESENTATION_RELATIONSHIP() );
#504 = ITEM_DEFINED_TRANSFORMATION('','',#11,#15);
#505 = PRODUCT_DEFINITION_SHAPE('Placement','Placement of an item',#506
  );
#506 = NEXT_ASSEMBLY_USAGE_OCCURRENCE('14','body','',#5,#63,$);
#507 = PRODUCT_RELATED_PRODUCT_CATEGORY('part',$,(#65));
#508 = SHAPE_DEFINITION_REPRESENTATION(#509,#515);
#509 = PRODUCT_DEFINITION_SHAPE('','',#510);
#510 = PRODUCT_DEFINITION('design','',#511,#514);
#511 = PRODUCT_DEFINITION_FORMATION('','',#512);
#512 = PRODUCT('pin1_mark','pin1_mark','',(#513));
#513 = PRODUCT_CONTEXT('',#2,'mechanical');
#514 = PRODUCT_DEFINITION_CONTEXT('part definition',#2,'design');
#515 = ADVANCED_BREP_SHAPE_REPRESENTATION('',(#11,#516),#622);
#516 = MANIFOLD_SOLID_BREP('',#517);
#517 = CLOSED_SHELL('',(#518,#614,#618));
#518 = ADVANCED_FACE('',(#519),#533,.T.);
#519 = FACE_BOUND('',#520,.T.);
#520 = EDGE_LOOP('',(#521,#551,#582,#583));
#521 = ORIENTED_EDGE('',*,*,#522,.T.);
#522 = EDGE_CURVE('',#523,#525,#527,.T.);
#523 = VERTEX_POINT('',#524);
#524 = CARTESIAN_POINT('',(-1.125,1.9,1.43));
#525 = VERTEX_POINT('',#526);
#526 = CARTESIAN_POINT('',(-1.125,1.9,1.45));
#527 = SEAM_CURVE('',#528,(#532,#544),.PCURVE_S1.);
#528 = LINE('',#529,#530);
#529 = CARTESIAN_POINT('',(-1.125,1.9,1.43));
#530 = VECTOR('',#531,1.);
#531 = DIRECTION('',(-0.,-0.,1.));
#532 = PCURVE('',#533,#538);
#533 = CYLINDRICAL_SURFACE('',#534,0.25);
#534 = AXIS2_PLACEMENT_3D('',#535,#536,#537);
#535 = CARTESIAN_POINT('',(-1.375,1.9,1.43));
#536 = DIRECTION('',(-0.,0.,-1.));
#537 = DIRECTION('',(1.,-0.,-0.));
#538 = DEFINITIONAL_REPRESENTATION('',(#539),#543);
#539 = LINE('',#540,#541);
#540 = CARTESIAN_POINT('',(0.,0.));
#541 = VECTOR('',#542,1.);
#542 = DIRECTION('',(0.,-1.));
#543 = ( GEOMETRIC_REPRESENTATION_CONTEXT(2) 
PARAMETRIC_REPRESENTATION_CONTEXT() REPRESENTATION_CONTEXT('2D SPACE',''
  ) );
#544 = PCURVE('',#533,#545);
#545 = DEFINITIONAL_REPRESENTATION('',(#546),#550);
#546 = LINE('',#547,#548);
#547 = CARTESIAN_POINT('',(6.28318530718,0.));
#548 = VECTOR('',#549,1.);
#549 = DIRECTION('',(0.,-1.));
#550 = ( GEOMETRIC_REPRESENTATION_CONTEXT(2) 
PARAMETRIC_REPRESENTATION_CONTEXT() REPRESENTATION_CONTEXT('2D SPACE',''
  ) );
#551 = ORIENTED_EDGE('',*,*,#552,.T.);
#552 = EDGE_CURVE('',#525,#525,#553,.T.);
#553 = SURFACE_CURVE('',#554,(#559,#566),.PCURVE_S1.);
#554 = CIRCLE('',#555,0.25);
#555 = AXIS2_PLACEMENT_3D('',#556,#557,#558);
#556 = CARTESIAN_POINT('',(-1.375,1.9,1.45));
#557 = DIRECTION('',(0.,0.,-1.));
#558 = DIRECTION('',(1.,-0.,-0.));
#559 = PCURVE('',#533,#560);
#560 = DEFINITIONAL_REPRESENTATION('',(#561),#565);
#561 = LINE('',#562,#563);
#562 = CARTESIAN_POINT('',(0.,-2.E-02));
#563 = VECTOR('',#564,1.);
#564 = DIRECTION('',(1.,0.));
#565 = ( GEOMETRIC_REPRESENTATION_CONTEXT(2) 
PARAMETRIC_REPRESENTATION_CONTEXT() REPRESENTATION_CONTEXT('2D SPACE',''
  ) );
#566 = PCURVE('',#567,#572);
#567 = PLANE('',#568);
#568 = AXIS2_PLACEMENT_3D('',#569,#570,#571);
#569 = CARTESIAN_POINT('',(-1.375,1.9,1.45));
#570 = DIRECTION('',(-0.,-0.,1.));
#571 = DIRECTION('',(-1.,0.,0.));
#572 = DEFINITIONAL_REPRESENTATION('',(#573),#581);
#573 = ( BOUNDED_CURVE() B_SPLINE_CURVE(2,(#574,#575,#576,#577,#578,#579
,#580),.UNSPECIFIED.,.T.,.F.) B_SPLINE_CURVE_WITH_KNOTS((1,2,2,2,2,1),(
    -2.094395102393,0.,2.094395102393,4.188790204786,6.28318530718,
8.377580409573),.UNSPECIFIED.) CURVE() GEOMETRIC_REPRESENTATION_ITEM() 
RATIONAL_B_SPLINE_CURVE((1.,0.5,1.,0.5,1.,0.5,1.)) REPRESENTATION_ITEM(
  '') );
#574 = CARTESIAN_POINT('',(-0.25,0.));
#575 = CARTESIAN_POINT('',(-0.25,0.433012701892));
#576 = CARTESIAN_POINT('',(0.125,0.216506350946));
#577 = CARTESIAN_POINT('',(0.5,6.123233995737E-17));
#578 = CARTESIAN_POINT('',(0.125,-0.216506350946));
#579 = CARTESIAN_POINT('',(-0.25,-0.433012701892));
#580 = CARTESIAN_POINT('',(-0.25,0.));
#581 = ( GEOMETRIC_REPRESENTATION_CONTEXT(2) 
PARAMETRIC_REPRESENTATION_CONTEXT() REPRESENTATION_CONTEXT('2D SPACE',''
  ) );
#582 = ORIENTED_EDGE('',*,*,#522,.F.);
#583 = ORIENTED_EDGE('',*,*,#584,.F.);
#584 = EDGE_CURVE('',#523,#523,#585,.T.);
#585 = SURFACE_CURVE('',#586,(#591,#598),.PCURVE_S1.);
#586 = CIRCLE('',#587,0.25);
#587 = AXIS2_PLACEMENT_3D('',#588,#589,#590);
#588 = CARTESIAN_POINT('',(-1.375,1.9,1.43));
#589 = DIRECTION('',(0.,0.,-1.));
#590 = DIRECTION('',(1.,-0.,-0.));
#591 = PCURVE('',#533,#592);
#592 = DEFINITIONAL_REPRESENTATION('',(#593),#597);
#593 = LINE('',#594,#595);
#594 = CARTESIAN_POINT('',(0.,0.));
#595 = VECTOR('',#596,1.);
#596 = DIRECTION('',(1.,0.));
#597 = ( GEOMETRIC_REPRESENTATION_CONTEXT(2) 
PARAMETRIC_REPRESENTATION_CONTEXT() REPRESENTATION_CONTEXT('2D SPACE',''
  ) );
#598 = PCURVE('',#599,#604);
#599 = PLANE('',#600);
#600 = AXIS2_PLACEMENT_3D('',#601,#602,#603);
#601 = CARTESIAN_POINT('',(-1.375,1.9,1.43));
#602 = DIRECTION('',(-0.,-0.,1.));
#603 = DIRECTION('',(-1.,0.,0.));
#604 = DEFINITIONAL_REPRESENTATION('',(#605),#613);
#605 = ( BOUNDED_CURVE() B_SPLINE_CURVE(2,(#606,#607,#608,#609,#610,#611
,#612),.UNSPECIFIED.,.T.,.F.) B_SPLINE_CURVE_WITH_KNOTS((1,2,2,2,2,1),(
    -2.094395102393,0.,2.094395102393,4.188790204786,6.28318530718,
8.377580409573),.UNSPECIFIED.) CURVE() GEOMETRIC_REPRESENTATION_ITEM() 
RATIONAL_B_SPLINE_CURVE((1.,0.5,1.,0.5,1.,0.5,1.)) REPRESENTATION_ITEM(
  '') );
#606 = CARTESIAN_POINT('',(-0.25,0.));
#607 = CARTESIAN_POINT('',(-0.25,0.433012701892));
#608 = CARTESIAN_POINT('',(0.125,0.216506350946));
#609 = CARTESIAN_POINT('',(0.5,6.123233995737E-17));
#610 = CARTESIAN_POINT('',(0.125,-0.216506350946));
#611 = CARTESIAN_POINT('',(-0.25,-0.433012701892));
#612 = CARTESIAN_POINT('',(-0.25,0.));
#613 = ( GEOMETRIC_REPRESENTATION_CONTEXT(2) 
PARAMETRIC_REPRESENTATION_CONTEXT() REPRESENTATION_CONTEXT('2D SPACE',''
  ) );
#614 = ADVANCED_FACE('',(#615),#599,.F.);
#615 = FACE_BOUND('',#616,.T.);
#616 = EDGE_LOOP('',(#617));
#617 = ORIENTED_EDGE('',*,*,#584,.T.);
#618 = ADVANCED_FACE('',(#619),#567,.T.);
#619 = FACE_BOUND('',#620,.F.);
#620 = EDGE_LOOP('',(#621));
#621 = ORIENTED_EDGE('',*,*,#552,.T.);
#622 = ( GEOMETRIC_REPRESENTATION_CONTEXT(3) 
GLOBAL_UNCERTAINTY_ASSIGNED_CONTEXT((#626)) GLOBAL_UNIT_ASSIGNED_CONTEXT
((#623,#624,#625)) REPRESENTATION_CONTEXT('Context #1',
  '3D Context with UNIT and UNCERTAINTY') );
#623 = ( LENGTH_UNIT() NAMED_UNIT(*) SI_UNIT(.MILLI.,.METRE.) );
#624 = ( NAMED_UNIT(*) PLANE_ANGLE_UNIT() SI_UNIT($,.RADIAN.) );
#625 = ( NAMED_UNIT(*) SI_UNIT($,.STERADIAN.) SOLID_ANGLE_UNIT() );
#626 = UNCERTAINTY_MEASURE_WITH_UNIT(LENGTH_MEASURE(1.E-07),#623,
  'distance_accuracy_value','confusion accuracy');
#627 = CONTEXT_DEPENDENT_SHAPE_REPRESENTATION(#628,#630);
#628 = ( REPRESENTATION_RELATIONSHIP('','',#515,#10) 
REPRESENTATION_RELATIONSHIP_WITH_TRANSFORMATION(#629) 
SHAPE_REPRESENTATION_RELATIONSHIP() );
#629 = ITEM_DEFINED_TRANSFORMATION('','',#11,#19);
#630 = PRODUCT_DEFINITION_SHAPE('Placement','Placement of an item',#631
  );
#631 = NEXT_ASSEMBLY_USAGE_OCCURRENCE('15','pin1_mark','',#5,#510,$);
#632 = PRODUCT_RELATED_PRODUCT_CATEGORY('part',$,(#512));
#633 = SHAPE_DEFINITION_REPRESENTATION(#634,#640);
#634 = PRODUCT_DEFINITION_SHAPE('','',#635);
#635 = PRODUCT_DEFINITION('design','',#636,#639);
#636 = PRODUCT_DEFINITION_FORMATION('','',#637);
#637 = PRODUCT('pin1','pin1','',(#638));
#638 = PRODUCT_CONTEXT('',#2,'mechanical');
#639 = PRODUCT_DEFINITION_CONTEXT('part definition',#2,'design');
#640 = ADVANCED_BREP_SHAPE_REPRESENTATION('',(#11,#641),#1283);
#641 = MANIFOLD_SOLID_BREP('',#642);
#642 = CLOSED_SHELL('',(#643,#763,#839,#915,#991,#1067,#1143,#1214,#1245
    ,#1272));
#643 = ADVANCED_FACE('',(#644),#658,.T.);
#644 = FACE_BOUND('',#645,.F.);
#645 = EDGE_LOOP('',(#646,#681,#709,#737));
#646 = ORIENTED_EDGE('',*,*,#647,.T.);
#647 = EDGE_CURVE('',#648,#650,#652,.T.);
#648 = VERTEX_POINT('',#649);
#649 = CARTESIAN_POINT('',(-1.925,2.105,0.57));
#650 = VERTEX_POINT('',#651);
#651 = CARTESIAN_POINT('',(-1.9615,2.105,0.57));
#652 = SURFACE_CURVE('',#653,(#657,#669),.PCURVE_S1.);
#653 = LINE('',#654,#655);
#654 = CARTESIAN_POINT('',(-1.925,2.105,0.57));
#655 = VECTOR('',#656,1.);
#656 = DIRECTION('',(-1.,-0.,-0.));
#657 = PCURVE('',#658,#663);
#658 = PLANE('',#659);
#659 = AXIS2_PLACEMENT_3D('',#660,#661,#662);
#660 = CARTESIAN_POINT('',(-1.925,1.905,0.57));
#661 = DIRECTION('',(-0.,0.,-1.));
#662 = DIRECTION('',(1.,0.,0.));
#663 = DEFINITIONAL_REPRESENTATION('',(#664),#668);
#664 = LINE('',#665,#666);
#665 = CARTESIAN_POINT('',(-0.,-0.2));
#666 = VECTOR('',#667,1.);
#667 = DIRECTION('',(-1.,0.));
#668 = ( GEOMETRIC_REPRESENTATION_CONTEXT(2) 
PARAMETRIC_REPRESENTATION_CONTEXT() REPRESENTATION_CONTEXT('2D SPACE',''
  ) );
#669 = PCURVE('',#670,#675);
#670 = PLANE('',#671);
#671 = AXIS2_PLACEMENT_3D('',#672,#673,#674);
#672 = CARTESIAN_POINT('',(-2.393026590766,2.105,0.278923406481));
#673 = DIRECTION('',(-0.,-1.,-0.));
#674 = DIRECTION('',(0.,0.,-1.));
#675 = DEFINITIONAL_REPRESENTATION('',(#676),#680);
#676 = LINE('',#677,#678);
#677 = CARTESIAN_POINT('',(-0.291076593519,0.468026590766));
#678 = VECTOR('',#679,1.);
#679 = DIRECTION('',(-0.,-1.));
#680 = ( GEOMETRIC_REPRESENTATION_CONTEXT(2) 
PARAMETRIC_REPRESENTATION_CONTEXT() REPRESENTATION_CONTEXT('2D SPACE',''
  ) );
#681 = ORIENTED_EDGE('',*,*,#682,.T.);
#682 = EDGE_CURVE('',#650,#683,#685,.T.);
#683 = VERTEX_POINT('',#684);
#684 = CARTESIAN_POINT('',(-1.9615,1.705,0.57));
#685 = SURFACE_CURVE('',#686,(#690,#697),.PCURVE_S1.);
#686 = LINE('',#687,#688);
#687 = CARTESIAN_POINT('',(-1.9615,2.105,0.57));
#688 = VECTOR('',#689,1.);
#689 = DIRECTION('',(-0.,-1.,-0.));
#690 = PCURVE('',#658,#691);
#691 = DEFINITIONAL_REPRESENTATION('',(#692),#696);
#692 = LINE('',#693,#694);
#693 = CARTESIAN_POINT('',(-3.65E-02,-0.2));
#694 = VECTOR('',#695,1.);
#695 = DIRECTION('',(-0.,1.));
#696 = ( GEOMETRIC_REPRESENTATION_CONTEXT(2) 
PARAMETRIC_REPRESENTATION_CONTEXT() REPRESENTATION_CONTEXT('2D SPACE',''
  ) );
#697 = PCURVE('',#698,#703);
#698 = PLANE('',#699);
#699 = AXIS2_PLACEMENT_3D('',#700,#701,#702);
#700 = CARTESIAN_POINT('',(-1.9615,1.905,0.57));
#701 = DIRECTION('',(0.916673306291,-0.,-0.399637397567));
#702 = DIRECTION('',(0.399637397567,0.,0.916673306291));
#703 = DEFINITIONAL_REPRESENTATION('',(#704),#708);
#704 = LINE('',#705,#706);
#705 = CARTESIAN_POINT('',(-0.,-0.2));
#706 = VECTOR('',#707,1.);
#707 = DIRECTION('',(-0.,1.));
#708 = ( GEOMETRIC_REPRESENTATION_CONTEXT(2) 
PARAMETRIC_REPRESENTATION_CONTEXT() REPRESENTATION_CONTEXT('2D SPACE',''
  ) );
#709 = ORIENTED_EDGE('',*,*,#710,.F.);
#710 = EDGE_CURVE('',#711,#683,#713,.T.);
#711 = VERTEX_POINT('',#712);
#712 = CARTESIAN_POINT('',(-1.925,1.705,0.57));
#713 = SURFACE_CURVE('',#714,(#718,#725),.PCURVE_S1.);
#714 = LINE('',#715,#716);
#715 = CARTESIAN_POINT('',(-1.925,1.705,0.57));
#716 = VECTOR('',#717,1.);
#717 = DIRECTION('',(-1.,-0.,-0.));
#718 = PCURVE('',#658,#719);
#719 = DEFINITIONAL_REPRESENTATION('',(#720),#724);
#720 = LINE('',#721,#722);
#721 = CARTESIAN_POINT('',(-0.,0.2));
#722 = VECTOR('',#723,1.);
#723 = DIRECTION('',(-1.,0.));
#724 = ( GEOMETRIC_REPRESENTATION_CONTEXT(2) 
PARAMETRIC_REPRESENTATION_CONTEXT() REPRESENTATION_CONTEXT('2D SPACE',''
  ) );
#725 = PCURVE('',#726,#731);
#726 = PLANE('',#727);
#727 = AXIS2_PLACEMENT_3D('',#728,#729,#730);
#728 = CARTESIAN_POINT('',(-2.393026590766,1.705,0.278923406481));
#729 = DIRECTION('',(-0.,-1.,-0.));
#730 = DIRECTION('',(0.,0.,-1.));
#731 = DEFINITIONAL_REPRESENTATION('',(#732),#736);
#732 = LINE('',#733,#734);
#733 = CARTESIAN_POINT('',(-0.291076593519,0.468026590766));
#734 = VECTOR('',#735,1.);
#735 = DIRECTION('',(-0.,-1.));
#736 = ( GEOMETRIC_REPRESENTATION_CONTEXT(2) 
PARAMETRIC_REPRESENTATION_CONTEXT() REPRESENTATION_CONTEXT('2D SPACE',''
  ) );
#737 = ORIENTED_EDGE('',*,*,#738,.T.);
#738 = EDGE_CURVE('',#711,#648,#739,.T.);
#739 = SURFACE_CURVE('',#740,(#744,#751),.PCURVE_S1.);
#740 = LINE('',#741,#742);
#741 = CARTESIAN_POINT('',(-1.925,1.705,0.57));
#742 = VECTOR('',#743,1.);
#743 = DIRECTION('',(-0.,1.,-0.));
#744 = PCURVE('',#658,#745);
#745 = DEFINITIONAL_REPRESENTATION('',(#746),#750);
#746 = LINE('',#747,#748);
#747 = CARTESIAN_POINT('',(-0.,0.2));
#748 = VECTOR('',#749,1.);
#749 = DIRECTION('',(-0.,-1.));
#750 = ( GEOMETRIC_REPRESENTATION_CONTEXT(2) 
PARAMETRIC_REPRESENTATION_CONTEXT() REPRESENTATION_CONTEXT('2D SPACE',''
  ) );
#751 = PCURVE('',#752,#757);
#752 = PLANE('',#753);
#753 = AXIS2_PLACEMENT_3D('',#754,#755,#756);
#754 = CARTESIAN_POINT('',(-1.925,1.905,0.77));
#755 = DIRECTION('',(1.,-0.,-0.));
#756 = DIRECTION('',(0.,0.,1.));
#757 = DEFINITIONAL_REPRESENTATION('',(#758),#762);
#758 = LINE('',#759,#760);
#759 = CARTESIAN_POINT('',(-0.2,0.2));
#760 = VECTOR('',#761,1.);
#761 = DIRECTION('',(-0.,-1.));
#762 = ( GEOMETRIC_REPRESENTATION_CONTEXT(2) 
PARAMETRIC_REPRESENTATION_CONTEXT() REPRESENTATION_CONTEXT('2D SPACE',''
  ) );
#763 = ADVANCED_FACE('',(#764),#752,.T.);
#764 = FACE_BOUND('',#765,.F.);
#765 = EDGE_LOOP('',(#766,#789,#790,#813));
#766 = ORIENTED_EDGE('',*,*,#767,.T.);
#767 = EDGE_CURVE('',#768,#648,#770,.T.);
#768 = VERTEX_POINT('',#769);
#769 = CARTESIAN_POINT('',(-1.925,2.105,0.77));
#770 = SURFACE_CURVE('',#771,(#775,#782),.PCURVE_S1.);
#771 = LINE('',#772,#773);
#772 = CARTESIAN_POINT('',(-1.925,2.105,0.77));
#773 = VECTOR('',#774,1.);
#774 = DIRECTION('',(-0.,-0.,-1.));
#775 = PCURVE('',#752,#776);
#776 = DEFINITIONAL_REPRESENTATION('',(#777),#781);
#777 = LINE('',#778,#779);
#778 = CARTESIAN_POINT('',(-0.,-0.2));
#779 = VECTOR('',#780,1.);
#780 = DIRECTION('',(-1.,0.));
#781 = ( GEOMETRIC_REPRESENTATION_CONTEXT(2) 
PARAMETRIC_REPRESENTATION_CONTEXT() REPRESENTATION_CONTEXT('2D SPACE',''
  ) );
#782 = PCURVE('',#670,#783);
#783 = DEFINITIONAL_REPRESENTATION('',(#784),#788);
#784 = LINE('',#785,#786);
#785 = CARTESIAN_POINT('',(-0.491076593519,0.468026590766));
#786 = VECTOR('',#787,1.);
#787 = DIRECTION('',(1.,-0.));
#788 = ( GEOMETRIC_REPRESENTATION_CONTEXT(2) 
PARAMETRIC_REPRESENTATION_CONTEXT() REPRESENTATION_CONTEXT('2D SPACE',''
  ) );
#789 = ORIENTED_EDGE('',*,*,#738,.F.);
#790 = ORIENTED_EDGE('',*,*,#791,.F.);
#791 = EDGE_CURVE('',#792,#711,#794,.T.);
#792 = VERTEX_POINT('',#793);
#793 = CARTESIAN_POINT('',(-1.925,1.705,0.77));
#794 = SURFACE_CURVE('',#795,(#799,#806),.PCURVE_S1.);
#795 = LINE('',#796,#797);
#796 = CARTESIAN_POINT('',(-1.925,1.705,0.77));
#797 = VECTOR('',#798,1.);
#798 = DIRECTION('',(-0.,-0.,-1.));
#799 = PCURVE('',#752,#800);
#800 = DEFINITIONAL_REPRESENTATION('',(#801),#805);
#801 = LINE('',#802,#803);
#802 = CARTESIAN_POINT('',(-0.,0.2));
#803 = VECTOR('',#804,1.);
#804 = DIRECTION('',(-1.,0.));
#805 = ( GEOMETRIC_REPRESENTATION_CONTEXT(2) 
PARAMETRIC_REPRESENTATION_CONTEXT() REPRESENTATION_CONTEXT('2D SPACE',''
  ) );
#806 = PCURVE('',#726,#807);
#807 = DEFINITIONAL_REPRESENTATION('',(#808),#812);
#808 = LINE('',#809,#810);
#809 = CARTESIAN_POINT('',(-0.491076593519,0.468026590766));
#810 = VECTOR('',#811,1.);
#811 = DIRECTION('',(1.,-0.));
#812 = ( GEOMETRIC_REPRESENTATION_CONTEXT(2) 
PARAMETRIC_REPRESENTATION_CONTEXT() REPRESENTATION_CONTEXT('2D SPACE',''
  ) );
#813 = ORIENTED_EDGE('',*,*,#814,.T.);
#814 = EDGE_CURVE('',#792,#768,#815,.T.);
#815 = SURFACE_CURVE('',#816,(#820,#827),.PCURVE_S1.);
#816 = LINE('',#817,#818);
#817 = CARTESIAN_POINT('',(-1.925,1.705,0.77));
#818 = VECTOR('',#819,1.);
#819 = DIRECTION('',(-0.,1.,-0.));
#820 = PCURVE('',#752,#821);
#821 = DEFINITIONAL_REPRESENTATION('',(#822),#826);
#822 = LINE('',#823,#824);
#823 = CARTESIAN_POINT('',(-0.,0.2));
#824 = VECTOR('',#825,1.);
#825 = DIRECTION('',(-0.,-1.));
#826 = ( GEOMETRIC_REPRESENTATION_CONTEXT(2) 
PARAMETRIC_REPRESENTATION_CONTEXT() REPRESENTATION_CONTEXT('2D SPACE',''
  ) );
#827 = PCURVE('',#828,#833);
#828 = PLANE('',#829);
#829 = AXIS2_PLACEMENT_3D('',#830,#831,#832);
#830 = CARTESIAN_POINT('',(-2.1015,1.905,0.77));
#831 = DIRECTION('',(-0.,-0.,1.));
#832 = DIRECTION('',(-1.,0.,0.));
#833 = DEFINITIONAL_REPRESENTATION('',(#834),#838);
#834 = LINE('',#835,#836);
#835 = CARTESIAN_POINT('',(-0.1765,0.2));
#836 = VECTOR('',#837,1.);
#837 = DIRECTION('',(-0.,-1.));
#838 = ( GEOMETRIC_REPRESENTATION_CONTEXT(2) 
PARAMETRIC_REPRESENTATION_CONTEXT() REPRESENTATION_CONTEXT('2D SPACE',''
  ) );
#839 = ADVANCED_FACE('',(#840),#828,.T.);
#840 = FACE_BOUND('',#841,.F.);
#841 = EDGE_LOOP('',(#842,#865,#866,#889));
#842 = ORIENTED_EDGE('',*,*,#843,.T.);
#843 = EDGE_CURVE('',#844,#768,#846,.T.);
#844 = VERTEX_POINT('',#845);
#845 = CARTESIAN_POINT('',(-2.1015,2.105,0.77));
#846 = SURFACE_CURVE('',#847,(#851,#858),.PCURVE_S1.);
#847 = LINE('',#848,#849);
#848 = CARTESIAN_POINT('',(-2.1015,2.105,0.77));
#849 = VECTOR('',#850,1.);
#850 = DIRECTION('',(1.,-0.,-0.));
#851 = PCURVE('',#828,#852);
#852 = DEFINITIONAL_REPRESENTATION('',(#853),#857);
#853 = LINE('',#854,#855);
#854 = CARTESIAN_POINT('',(-0.,-0.2));
#855 = VECTOR('',#856,1.);
#856 = DIRECTION('',(-1.,0.));
#857 = ( GEOMETRIC_REPRESENTATION_CONTEXT(2) 
PARAMETRIC_REPRESENTATION_CONTEXT() REPRESENTATION_CONTEXT('2D SPACE',''
  ) );
#858 = PCURVE('',#670,#859);
#859 = DEFINITIONAL_REPRESENTATION('',(#860),#864);
#860 = LINE('',#861,#862);
#861 = CARTESIAN_POINT('',(-0.491076593519,0.291526590766));
#862 = VECTOR('',#863,1.);
#863 = DIRECTION('',(-0.,1.));
#864 = ( GEOMETRIC_REPRESENTATION_CONTEXT(2) 
PARAMETRIC_REPRESENTATION_CONTEXT() REPRESENTATION_CONTEXT('2D SPACE',''
  ) );
#865 = ORIENTED_EDGE('',*,*,#814,.F.);
#866 = ORIENTED_EDGE('',*,*,#867,.F.);
#867 = EDGE_CURVE('',#868,#792,#870,.T.);
#868 = VERTEX_POINT('',#869);
#869 = CARTESIAN_POINT('',(-2.1015,1.705,0.77));
#870 = SURFACE_CURVE('',#871,(#875,#882),.PCURVE_S1.);
#871 = LINE('',#872,#873);
#872 = CARTESIAN_POINT('',(-2.1015,1.705,0.77));
#873 = VECTOR('',#874,1.);
#874 = DIRECTION('',(1.,-0.,-0.));
#875 = PCURVE('',#828,#876);
#876 = DEFINITIONAL_REPRESENTATION('',(#877),#881);
#877 = LINE('',#878,#879);
#878 = CARTESIAN_POINT('',(-0.,0.2));
#879 = VECTOR('',#880,1.);
#880 = DIRECTION('',(-1.,0.));
#881 = ( GEOMETRIC_REPRESENTATION_CONTEXT(2) 
PARAMETRIC_REPRESENTATION_CONTEXT() REPRESENTATION_CONTEXT('2D SPACE',''
  ) );
#882 = PCURVE('',#726,#883);
#883 = DEFINITIONAL_REPRESENTATION('',(#884),#888);
#884 = LINE('',#885,#886);
#885 = CARTESIAN_POINT('',(-0.491076593519,0.291526590766));
#886 = VECTOR('',#887,1.);
#887 = DIRECTION('',(-0.,1.));
#888 = ( GEOMETRIC_REPRESENTATION_CONTEXT(2) 
PARAMETRIC_REPRESENTATION_CONTEXT() REPRESENTATION_CONTEXT('2D SPACE',''
  ) );
#889 = ORIENTED_EDGE('',*,*,#890,.T.);
#890 = EDGE_CURVE('',#868,#844,#891,.T.);
#891 = SURFACE_CURVE('',#892,(#896,#903),.PCURVE_S1.);
#892 = LINE('',#893,#894);
#893 = CARTESIAN_POINT('',(-2.1015,1.705,0.77));
#894 = VECTOR('',#895,1.);
#895 = DIRECTION('',(-0.,1.,-0.));
#896 = PCURVE('',#828,#897);
#897 = DEFINITIONAL_REPRESENTATION('',(#898),#902);
#898 = LINE('',#899,#900);
#899 = CARTESIAN_POINT('',(-0.,0.2));
#900 = VECTOR('',#901,1.);
#901 = DIRECTION('',(-0.,-1.));
#902 = ( GEOMETRIC_REPRESENTATION_CONTEXT(2) 
PARAMETRIC_REPRESENTATION_CONTEXT() REPRESENTATION_CONTEXT('2D SPACE',''
  ) );
#903 = PCURVE('',#904,#909);
#904 = PLANE('',#905);
#905 = AXIS2_PLACEMENT_3D('',#906,#907,#908);
#906 = CARTESIAN_POINT('',(-2.35,1.905,0.2));
#907 = DIRECTION('',(-0.916673306291,-0.,0.399637397567));
#908 = DIRECTION('',(-0.399637397567,0.,-0.916673306291));
#909 = DEFINITIONAL_REPRESENTATION('',(#910),#914);
#910 = LINE('',#911,#912);
#911 = CARTESIAN_POINT('',(-0.621813677881,0.2));
#912 = VECTOR('',#913,1.);
#913 = DIRECTION('',(-0.,-1.));
#914 = ( GEOMETRIC_REPRESENTATION_CONTEXT(2) 
PARAMETRIC_REPRESENTATION_CONTEXT() REPRESENTATION_CONTEXT('2D SPACE',''
  ) );
#915 = ADVANCED_FACE('',(#916),#904,.T.);
#916 = FACE_BOUND('',#917,.F.);
#917 = EDGE_LOOP('',(#918,#948,#969,#970));
#918 = ORIENTED_EDGE('',*,*,#919,.F.);
#919 = EDGE_CURVE('',#920,#922,#924,.T.);
#920 = VERTEX_POINT('',#921);
#921 = CARTESIAN_POINT('',(-2.35,2.105,0.2));
#922 = VERTEX_POINT('',#923);
#923 = CARTESIAN_POINT('',(-2.35,1.705,0.2));
#924 = SURFACE_CURVE('',#925,(#929,#936),.PCURVE_S1.);
#925 = LINE('',#926,#927);
#926 = CARTESIAN_POINT('',(-2.35,2.105,0.2));
#927 = VECTOR('',#928,1.);
#928 = DIRECTION('',(-0.,-1.,-0.));
#929 = PCURVE('',#904,#930);
#930 = DEFINITIONAL_REPRESENTATION('',(#931),#935);
#931 = LINE('',#932,#933);
#932 = CARTESIAN_POINT('',(-0.,-0.2));
#933 = VECTOR('',#934,1.);
#934 = DIRECTION('',(-0.,1.));
#935 = ( GEOMETRIC_REPRESENTATION_CONTEXT(2) 
PARAMETRIC_REPRESENTATION_CONTEXT() REPRESENTATION_CONTEXT('2D SPACE',''
  ) );
#936 = PCURVE('',#937,#942);
#937 = PLANE('',#938);
#938 = AXIS2_PLACEMENT_3D('',#939,#940,#941);
#939 = CARTESIAN_POINT('',(-3.,1.905,0.2));
#940 = DIRECTION('',(-0.,-0.,1.));
#941 = DIRECTION('',(-1.,0.,0.));
#942 = DEFINITIONAL_REPRESENTATION('',(#943),#947);
#943 = LINE('',#944,#945);
#944 = CARTESIAN_POINT('',(-0.65,-0.2));
#945 = VECTOR('',#946,1.);
#946 = DIRECTION('',(-0.,1.));
#947 = ( GEOMETRIC_REPRESENTATION_CONTEXT(2) 
PARAMETRIC_REPRESENTATION_CONTEXT() REPRESENTATION_CONTEXT('2D SPACE',''
  ) );
#948 = ORIENTED_EDGE('',*,*,#949,.T.);
#949 = EDGE_CURVE('',#920,#844,#950,.T.);
#950 = SURFACE_CURVE('',#951,(#955,#962),.PCURVE_S1.);
#951 = LINE('',#952,#953);
#952 = CARTESIAN_POINT('',(-2.35,2.105,0.2));
#953 = VECTOR('',#954,1.);
#954 = DIRECTION('',(0.399637397567,-0.,0.916673306291));
#955 = PCURVE('',#904,#956);
#956 = DEFINITIONAL_REPRESENTATION('',(#957),#961);
#957 = LINE('',#958,#959);
#958 = CARTESIAN_POINT('',(-0.,-0.2));
#959 = VECTOR('',#960,1.);
#960 = DIRECTION('',(-1.,-0.));
#961 = ( GEOMETRIC_REPRESENTATION_CONTEXT(2) 
PARAMETRIC_REPRESENTATION_CONTEXT() REPRESENTATION_CONTEXT('2D SPACE',''
  ) );
#962 = PCURVE('',#670,#963);
#963 = DEFINITIONAL_REPRESENTATION('',(#964),#968);
#964 = LINE('',#965,#966);
#965 = CARTESIAN_POINT('',(7.892340648124E-02,4.302659076564E-02));
#966 = VECTOR('',#967,1.);
#967 = DIRECTION('',(-0.916673306291,0.399637397567));
#968 = ( GEOMETRIC_REPRESENTATION_CONTEXT(2) 
PARAMETRIC_REPRESENTATION_CONTEXT() REPRESENTATION_CONTEXT('2D SPACE',''
  ) );
#969 = ORIENTED_EDGE('',*,*,#890,.F.);
#970 = ORIENTED_EDGE('',*,*,#971,.F.);
#971 = EDGE_CURVE('',#922,#868,#972,.T.);
#972 = SURFACE_CURVE('',#973,(#977,#984),.PCURVE_S1.);
#973 = LINE('',#974,#975);
#974 = CARTESIAN_POINT('',(-2.35,1.705,0.2));
#975 = VECTOR('',#976,1.);
#976 = DIRECTION('',(0.399637397567,-0.,0.916673306291));
#977 = PCURVE('',#904,#978);
#978 = DEFINITIONAL_REPRESENTATION('',(#979),#983);
#979 = LINE('',#980,#981);
#980 = CARTESIAN_POINT('',(-0.,0.2));
#981 = VECTOR('',#982,1.);
#982 = DIRECTION('',(-1.,-0.));
#983 = ( GEOMETRIC_REPRESENTATION_CONTEXT(2) 
PARAMETRIC_REPRESENTATION_CONTEXT() REPRESENTATION_CONTEXT('2D SPACE',''
  ) );
#984 = PCURVE('',#726,#985);
#985 = DEFINITIONAL_REPRESENTATION('',(#986),#990);
#986 = LINE('',#987,#988);
#987 = CARTESIAN_POINT('',(7.892340648124E-02,4.302659076564E-02));
#988 = VECTOR('',#989,1.);
#989 = DIRECTION('',(-0.916673306291,0.399637397567));
#990 = ( GEOMETRIC_REPRESENTATION_CONTEXT(2) 
PARAMETRIC_REPRESENTATION_CONTEXT() REPRESENTATION_CONTEXT('2D SPACE',''
  ) );
#991 = ADVANCED_FACE('',(#992),#937,.T.);
#992 = FACE_BOUND('',#993,.F.);
#993 = EDGE_LOOP('',(#994,#1024,#1045,#1046));
#994 = ORIENTED_EDGE('',*,*,#995,.F.);
#995 = EDGE_CURVE('',#996,#998,#1000,.T.);
#996 = VERTEX_POINT('',#997);
#997 = CARTESIAN_POINT('',(-3.,2.105,0.2));
#998 = VERTEX_POINT('',#999);
#999 = CARTESIAN_POINT('',(-3.,1.705,0.2));
#1000 = SURFACE_CURVE('',#1001,(#1005,#1012),.PCURVE_S1.);
#1001 = LINE('',#1002,#1003);
#1002 = CARTESIAN_POINT('',(-3.,2.105,0.2));
#1003 = VECTOR('',#1004,1.);
#1004 = DIRECTION('',(-0.,-1.,-0.));
#1005 = PCURVE('',#937,#1006);
#1006 = DEFINITIONAL_REPRESENTATION('',(#1007),#1011);
#1007 = LINE('',#1008,#1009);
#1008 = CARTESIAN_POINT('',(-0.,-0.2));
#1009 = VECTOR('',#1010,1.);
#1010 = DIRECTION('',(-0.,1.));
#1011 = ( GEOMETRIC_REPRESENTATION_CONTEXT(2) 
PARAMETRIC_REPRESENTATION_CONTEXT() REPRESENTATION_CONTEXT('2D SPACE',''
  ) );
#1012 = PCURVE('',#1013,#1018);
#1013 = PLANE('',#1014);
#1014 = AXIS2_PLACEMENT_3D('',#1015,#1016,#1017);
#1015 = CARTESIAN_POINT('',(-3.,1.905,0.));
#1016 = DIRECTION('',(-1.,-0.,-0.));
#1017 = DIRECTION('',(0.,0.,-1.));
#1018 = DEFINITIONAL_REPRESENTATION('',(#1019),#1023);
#1019 = LINE('',#1020,#1021);
#1020 = CARTESIAN_POINT('',(-0.2,-0.2));
#1021 = VECTOR('',#1022,1.);
#1022 = DIRECTION('',(-0.,1.));
#1023 = ( GEOMETRIC_REPRESENTATION_CONTEXT(2) 
PARAMETRIC_REPRESENTATION_CONTEXT() REPRESENTATION_CONTEXT('2D SPACE',''
  ) );
#1024 = ORIENTED_EDGE('',*,*,#1025,.T.);
#1025 = EDGE_CURVE('',#996,#920,#1026,.T.);
#1026 = SURFACE_CURVE('',#1027,(#1031,#1038),.PCURVE_S1.);
#1027 = LINE('',#1028,#1029);
#1028 = CARTESIAN_POINT('',(-3.,2.105,0.2));
#1029 = VECTOR('',#1030,1.);
#1030 = DIRECTION('',(1.,-0.,-0.));
#1031 = PCURVE('',#937,#1032);
#1032 = DEFINITIONAL_REPRESENTATION('',(#1033),#1037);
#1033 = LINE('',#1034,#1035);
#1034 = CARTESIAN_POINT('',(-0.,-0.2));
#1035 = VECTOR('',#1036,1.);
#1036 = DIRECTION('',(-1.,0.));
#1037 = ( GEOMETRIC_REPRESENTATION_CONTEXT(2) 
PARAMETRIC_REPRESENTATION_CONTEXT() REPRESENTATION_CONTEXT('2D SPACE',''
  ) );
#1038 = PCURVE('',#670,#1039);
#1039 = DEFINITIONAL_REPRESENTATION('',(#1040),#1044);
#1040 = LINE('',#1041,#1042);
#1041 = CARTESIAN_POINT('',(7.892340648124E-02,-0.606973409234));
#1042 = VECTOR('',#1043,1.);
#1043 = DIRECTION('',(-0.,1.));
#1044 = ( GEOMETRIC_REPRESENTATION_CONTEXT(2) 
PARAMETRIC_REPRESENTATION_CONTEXT() REPRESENTATION_CONTEXT('2D SPACE',''
  ) );
#1045 = ORIENTED_EDGE('',*,*,#919,.T.);
#1046 = ORIENTED_EDGE('',*,*,#1047,.F.);
#1047 = EDGE_CURVE('',#998,#922,#1048,.T.);
#1048 = SURFACE_CURVE('',#1049,(#1053,#1060),.PCURVE_S1.);
#1049 = LINE('',#1050,#1051);
#1050 = CARTESIAN_POINT('',(-3.,1.705,0.2));
#1051 = VECTOR('',#1052,1.);
#1052 = DIRECTION('',(1.,-0.,-0.));
#1053 = PCURVE('',#937,#1054);
#1054 = DEFINITIONAL_REPRESENTATION('',(#1055),#1059);
#1055 = LINE('',#1056,#1057);
#1056 = CARTESIAN_POINT('',(-0.,0.2));
#1057 = VECTOR('',#1058,1.);
#1058 = DIRECTION('',(-1.,0.));
#1059 = ( GEOMETRIC_REPRESENTATION_CONTEXT(2) 
PARAMETRIC_REPRESENTATION_CONTEXT() REPRESENTATION_CONTEXT('2D SPACE',''
  ) );
#1060 = PCURVE('',#726,#1061);
#1061 = DEFINITIONAL_REPRESENTATION('',(#1062),#1066);
#1062 = LINE('',#1063,#1064);
#1063 = CARTESIAN_POINT('',(7.892340648124E-02,-0.606973409234));
#1064 = VECTOR('',#1065,1.);
#1065 = DIRECTION('',(-0.,1.));
#1066 = ( GEOMETRIC_REPRESENTATION_CONTEXT(2) 
PARAMETRIC_REPRESENTATION_CONTEXT() REPRESENTATION_CONTEXT('2D SPACE',''
  ) );
#1067 = ADVANCED_FACE('',(#1068),#1013,.T.);
#1068 = FACE_BOUND('',#1069,.F.);
#1069 = EDGE_LOOP('',(#1070,#1100,#1121,#1122));
#1070 = ORIENTED_EDGE('',*,*,#1071,.F.);
#1071 = EDGE_CURVE('',#1072,#1074,#1076,.T.);
#1072 = VERTEX_POINT('',#1073);
#1073 = CARTESIAN_POINT('',(-3.,2.105,0.));
#1074 = VERTEX_POINT('',#1075);
#1075 = CARTESIAN_POINT('',(-3.,1.705,0.));
#1076 = SURFACE_CURVE('',#1077,(#1081,#1088),.PCURVE_S1.);
#1077 = LINE('',#1078,#1079);
#1078 = CARTESIAN_POINT('',(-3.,2.105,0.));
#1079 = VECTOR('',#1080,1.);
#1080 = DIRECTION('',(-0.,-1.,-0.));
#1081 = PCURVE('',#1013,#1082);
#1082 = DEFINITIONAL_REPRESENTATION('',(#1083),#1087);
#1083 = LINE('',#1084,#1085);
#1084 = CARTESIAN_POINT('',(-0.,-0.2));
#1085 = VECTOR('',#1086,1.);
#1086 = DIRECTION('',(-0.,1.));
#1087 = ( GEOMETRIC_REPRESENTATION_CONTEXT(2) 
PARAMETRIC_REPRESENTATION_CONTEXT() REPRESENTATION_CONTEXT('2D SPACE',''
  ) );
#1088 = PCURVE('',#1089,#1094);
#1089 = PLANE('',#1090);
#1090 = AXIS2_PLACEMENT_3D('',#1091,#1092,#1093);
#1091 = CARTESIAN_POINT('',(-2.21,1.905,0.));
#1092 = DIRECTION('',(-0.,0.,-1.));
#1093 = DIRECTION('',(1.,0.,0.));
#1094 = DEFINITIONAL_REPRESENTATION('',(#1095),#1099);
#1095 = LINE('',#1096,#1097);
#1096 = CARTESIAN_POINT('',(-0.79,-0.2));
#1097 = VECTOR('',#1098,1.);
#1098 = DIRECTION('',(-0.,1.));
#1099 = ( GEOMETRIC_REPRESENTATION_CONTEXT(2) 
PARAMETRIC_REPRESENTATION_CONTEXT() REPRESENTATION_CONTEXT('2D SPACE',''
  ) );
#1100 = ORIENTED_EDGE('',*,*,#1101,.T.);
#1101 = EDGE_CURVE('',#1072,#996,#1102,.T.);
#1102 = SURFACE_CURVE('',#1103,(#1107,#1114),.PCURVE_S1.);
#1103 = LINE('',#1104,#1105);
#1104 = CARTESIAN_POINT('',(-3.,2.105,0.));
#1105 = VECTOR('',#1106,1.);
#1106 = DIRECTION('',(-0.,-0.,1.));
#1107 = PCURVE('',#1013,#1108);
#1108 = DEFINITIONAL_REPRESENTATION('',(#1109),#1113);
#1109 = LINE('',#1110,#1111);
#1110 = CARTESIAN_POINT('',(-0.,-0.2));
#1111 = VECTOR('',#1112,1.);
#1112 = DIRECTION('',(-1.,-0.));
#1113 = ( GEOMETRIC_REPRESENTATION_CONTEXT(2) 
PARAMETRIC_REPRESENTATION_CONTEXT() REPRESENTATION_CONTEXT('2D SPACE',''
  ) );
#1114 = PCURVE('',#670,#1115);
#1115 = DEFINITIONAL_REPRESENTATION('',(#1116),#1120);
#1116 = LINE('',#1117,#1118);
#1117 = CARTESIAN_POINT('',(0.278923406481,-0.606973409234));
#1118 = VECTOR('',#1119,1.);
#1119 = DIRECTION('',(-1.,0.));
#1120 = ( GEOMETRIC_REPRESENTATION_CONTEXT(2) 
PARAMETRIC_REPRESENTATION_CONTEXT() REPRESENTATION_CONTEXT('2D SPACE',''
  ) );
#1121 = ORIENTED_EDGE('',*,*,#995,.T.);
#1122 = ORIENTED_EDGE('',*,*,#1123,.F.);
#1123 = EDGE_CURVE('',#1074,#998,#1124,.T.);
#1124 = SURFACE_CURVE('',#1125,(#1129,#1136),.PCURVE_S1.);
#1125 = LINE('',#1126,#1127);
#1126 = CARTESIAN_POINT('',(-3.,1.705,0.));
#1127 = VECTOR('',#1128,1.);
#1128 = DIRECTION('',(-0.,-0.,1.));
#1129 = PCURVE('',#1013,#1130);
#1130 = DEFINITIONAL_REPRESENTATION('',(#1131),#1135);
#1131 = LINE('',#1132,#1133);
#1132 = CARTESIAN_POINT('',(-0.,0.2));
#1133 = VECTOR('',#1134,1.);
#1134 = DIRECTION('',(-1.,-0.));
#1135 = ( GEOMETRIC_REPRESENTATION_CONTEXT(2) 
PARAMETRIC_REPRESENTATION_CONTEXT() REPRESENTATION_CONTEXT('2D SPACE',''
  ) );
#1136 = PCURVE('',#726,#1137);
#1137 = DEFINITIONAL_REPRESENTATION('',(#1138),#1142);
#1138 = LINE('',#1139,#1140);
#1139 = CARTESIAN_POINT('',(0.278923406481,-0.606973409234));
#1140 = VECTOR('',#1141,1.);
#1141 = DIRECTION('',(-1.,0.));
#1142 = ( GEOMETRIC_REPRESENTATION_CONTEXT(2) 
PARAMETRIC_REPRESENTATION_CONTEXT() REPRESENTATION_CONTEXT('2D SPACE',''
  ) );
#1143 = ADVANCED_FACE('',(#1144),#1089,.T.);
#1144 = FACE_BOUND('',#1145,.F.);
#1145 = EDGE_LOOP('',(#1146,#1171,#1192,#1193));
#1146 = ORIENTED_EDGE('',*,*,#1147,.F.);
#1147 = EDGE_CURVE('',#1148,#1150,#1152,.T.);
#1148 = VERTEX_POINT('',#1149);
#1149 = CARTESIAN_POINT('',(-2.21,2.105,0.));
#1150 = VERTEX_POINT('',#1151);
#1151 = CARTESIAN_POINT('',(-2.21,1.705,0.));
#1152 = SURFACE_CURVE('',#1153,(#1157,#1164),.PCURVE_S1.);
#1153 = LINE('',#1154,#1155);
#1154 = CARTESIAN_POINT('',(-2.21,2.105,0.));
#1155 = VECTOR('',#1156,1.);
#1156 = DIRECTION('',(-0.,-1.,-0.));
#1157 = PCURVE('',#1089,#1158);
#1158 = DEFINITIONAL_REPRESENTATION('',(#1159),#1163);
#1159 = LINE('',#1160,#1161);
#1160 = CARTESIAN_POINT('',(-0.,-0.2));
#1161 = VECTOR('',#1162,1.);
#1162 = DIRECTION('',(-0.,1.));
#1163 = ( GEOMETRIC_REPRESENTATION_CONTEXT(2) 
PARAMETRIC_REPRESENTATION_CONTEXT() REPRESENTATION_CONTEXT('2D SPACE',''
  ) );
#1164 = PCURVE('',#698,#1165);
#1165 = DEFINITIONAL_REPRESENTATION('',(#1166),#1170);
#1166 = LINE('',#1167,#1168);
#1167 = CARTESIAN_POINT('',(-0.621813677881,-0.2));
#1168 = VECTOR('',#1169,1.);
#1169 = DIRECTION('',(-0.,1.));
#1170 = ( GEOMETRIC_REPRESENTATION_CONTEXT(2) 
PARAMETRIC_REPRESENTATION_CONTEXT() REPRESENTATION_CONTEXT('2D SPACE',''
  ) );
#1171 = ORIENTED_EDGE('',*,*,#1172,.T.);
#1172 = EDGE_CURVE('',#1148,#1072,#1173,.T.);
#1173 = SURFACE_CURVE('',#1174,(#1178,#1185),.PCURVE_S1.);
#1174 = LINE('',#1175,#1176);
#1175 = CARTESIAN_POINT('',(-2.21,2.105,0.));
#1176 = VECTOR('',#1177,1.);
#1177 = DIRECTION('',(-1.,-0.,-0.));
#1178 = PCURVE('',#1089,#1179);
#1179 = DEFINITIONAL_REPRESENTATION('',(#1180),#1184);
#1180 = LINE('',#1181,#1182);
#1181 = CARTESIAN_POINT('',(-0.,-0.2));
#1182 = VECTOR('',#1183,1.);
#1183 = DIRECTION('',(-1.,0.));
#1184 = ( GEOMETRIC_REPRESENTATION_CONTEXT(2) 
PARAMETRIC_REPRESENTATION_CONTEXT() REPRESENTATION_CONTEXT('2D SPACE',''
  ) );
#1185 = PCURVE('',#670,#1186);
#1186 = DEFINITIONAL_REPRESENTATION('',(#1187),#1191);
#1187 = LINE('',#1188,#1189);
#1188 = CARTESIAN_POINT('',(0.278923406481,0.183026590766));
#1189 = VECTOR('',#1190,1.);
#1190 = DIRECTION('',(-0.,-1.));
#1191 = ( GEOMETRIC_REPRESENTATION_CONTEXT(2) 
PARAMETRIC_REPRESENTATION_CONTEXT() REPRESENTATION_CONTEXT('2D SPACE',''
  ) );
#1192 = ORIENTED_EDGE('',*,*,#1071,.T.);
#1193 = ORIENTED_EDGE('',*,*,#1194,.F.);
#1194 = EDGE_CURVE('',#1150,#1074,#1195,.T.);
#1195 = SURFACE_CURVE('',#1196,(#1200,#1207),.PCURVE_S1.);
#1196 = LINE('',#1197,#1198);
#1197 = CARTESIAN_POINT('',(-2.21,1.705,0.));
#1198 = VECTOR('',#1199,1.);
#1199 = DIRECTION('',(-1.,-0.,-0.));
#1200 = PCURVE('',#1089,#1201);
#1201 = DEFINITIONAL_REPRESENTATION('',(#1202),#1206);
#1202 = LINE('',#1203,#1204);
#1203 = CARTESIAN_POINT('',(-0.,0.2));
#1204 = VECTOR('',#1205,1.);
#1205 = DIRECTION('',(-1.,0.));
#1206 = ( GEOMETRIC_REPRESENTATION_CONTEXT(2) 
PARAMETRIC_REPRESENTATION_CONTEXT() REPRESENTATION_CONTEXT('2D SPACE',''
  ) );
#1207 = PCURVE('',#726,#1208);
#1208 = DEFINITIONAL_REPRESENTATION('',(#1209),#1213);
#1209 = LINE('',#1210,#1211);
#1210 = CARTESIAN_POINT('',(0.278923406481,0.183026590766));
#1211 = VECTOR('',#1212,1.);
#1212 = DIRECTION('',(-0.,-1.));
#1213 = ( GEOMETRIC_REPRESENTATION_CONTEXT(2) 
PARAMETRIC_REPRESENTATION_CONTEXT() REPRESENTATION_CONTEXT('2D SPACE',''
  ) );
#1214 = ADVANCED_FACE('',(#1215),#726,.T.);
#1215 = FACE_BOUND('',#1216,.F.);
#1216 = EDGE_LOOP('',(#1217,#1218,#1239,#1240,#1241,#1242,#1243,#1244));
#1217 = ORIENTED_EDGE('',*,*,#710,.T.);
#1218 = ORIENTED_EDGE('',*,*,#1219,.T.);
#1219 = EDGE_CURVE('',#683,#1150,#1220,.T.);
#1220 = SURFACE_CURVE('',#1221,(#1225,#1232),.PCURVE_S1.);
#1221 = LINE('',#1222,#1223);
#1222 = CARTESIAN_POINT('',(-1.9615,1.705,0.57));
#1223 = VECTOR('',#1224,1.);
#1224 = DIRECTION('',(-0.399637397567,-0.,-0.916673306291));
#1225 = PCURVE('',#726,#1226);
#1226 = DEFINITIONAL_REPRESENTATION('',(#1227),#1231);
#1227 = LINE('',#1228,#1229);
#1228 = CARTESIAN_POINT('',(-0.291076593519,0.431526590766));
#1229 = VECTOR('',#1230,1.);
#1230 = DIRECTION('',(0.916673306291,-0.399637397567));
#1231 = ( GEOMETRIC_REPRESENTATION_CONTEXT(2) 
PARAMETRIC_REPRESENTATION_CONTEXT() REPRESENTATION_CONTEXT('2D SPACE',''
  ) );
#1232 = PCURVE('',#698,#1233);
#1233 = DEFINITIONAL_REPRESENTATION('',(#1234),#1238);
#1234 = LINE('',#1235,#1236);
#1235 = CARTESIAN_POINT('',(-0.,0.2));
#1236 = VECTOR('',#1237,1.);
#1237 = DIRECTION('',(-1.,0.));
#1238 = ( GEOMETRIC_REPRESENTATION_CONTEXT(2) 
PARAMETRIC_REPRESENTATION_CONTEXT() REPRESENTATION_CONTEXT('2D SPACE',''
  ) );
#1239 = ORIENTED_EDGE('',*,*,#1194,.T.);
#1240 = ORIENTED_EDGE('',*,*,#1123,.T.);
#1241 = ORIENTED_EDGE('',*,*,#1047,.T.);
#1242 = ORIENTED_EDGE('',*,*,#971,.T.);
#1243 = ORIENTED_EDGE('',*,*,#867,.T.);
#1244 = ORIENTED_EDGE('',*,*,#791,.T.);
#1245 = ADVANCED_FACE('',(#1246),#698,.T.);
#1246 = FACE_BOUND('',#1247,.F.);
#1247 = EDGE_LOOP('',(#1248,#1249,#1270,#1271));
#1248 = ORIENTED_EDGE('',*,*,#682,.F.);
#1249 = ORIENTED_EDGE('',*,*,#1250,.T.);
#1250 = EDGE_CURVE('',#650,#1148,#1251,.T.);
#1251 = SURFACE_CURVE('',#1252,(#1256,#1263),.PCURVE_S1.);
#1252 = LINE('',#1253,#1254);
#1253 = CARTESIAN_POINT('',(-1.9615,2.105,0.57));
#1254 = VECTOR('',#1255,1.);
#1255 = DIRECTION('',(-0.399637397567,-0.,-0.916673306291));
#1256 = PCURVE('',#698,#1257);
#1257 = DEFINITIONAL_REPRESENTATION('',(#1258),#1262);
#1258 = LINE('',#1259,#1260);
#1259 = CARTESIAN_POINT('',(-0.,-0.2));
#1260 = VECTOR('',#1261,1.);
#1261 = DIRECTION('',(-1.,0.));
#1262 = ( GEOMETRIC_REPRESENTATION_CONTEXT(2) 
PARAMETRIC_REPRESENTATION_CONTEXT() REPRESENTATION_CONTEXT('2D SPACE',''
  ) );
#1263 = PCURVE('',#670,#1264);
#1264 = DEFINITIONAL_REPRESENTATION('',(#1265),#1269);
#1265 = LINE('',#1266,#1267);
#1266 = CARTESIAN_POINT('',(-0.291076593519,0.431526590766));
#1267 = VECTOR('',#1268,1.);
#1268 = DIRECTION('',(0.916673306291,-0.399637397567));
#1269 = ( GEOMETRIC_REPRESENTATION_CONTEXT(2) 
PARAMETRIC_REPRESENTATION_CONTEXT() REPRESENTATION_CONTEXT('2D SPACE',''
  ) );
#1270 = ORIENTED_EDGE('',*,*,#1147,.T.);
#1271 = ORIENTED_EDGE('',*,*,#1219,.F.);
#1272 = ADVANCED_FACE('',(#1273),#670,.F.);
#1273 = FACE_BOUND('',#1274,.T.);
#1274 = EDGE_LOOP('',(#1275,#1276,#1277,#1278,#1279,#1280,#1281,#1282));
#1275 = ORIENTED_EDGE('',*,*,#647,.T.);
#1276 = ORIENTED_EDGE('',*,*,#1250,.T.);
#1277 = ORIENTED_EDGE('',*,*,#1172,.T.);
#1278 = ORIENTED_EDGE('',*,*,#1101,.T.);
#1279 = ORIENTED_EDGE('',*,*,#1025,.T.);
#1280 = ORIENTED_EDGE('',*,*,#949,.T.);
#1281 = ORIENTED_EDGE('',*,*,#843,.T.);
#1282 = ORIENTED_EDGE('',*,*,#767,.T.);
#1283 = ( GEOMETRIC_REPRESENTATION_CONTEXT(3) 
GLOBAL_UNCERTAINTY_ASSIGNED_CONTEXT((#1287)) 
GLOBAL_UNIT_ASSIGNED_CONTEXT((#1284,#1285,#1286)) REPRESENTATION_CONTEXT
('Context #1','3D Context with UNIT and UNCERTAINTY') );
#1284 = ( LENGTH_UNIT() NAMED_UNIT(*) SI_UNIT(.MILLI.,.METRE.) );
#1285 = ( NAMED_UNIT(*) PLANE_ANGLE_UNIT() SI_UNIT($,.RADIAN.) );
#1286 = ( NAMED_UNIT(*) SI_UNIT($,.STERADIAN.) SOLID_ANGLE_UNIT() );
#1287 = UNCERTAINTY_MEASURE_WITH_UNIT(LENGTH_MEASURE(1.E-07),#1284,
  'distance_accuracy_value','confusion accuracy');
#1288 = CONTEXT_DEPENDENT_SHAPE_REPRESENTATION(#1289,#1291);
#1289 = ( REPRESENTATION_RELATIONSHIP('','',#640,#10) 
REPRESENTATION_RELATIONSHIP_WITH_TRANSFORMATION(#1290) 
SHAPE_REPRESENTATION_RELATIONSHIP() );
#1290 = ITEM_DEFINED_TRANSFORMATION('','',#11,#23);
#1291 = PRODUCT_DEFINITION_SHAPE('Placement','Placement of an item',
  #1292);
#1292 = NEXT_ASSEMBLY_USAGE_OCCURRENCE('16','pin1','',#5,#635,$);
#1293 = PRODUCT_RELATED_PRODUCT_CATEGORY('part',$,(#637));
#1294 = SHAPE_DEFINITION_REPRESENTATION(#1295,#1301);
#1295 = PRODUCT_DEFINITION_SHAPE('','',#1296);
#1296 = PRODUCT_DEFINITION('design','',#1297,#1300);
#1297 = PRODUCT_DEFINITION_FORMATION('','',#1298);
#1298 = PRODUCT('pin2','pin2','',(#1299));
#1299 = PRODUCT_CONTEXT('',#2,'mechanical');
#1300 = PRODUCT_DEFINITION_CONTEXT('part definition',#2,'design');
#1301 = ADVANCED_BREP_SHAPE_REPRESENTATION('',(#11,#1302),#1944);
#1302 = MANIFOLD_SOLID_BREP('',#1303);
#1303 = CLOSED_SHELL('',(#1304,#1424,#1500,#1576,#1652,#1728,#1804,#1875
    ,#1906,#1933));
#1304 = ADVANCED_FACE('',(#1305),#1319,.T.);
#1305 = FACE_BOUND('',#1306,.F.);
#1306 = EDGE_LOOP('',(#1307,#1342,#1370,#1398));
#1307 = ORIENTED_EDGE('',*,*,#1308,.T.);
#1308 = EDGE_CURVE('',#1309,#1311,#1313,.T.);
#1309 = VERTEX_POINT('',#1310);
#1310 = CARTESIAN_POINT('',(-1.925,0.835,0.57));
#1311 = VERTEX_POINT('',#1312);
#1312 = CARTESIAN_POINT('',(-1.9615,0.835,0.57));
#1313 = SURFACE_CURVE('',#1314,(#1318,#1330),.PCURVE_S1.);
#1314 = LINE('',#1315,#1316);
#1315 = CARTESIAN_POINT('',(-1.925,0.835,0.57));
#1316 = VECTOR('',#1317,1.);
#1317 = DIRECTION('',(-1.,-0.,-0.));
#1318 = PCURVE('',#1319,#1324);
#1319 = PLANE('',#1320);
#1320 = AXIS2_PLACEMENT_3D('',#1321,#1322,#1323);
#1321 = CARTESIAN_POINT('',(-1.925,0.635,0.57));
#1322 = DIRECTION('',(-0.,0.,-1.));
#1323 = DIRECTION('',(1.,0.,0.));
#1324 = DEFINITIONAL_REPRESENTATION('',(#1325),#1329);
#1325 = LINE('',#1326,#1327);
#1326 = CARTESIAN_POINT('',(-0.,-0.2));
#1327 = VECTOR('',#1328,1.);
#1328 = DIRECTION('',(-1.,0.));
#1329 = ( GEOMETRIC_REPRESENTATION_CONTEXT(2) 
PARAMETRIC_REPRESENTATION_CONTEXT() REPRESENTATION_CONTEXT('2D SPACE',''
  ) );
#1330 = PCURVE('',#1331,#1336);
#1331 = PLANE('',#1332);
#1332 = AXIS2_PLACEMENT_3D('',#1333,#1334,#1335);
#1333 = CARTESIAN_POINT('',(-2.393026590766,0.835,0.278923406481));
#1334 = DIRECTION('',(-0.,-1.,-0.));
#1335 = DIRECTION('',(0.,0.,-1.));
#1336 = DEFINITIONAL_REPRESENTATION('',(#1337),#1341);
#1337 = LINE('',#1338,#1339);
#1338 = CARTESIAN_POINT('',(-0.291076593519,0.468026590766));
#1339 = VECTOR('',#1340,1.);
#1340 = DIRECTION('',(-0.,-1.));
#1341 = ( GEOMETRIC_REPRESENTATION_CONTEXT(2) 
PARAMETRIC_REPRESENTATION_CONTEXT() REPRESENTATION_CONTEXT('2D SPACE',''
  ) );
#1342 = ORIENTED_EDGE('',*,*,#1343,.T.);
#1343 = EDGE_CURVE('',#1311,#1344,#1346,.T.);
#1344 = VERTEX_POINT('',#1345);
#1345 = CARTESIAN_POINT('',(-1.9615,0.435,0.57));
#1346 = SURFACE_CURVE('',#1347,(#1351,#1358),.PCURVE_S1.);
#1347 = LINE('',#1348,#1349);
#1348 = CARTESIAN_POINT('',(-1.9615,0.835,0.57));
#1349 = VECTOR('',#1350,1.);
#1350 = DIRECTION('',(-0.,-1.,-0.));
#1351 = PCURVE('',#1319,#1352);
#1352 = DEFINITIONAL_REPRESENTATION('',(#1353),#1357);
#1353 = LINE('',#1354,#1355);
#1354 = CARTESIAN_POINT('',(-3.65E-02,-0.2));
#1355 = VECTOR('',#1356,1.);
#1356 = DIRECTION('',(-0.,1.));
#1357 = ( GEOMETRIC_REPRESENTATION_CONTEXT(2) 
PARAMETRIC_REPRESENTATION_CONTEXT() REPRESENTATION_CONTEXT('2D SPACE',''
  ) );
#1358 = PCURVE('',#1359,#1364);
#1359 = PLANE('',#1360);
#1360 = AXIS2_PLACEMENT_3D('',#1361,#1362,#1363);
#1361 = CARTESIAN_POINT('',(-1.9615,0.635,0.57));
#1362 = DIRECTION('',(0.916673306291,-0.,-0.399637397567));
#1363 = DIRECTION('',(0.399637397567,0.,0.916673306291));
#1364 = DEFINITIONAL_REPRESENTATION('',(#1365),#1369);
#1365 = LINE('',#1366,#1367);
#1366 = CARTESIAN_POINT('',(-0.,-0.2));
#1367 = VECTOR('',#1368,1.);
#1368 = DIRECTION('',(-0.,1.));
#1369 = ( GEOMETRIC_REPRESENTATION_CONTEXT(2) 
PARAMETRIC_REPRESENTATION_CONTEXT() REPRESENTATION_CONTEXT('2D SPACE',''
  ) );
#1370 = ORIENTED_EDGE('',*,*,#1371,.F.);
#1371 = EDGE_CURVE('',#1372,#1344,#1374,.T.);
#1372 = VERTEX_POINT('',#1373);
#1373 = CARTESIAN_POINT('',(-1.925,0.435,0.57));
#1374 = SURFACE_CURVE('',#1375,(#1379,#1386),.PCURVE_S1.);
#1375 = LINE('',#1376,#1377);
#1376 = CARTESIAN_POINT('',(-1.925,0.435,0.57));
#1377 = VECTOR('',#1378,1.);
#1378 = DIRECTION('',(-1.,-0.,-0.));
#1379 = PCURVE('',#1319,#1380);
#1380 = DEFINITIONAL_REPRESENTATION('',(#1381),#1385);
#1381 = LINE('',#1382,#1383);
#1382 = CARTESIAN_POINT('',(-0.,0.2));
#1383 = VECTOR('',#1384,1.);
#1384 = DIRECTION('',(-1.,0.));
#1385 = ( GEOMETRIC_REPRESENTATION_CONTEXT(2) 
PARAMETRIC_REPRESENTATION_CONTEXT() REPRESENTATION_CONTEXT('2D SPACE',''
  ) );
#1386 = PCURVE('',#1387,#1392);
#1387 = PLANE('',#1388);
#1388 = AXIS2_PLACEMENT_3D('',#1389,#1390,#1391);
#1389 = CARTESIAN_POINT('',(-2.393026590766,0.435,0.278923406481));
#1390 = DIRECTION('',(-0.,-1.,-0.));
#1391 = DIRECTION('',(0.,0.,-1.));
#1392 = DEFINITIONAL_REPRESENTATION('',(#1393),#1397);
#1393 = LINE('',#1394,#1395);
#1394 = CARTESIAN_POINT('',(-0.291076593519,0.468026590766));
#1395 = VECTOR('',#1396,1.);
#1396 = DIRECTION('',(-0.,-1.));
#1397 = ( GEOMETRIC_REPRESENTATION_CONTEXT(2) 
PARAMETRIC_REPRESENTATION_CONTEXT() REPRESENTATION_CONTEXT('2D SPACE',''
  ) );
#1398 = ORIENTED_EDGE('',*,*,#1399,.T.);
#1399 = EDGE_CURVE('',#1372,#1309,#1400,.T.);
#1400 = SURFACE_CURVE('',#1401,(#1405,#1412),.PCURVE_S1.);
#1401 = LINE('',#1402,#1403);
#1402 = CARTESIAN_POINT('',(-1.925,0.435,0.57));
#1403 = VECTOR('',#1404,1.);
#1404 = DIRECTION('',(-0.,1.,-0.));
#1405 = PCURVE('',#1319,#1406);
#1406 = DEFINITIONAL_REPRESENTATION('',(#1407),#1411);
#1407 = LINE('',#1408,#1409);
#1408 = CARTESIAN_POINT('',(-0.,0.2));
#1409 = VECTOR('',#1410,1.);
#1410 = DIRECTION('',(-0.,-1.));
#1411 = ( GEOMETRIC_REPRESENTATION_CONTEXT(2) 
PARAMETRIC_REPRESENTATION_CONTEXT() REPRESENTATION_CONTEXT('2D SPACE',''
  ) );
#1412 = PCURVE('',#1413,#1418);
#1413 = PLANE('',#1414);
#1414 = AXIS2_PLACEMENT_3D('',#1415,#1416,#1417);
#1415 = CARTESIAN_POINT('',(-1.925,0.635,0.77));
#1416 = DIRECTION('',(1.,-0.,-0.));
#1417 = DIRECTION('',(0.,0.,1.));
#1418 = DEFINITIONAL_REPRESENTATION('',(#1419),#1423);
#1419 = LINE('',#1420,#1421);
#1420 = CARTESIAN_POINT('',(-0.2,0.2));
#1421 = VECTOR('',#1422,1.);
#1422 = DIRECTION('',(-0.,-1.));
#1423 = ( GEOMETRIC_REPRESENTATION_CONTEXT(2) 
PARAMETRIC_REPRESENTATION_CONTEXT() REPRESENTATION_CONTEXT('2D SPACE',''
  ) );
#1424 = ADVANCED_FACE('',(#1425),#1413,.T.);
#1425 = FACE_BOUND('',#1426,.F.);
#1426 = EDGE_LOOP('',(#1427,#1450,#1451,#1474));
#1427 = ORIENTED_EDGE('',*,*,#1428,.T.);
#1428 = EDGE_CURVE('',#1429,#1309,#1431,.T.);
#1429 = VERTEX_POINT('',#1430);
#1430 = CARTESIAN_POINT('',(-1.925,0.835,0.77));
#1431 = SURFACE_CURVE('',#1432,(#1436,#1443),.PCURVE_S1.);
#1432 = LINE('',#1433,#1434);
#1433 = CARTESIAN_POINT('',(-1.925,0.835,0.77));
#1434 = VECTOR('',#1435,1.);
#1435 = DIRECTION('',(-0.,-0.,-1.));
#1436 = PCURVE('',#1413,#1437);
#1437 = DEFINITIONAL_REPRESENTATION('',(#1438),#1442);
#1438 = LINE('',#1439,#1440);
#1439 = CARTESIAN_POINT('',(-0.,-0.2));
#1440 = VECTOR('',#1441,1.);
#1441 = DIRECTION('',(-1.,0.));
#1442 = ( GEOMETRIC_REPRESENTATION_CONTEXT(2) 
PARAMETRIC_REPRESENTATION_CONTEXT() REPRESENTATION_CONTEXT('2D SPACE',''
  ) );
#1443 = PCURVE('',#1331,#1444);
#1444 = DEFINITIONAL_REPRESENTATION('',(#1445),#1449);
#1445 = LINE('',#1446,#1447);
#1446 = CARTESIAN_POINT('',(-0.491076593519,0.468026590766));
#1447 = VECTOR('',#1448,1.);
#1448 = DIRECTION('',(1.,-0.));
#1449 = ( GEOMETRIC_REPRESENTATION_CONTEXT(2) 
PARAMETRIC_REPRESENTATION_CONTEXT() REPRESENTATION_CONTEXT('2D SPACE',''
  ) );
#1450 = ORIENTED_EDGE('',*,*,#1399,.F.);
#1451 = ORIENTED_EDGE('',*,*,#1452,.F.);
#1452 = EDGE_CURVE('',#1453,#1372,#1455,.T.);
#1453 = VERTEX_POINT('',#1454);
#1454 = CARTESIAN_POINT('',(-1.925,0.435,0.77));
#1455 = SURFACE_CURVE('',#1456,(#1460,#1467),.PCURVE_S1.);
#1456 = LINE('',#1457,#1458);
#1457 = CARTESIAN_POINT('',(-1.925,0.435,0.77));
#1458 = VECTOR('',#1459,1.);
#1459 = DIRECTION('',(-0.,-0.,-1.));
#1460 = PCURVE('',#1413,#1461);
#1461 = DEFINITIONAL_REPRESENTATION('',(#1462),#1466);
#1462 = LINE('',#1463,#1464);
#1463 = CARTESIAN_POINT('',(-0.,0.2));
#1464 = VECTOR('',#1465,1.);
#1465 = DIRECTION('',(-1.,0.));
#1466 = ( GEOMETRIC_REPRESENTATION_CONTEXT(2) 
PARAMETRIC_REPRESENTATION_CONTEXT() REPRESENTATION_CONTEXT('2D SPACE',''
  ) );
#1467 = PCURVE('',#1387,#1468);
#1468 = DEFINITIONAL_REPRESENTATION('',(#1469),#1473);
#1469 = LINE('',#1470,#1471);
#1470 = CARTESIAN_POINT('',(-0.491076593519,0.468026590766));
#1471 = VECTOR('',#1472,1.);
#1472 = DIRECTION('',(1.,-0.));
#1473 = ( GEOMETRIC_REPRESENTATION_CONTEXT(2) 
PARAMETRIC_REPRESENTATION_CONTEXT() REPRESENTATION_CONTEXT('2D SPACE',''
  ) );
#1474 = ORIENTED_EDGE('',*,*,#1475,.T.);
#1475 = EDGE_CURVE('',#1453,#1429,#1476,.T.);
#1476 = SURFACE_CURVE('',#1477,(#1481,#1488),.PCURVE_S1.);
#1477 = LINE('',#1478,#1479);
#1478 = CARTESIAN_POINT('',(-1.925,0.435,0.77));
#1479 = VECTOR('',#1480,1.);
#1480 = DIRECTION('',(-0.,1.,-0.));
#1481 = PCURVE('',#1413,#1482);
#1482 = DEFINITIONAL_REPRESENTATION('',(#1483),#1487);
#1483 = LINE('',#1484,#1485);
#1484 = CARTESIAN_POINT('',(-0.,0.2));
#1485 = VECTOR('',#1486,1.);
#1486 = DIRECTION('',(-0.,-1.));
#1487 = ( GEOMETRIC_REPRESENTATION_CONTEXT(2) 
PARAMETRIC_REPRESENTATION_CONTEXT() REPRESENTATION_CONTEXT('2D SPACE',''
  ) );
#1488 = PCURVE('',#1489,#1494);
#1489 = PLANE('',#1490);
#1490 = AXIS2_PLACEMENT_3D('',#1491,#1492,#1493);
#1491 = CARTESIAN_POINT('',(-2.1015,0.635,0.77));
#1492 = DIRECTION('',(-0.,-0.,1.));
#1493 = DIRECTION('',(-1.,0.,0.));
#1494 = DEFINITIONAL_REPRESENTATION('',(#1495),#1499);
#1495 = LINE('',#1496,#1497);
#1496 = CARTESIAN_POINT('',(-0.1765,0.2));
#1497 = VECTOR('',#1498,1.);
#1498 = DIRECTION('',(-0.,-1.));
#1499 = ( GEOMETRIC_REPRESENTATION_CONTEXT(2) 
PARAMETRIC_REPRESENTATION_CONTEXT() REPRESENTATION_CONTEXT('2D SPACE',''
  ) );
#1500 = ADVANCED_FACE('',(#1501),#1489,.T.);
#1501 = FACE_BOUND('',#1502,.F.);
#1502 = EDGE_LOOP('',(#1503,#1526,#1527,#1550));
#1503 = ORIENTED_EDGE('',*,*,#1504,.T.);
#1504 = EDGE_CURVE('',#1505,#1429,#1507,.T.);
#1505 = VERTEX_POINT('',#1506);
#1506 = CARTESIAN_POINT('',(-2.1015,0.835,0.77));
#1507 = SURFACE_CURVE('',#1508,(#1512,#1519),.PCURVE_S1.);
#1508 = LINE('',#1509,#1510);
#1509 = CARTESIAN_POINT('',(-2.1015,0.835,0.77));
#1510 = VECTOR('',#1511,1.);
#1511 = DIRECTION('',(1.,-0.,-0.));
#1512 = PCURVE('',#1489,#1513);
#1513 = DEFINITIONAL_REPRESENTATION('',(#1514),#1518);
#1514 = LINE('',#1515,#1516);
#1515 = CARTESIAN_POINT('',(-0.,-0.2));
#1516 = VECTOR('',#1517,1.);
#1517 = DIRECTION('',(-1.,0.));
#1518 = ( GEOMETRIC_REPRESENTATION_CONTEXT(2) 
PARAMETRIC_REPRESENTATION_CONTEXT() REPRESENTATION_CONTEXT('2D SPACE',''
  ) );
#1519 = PCURVE('',#1331,#1520);
#1520 = DEFINITIONAL_REPRESENTATION('',(#1521),#1525);
#1521 = LINE('',#1522,#1523);
#1522 = CARTESIAN_POINT('',(-0.491076593519,0.291526590766));
#1523 = VECTOR('',#1524,1.);
#1524 = DIRECTION('',(-0.,1.));
#1525 = ( GEOMETRIC_REPRESENTATION_CONTEXT(2) 
PARAMETRIC_REPRESENTATION_CONTEXT() REPRESENTATION_CONTEXT('2D SPACE',''
  ) );
#1526 = ORIENTED_EDGE('',*,*,#1475,.F.);
#1527 = ORIENTED_EDGE('',*,*,#1528,.F.);
#1528 = EDGE_CURVE('',#1529,#1453,#1531,.T.);
#1529 = VERTEX_POINT('',#1530);
#1530 = CARTESIAN_POINT('',(-2.1015,0.435,0.77));
#1531 = SURFACE_CURVE('',#1532,(#1536,#1543),.PCURVE_S1.);
#1532 = LINE('',#1533,#1534);
#1533 = CARTESIAN_POINT('',(-2.1015,0.435,0.77));
#1534 = VECTOR('',#1535,1.);
#1535 = DIRECTION('',(1.,-0.,-0.));
#1536 = PCURVE('',#1489,#1537);
#1537 = DEFINITIONAL_REPRESENTATION('',(#1538),#1542);
#1538 = LINE('',#1539,#1540);
#1539 = CARTESIAN_POINT('',(-0.,0.2));
#1540 = VECTOR('',#1541,1.);
#1541 = DIRECTION('',(-1.,0.));
#1542 = ( GEOMETRIC_REPRESENTATION_CONTEXT(2) 
PARAMETRIC_REPRESENTATION_CONTEXT() REPRESENTATION_CONTEXT('2D SPACE',''
  ) );
#1543 = PCURVE('',#1387,#1544);
#1544 = DEFINITIONAL_REPRESENTATION('',(#1545),#1549);
#1545 = LINE('',#1546,#1547);
#1546 = CARTESIAN_POINT('',(-0.491076593519,0.291526590766));
#1547 = VECTOR('',#1548,1.);
#1548 = DIRECTION('',(-0.,1.));
#1549 = ( GEOMETRIC_REPRESENTATION_CONTEXT(2) 
PARAMETRIC_REPRESENTATION_CONTEXT() REPRESENTATION_CONTEXT('2D SPACE',''
  ) );
#1550 = ORIENTED_EDGE('',*,*,#1551,.T.);
#1551 = EDGE_CURVE('',#1529,#1505,#1552,.T.);
#1552 = SURFACE_CURVE('',#1553,(#1557,#1564),.PCURVE_S1.);
#1553 = LINE('',#1554,#1555);
#1554 = CARTESIAN_POINT('',(-2.1015,0.435,0.77));
#1555 = VECTOR('',#1556,1.);
#1556 = DIRECTION('',(-0.,1.,-0.));
#1557 = PCURVE('',#1489,#1558);
#1558 = DEFINITIONAL_REPRESENTATION('',(#1559),#1563);
#1559 = LINE('',#1560,#1561);
#1560 = CARTESIAN_POINT('',(-0.,0.2));
#1561 = VECTOR('',#1562,1.);
#1562 = DIRECTION('',(-0.,-1.));
#1563 = ( GEOMETRIC_REPRESENTATION_CONTEXT(2) 
PARAMETRIC_REPRESENTATION_CONTEXT() REPRESENTATION_CONTEXT('2D SPACE',''
  ) );
#1564 = PCURVE('',#1565,#1570);
#1565 = PLANE('',#1566);
#1566 = AXIS2_PLACEMENT_3D('',#1567,#1568,#1569);
#1567 = CARTESIAN_POINT('',(-2.35,0.635,0.2));
#1568 = DIRECTION('',(-0.916673306291,-0.,0.399637397567));
#1569 = DIRECTION('',(-0.399637397567,0.,-0.916673306291));
#1570 = DEFINITIONAL_REPRESENTATION('',(#1571),#1575);
#1571 = LINE('',#1572,#1573);
#1572 = CARTESIAN_POINT('',(-0.621813677881,0.2));
#1573 = VECTOR('',#1574,1.);
#1574 = DIRECTION('',(-0.,-1.));
#1575 = ( GEOMETRIC_REPRESENTATION_CONTEXT(2) 
PARAMETRIC_REPRESENTATION_CONTEXT() REPRESENTATION_CONTEXT('2D SPACE',''
  ) );
#1576 = ADVANCED_FACE('',(#1577),#1565,.T.);
#1577 = FACE_BOUND('',#1578,.F.);
#1578 = EDGE_LOOP('',(#1579,#1609,#1630,#1631));
#1579 = ORIENTED_EDGE('',*,*,#1580,.F.);
#1580 = EDGE_CURVE('',#1581,#1583,#1585,.T.);
#1581 = VERTEX_POINT('',#1582);
#1582 = CARTESIAN_POINT('',(-2.35,0.835,0.2));
#1583 = VERTEX_POINT('',#1584);
#1584 = CARTESIAN_POINT('',(-2.35,0.435,0.2));
#1585 = SURFACE_CURVE('',#1586,(#1590,#1597),.PCURVE_S1.);
#1586 = LINE('',#1587,#1588);
#1587 = CARTESIAN_POINT('',(-2.35,0.835,0.2));
#1588 = VECTOR('',#1589,1.);
#1589 = DIRECTION('',(-0.,-1.,-0.));
#1590 = PCURVE('',#1565,#1591);
#1591 = DEFINITIONAL_REPRESENTATION('',(#1592),#1596);
#1592 = LINE('',#1593,#1594);
#1593 = CARTESIAN_POINT('',(-0.,-0.2));
#1594 = VECTOR('',#1595,1.);
#1595 = DIRECTION('',(-0.,1.));
#1596 = ( GEOMETRIC_REPRESENTATION_CONTEXT(2) 
PARAMETRIC_REPRESENTATION_CONTEXT() REPRESENTATION_CONTEXT('2D SPACE',''
  ) );
#1597 = PCURVE('',#1598,#1603);
#1598 = PLANE('',#1599);
#1599 = AXIS2_PLACEMENT_3D('',#1600,#1601,#1602);
#1600 = CARTESIAN_POINT('',(-3.,0.635,0.2));
#1601 = DIRECTION('',(-0.,-0.,1.));
#1602 = DIRECTION('',(-1.,0.,0.));
#1603 = DEFINITIONAL_REPRESENTATION('',(#1604),#1608);
#1604 = LINE('',#1605,#1606);
#1605 = CARTESIAN_POINT('',(-0.65,-0.2));
#1606 = VECTOR('',#1607,1.);
#1607 = DIRECTION('',(-0.,1.));
#1608 = ( GEOMETRIC_REPRESENTATION_CONTEXT(2) 
PARAMETRIC_REPRESENTATION_CONTEXT() REPRESENTATION_CONTEXT('2D SPACE',''
  ) );
#1609 = ORIENTED_EDGE('',*,*,#1610,.T.);
#1610 = EDGE_CURVE('',#1581,#1505,#1611,.T.);
#1611 = SURFACE_CURVE('',#1612,(#1616,#1623),.PCURVE_S1.);
#1612 = LINE('',#1613,#1614);
#1613 = CARTESIAN_POINT('',(-2.35,0.835,0.2));
#1614 = VECTOR('',#1615,1.);
#1615 = DIRECTION('',(0.399637397567,-0.,0.916673306291));
#1616 = PCURVE('',#1565,#1617);
#1617 = DEFINITIONAL_REPRESENTATION('',(#1618),#1622);
#1618 = LINE('',#1619,#1620);
#1619 = CARTESIAN_POINT('',(-0.,-0.2));
#1620 = VECTOR('',#1621,1.);
#1621 = DIRECTION('',(-1.,-0.));
#1622 = ( GEOMETRIC_REPRESENTATION_CONTEXT(2) 
PARAMETRIC_REPRESENTATION_CONTEXT() REPRESENTATION_CONTEXT('2D SPACE',''
  ) );
#1623 = PCURVE('',#1331,#1624);
#1624 = DEFINITIONAL_REPRESENTATION('',(#1625),#1629);
#1625 = LINE('',#1626,#1627);
#1626 = CARTESIAN_POINT('',(7.892340648124E-02,4.302659076564E-02));
#1627 = VECTOR('',#1628,1.);
#1628 = DIRECTION('',(-0.916673306291,0.399637397567));
#1629 = ( GEOMETRIC_REPRESENTATION_CONTEXT(2) 
PARAMETRIC_REPRESENTATION_CONTEXT() REPRESENTATION_CONTEXT('2D SPACE',''
  ) );
#1630 = ORIENTED_EDGE('',*,*,#1551,.F.);
#1631 = ORIENTED_EDGE('',*,*,#1632,.F.);
#1632 = EDGE_CURVE('',#1583,#1529,#1633,.T.);
#1633 = SURFACE_CURVE('',#1634,(#1638,#1645),.PCURVE_S1.);
#1634 = LINE('',#1635,#1636);
#1635 = CARTESIAN_POINT('',(-2.35,0.435,0.2));
#1636 = VECTOR('',#1637,1.);
#1637 = DIRECTION('',(0.399637397567,-0.,0.916673306291));
#1638 = PCURVE('',#1565,#1639);
#1639 = DEFINITIONAL_REPRESENTATION('',(#1640),#1644);
#1640 = LINE('',#1641,#1642);
#1641 = CARTESIAN_POINT('',(-0.,0.2));
#1642 = VECTOR('',#1643,1.);
#1643 = DIRECTION('',(-1.,-0.));
#1644 = ( GEOMETRIC_REPRESENTATION_CONTEXT(2) 
PARAMETRIC_REPRESENTATION_CONTEXT() REPRESENTATION_CONTEXT('2D SPACE',''
  ) );
#1645 = PCURVE('',#1387,#1646);
#1646 = DEFINITIONAL_REPRESENTATION('',(#1647),#1651);
#1647 = LINE('',#1648,#1649);
#1648 = CARTESIAN_POINT('',(7.892340648124E-02,4.302659076564E-02));
#1649 = VECTOR('',#1650,1.);
#1650 = DIRECTION('',(-0.916673306291,0.399637397567));
#1651 = ( GEOMETRIC_REPRESENTATION_CONTEXT(2) 
PARAMETRIC_REPRESENTATION_CONTEXT() REPRESENTATION_CONTEXT('2D SPACE',''
  ) );
#1652 = ADVANCED_FACE('',(#1653),#1598,.T.);
#1653 = FACE_BOUND('',#1654,.F.);
#1654 = EDGE_LOOP('',(#1655,#1685,#1706,#1707));
#1655 = ORIENTED_EDGE('',*,*,#1656,.F.);
#1656 = EDGE_CURVE('',#1657,#1659,#1661,.T.);
#1657 = VERTEX_POINT('',#1658);
#1658 = CARTESIAN_POINT('',(-3.,0.835,0.2));
#1659 = VERTEX_POINT('',#1660);
#1660 = CARTESIAN_POINT('',(-3.,0.435,0.2));
#1661 = SURFACE_CURVE('',#1662,(#1666,#1673),.PCURVE_S1.);
#1662 = LINE('',#1663,#1664);
#1663 = CARTESIAN_POINT('',(-3.,0.835,0.2));
#1664 = VECTOR('',#1665,1.);
#1665 = DIRECTION('',(-0.,-1.,-0.));
#1666 = PCURVE('',#1598,#1667);
#1667 = DEFINITIONAL_REPRESENTATION('',(#1668),#1672);
#1668 = LINE('',#1669,#1670);
#1669 = CARTESIAN_POINT('',(-0.,-0.2));
#1670 = VECTOR('',#1671,1.);
#1671 = DIRECTION('',(-0.,1.));
#1672 = ( GEOMETRIC_REPRESENTATION_CONTEXT(2) 
PARAMETRIC_REPRESENTATION_CONTEXT() REPRESENTATION_CONTEXT('2D SPACE',''
  ) );
#1673 = PCURVE('',#1674,#1679);
#1674 = PLANE('',#1675);
#1675 = AXIS2_PLACEMENT_3D('',#1676,#1677,#1678);
#1676 = CARTESIAN_POINT('',(-3.,0.635,0.));
#1677 = DIRECTION('',(-1.,-0.,-0.));
#1678 = DIRECTION('',(0.,0.,-1.));
#1679 = DEFINITIONAL_REPRESENTATION('',(#1680),#1684);
#1680 = LINE('',#1681,#1682);
#1681 = CARTESIAN_POINT('',(-0.2,-0.2));
#1682 = VECTOR('',#1683,1.);
#1683 = DIRECTION('',(-0.,1.));
#1684 = ( GEOMETRIC_REPRESENTATION_CONTEXT(2) 
PARAMETRIC_REPRESENTATION_CONTEXT() REPRESENTATION_CONTEXT('2D SPACE',''
  ) );
#1685 = ORIENTED_EDGE('',*,*,#1686,.T.);
#1686 = EDGE_CURVE('',#1657,#1581,#1687,.T.);
#1687 = SURFACE_CURVE('',#1688,(#1692,#1699),.PCURVE_S1.);
#1688 = LINE('',#1689,#1690);
#1689 = CARTESIAN_POINT('',(-3.,0.835,0.2));
#1690 = VECTOR('',#1691,1.);
#1691 = DIRECTION('',(1.,-0.,-0.));
#1692 = PCURVE('',#1598,#1693);
#1693 = DEFINITIONAL_REPRESENTATION('',(#1694),#1698);
#1694 = LINE('',#1695,#1696);
#1695 = CARTESIAN_POINT('',(-0.,-0.2));
#1696 = VECTOR('',#1697,1.);
#1697 = DIRECTION('',(-1.,0.));
#1698 = ( GEOMETRIC_REPRESENTATION_CONTEXT(2) 
PARAMETRIC_REPRESENTATION_CONTEXT() REPRESENTATION_CONTEXT('2D SPACE',''
  ) );
#1699 = PCURVE('',#1331,#1700);
#1700 = DEFINITIONAL_REPRESENTATION('',(#1701),#1705);
#1701 = LINE('',#1702,#1703);
#1702 = CARTESIAN_POINT('',(7.892340648124E-02,-0.606973409234));
#1703 = VECTOR('',#1704,1.);
#1704 = DIRECTION('',(-0.,1.));
#1705 = ( GEOMETRIC_REPRESENTATION_CONTEXT(2) 
PARAMETRIC_REPRESENTATION_CONTEXT() REPRESENTATION_CONTEXT('2D SPACE',''
  ) );
#1706 = ORIENTED_EDGE('',*,*,#1580,.T.);
#1707 = ORIENTED_EDGE('',*,*,#1708,.F.);
#1708 = EDGE_CURVE('',#1659,#1583,#1709,.T.);
#1709 = SURFACE_CURVE('',#1710,(#1714,#1721),.PCURVE_S1.);
#1710 = LINE('',#1711,#1712);
#1711 = CARTESIAN_POINT('',(-3.,0.435,0.2));
#1712 = VECTOR('',#1713,1.);
#1713 = DIRECTION('',(1.,-0.,-0.));
#1714 = PCURVE('',#1598,#1715);
#1715 = DEFINITIONAL_REPRESENTATION('',(#1716),#1720);
#1716 = LINE('',#1717,#1718);
#1717 = CARTESIAN_POINT('',(-0.,0.2));
#1718 = VECTOR('',#1719,1.);
#1719 = DIRECTION('',(-1.,0.));
#1720 = ( GEOMETRIC_REPRESENTATION_CONTEXT(2) 
PARAMETRIC_REPRESENTATION_CONTEXT() REPRESENTATION_CONTEXT('2D SPACE',''
  ) );
#1721 = PCURVE('',#1387,#1722);
#1722 = DEFINITIONAL_REPRESENTATION('',(#1723),#1727);
#1723 = LINE('',#1724,#1725);
#1724 = CARTESIAN_POINT('',(7.892340648124E-02,-0.606973409234));
#1725 = VECTOR('',#1726,1.);
#1726 = DIRECTION('',(-0.,1.));
#1727 = ( GEOMETRIC_REPRESENTATION_CONTEXT(2) 
PARAMETRIC_REPRESENTATION_CONTEXT() REPRESENTATION_CONTEXT('2D SPACE',''
  ) );
#1728 = ADVANCED_FACE('',(#1729),#1674,.T.);
#1729 = FACE_BOUND('',#1730,.F.);
#1730 = EDGE_LOOP('',(#1731,#1761,#1782,#1783));
#1731 = ORIENTED_EDGE('',*,*,#1732,.F.);
#1732 = EDGE_CURVE('',#1733,#1735,#1737,.T.);
#1733 = VERTEX_POINT('',#1734);
#1734 = CARTESIAN_POINT('',(-3.,0.835,0.));
#1735 = VERTEX_POINT('',#1736);
#1736 = CARTESIAN_POINT('',(-3.,0.435,0.));
#1737 = SURFACE_CURVE('',#1738,(#1742,#1749),.PCURVE_S1.);
#1738 = LINE('',#1739,#1740);
#1739 = CARTESIAN_POINT('',(-3.,0.835,0.));
#1740 = VECTOR('',#1741,1.);
#1741 = DIRECTION('',(-0.,-1.,-0.));
#1742 = PCURVE('',#1674,#1743);
#1743 = DEFINITIONAL_REPRESENTATION('',(#1744),#1748);
#1744 = LINE('',#1745,#1746);
#1745 = CARTESIAN_POINT('',(-0.,-0.2));
#1746 = VECTOR('',#1747,1.);
#1747 = DIRECTION('',(-0.,1.));
#1748 = ( GEOMETRIC_REPRESENTATION_CONTEXT(2) 
PARAMETRIC_REPRESENTATION_CONTEXT() REPRESENTATION_CONTEXT('2D SPACE',''
  ) );
#1749 = PCURVE('',#1750,#1755);
#1750 = PLANE('',#1751);
#1751 = AXIS2_PLACEMENT_3D('',#1752,#1753,#1754);
#1752 = CARTESIAN_POINT('',(-2.21,0.635,0.));
#1753 = DIRECTION('',(-0.,0.,-1.));
#1754 = DIRECTION('',(1.,0.,0.));
#1755 = DEFINITIONAL_REPRESENTATION('',(#1756),#1760);
#1756 = LINE('',#1757,#1758);
#1757 = CARTESIAN_POINT('',(-0.79,-0.2));
#1758 = VECTOR('',#1759,1.);
#1759 = DIRECTION('',(-0.,1.));
#1760 = ( GEOMETRIC_REPRESENTATION_CONTEXT(2) 
PARAMETRIC_REPRESENTATION_CONTEXT() REPRESENTATION_CONTEXT('2D SPACE',''
  ) );
#1761 = ORIENTED_EDGE('',*,*,#1762,.T.);
#1762 = EDGE_CURVE('',#1733,#1657,#1763,.T.);
#1763 = SURFACE_CURVE('',#1764,(#1768,#1775),.PCURVE_S1.);
#1764 = LINE('',#1765,#1766);
#1765 = CARTESIAN_POINT('',(-3.,0.835,0.));
#1766 = VECTOR('',#1767,1.);
#1767 = DIRECTION('',(-0.,-0.,1.));
#1768 = PCURVE('',#1674,#1769);
#1769 = DEFINITIONAL_REPRESENTATION('',(#1770),#1774);
#1770 = LINE('',#1771,#1772);
#1771 = CARTESIAN_POINT('',(-0.,-0.2));
#1772 = VECTOR('',#1773,1.);
#1773 = DIRECTION('',(-1.,-0.));
#1774 = ( GEOMETRIC_REPRESENTATION_CONTEXT(2) 
PARAMETRIC_REPRESENTATION_CONTEXT() REPRESENTATION_CONTEXT('2D SPACE',''
  ) );
#1775 = PCURVE('',#1331,#1776);
#1776 = DEFINITIONAL_REPRESENTATION('',(#1777),#1781);
#1777 = LINE('',#1778,#1779);
#1778 = CARTESIAN_POINT('',(0.278923406481,-0.606973409234));
#1779 = VECTOR('',#1780,1.);
#1780 = DIRECTION('',(-1.,0.));
#1781 = ( GEOMETRIC_REPRESENTATION_CONTEXT(2) 
PARAMETRIC_REPRESENTATION_CONTEXT() REPRESENTATION_CONTEXT('2D SPACE',''
  ) );
#1782 = ORIENTED_EDGE('',*,*,#1656,.T.);
#1783 = ORIENTED_EDGE('',*,*,#1784,.F.);
#1784 = EDGE_CURVE('',#1735,#1659,#1785,.T.);
#1785 = SURFACE_CURVE('',#1786,(#1790,#1797),.PCURVE_S1.);
#1786 = LINE('',#1787,#1788);
#1787 = CARTESIAN_POINT('',(-3.,0.435,0.));
#1788 = VECTOR('',#1789,1.);
#1789 = DIRECTION('',(-0.,-0.,1.));
#1790 = PCURVE('',#1674,#1791);
#1791 = DEFINITIONAL_REPRESENTATION('',(#1792),#1796);
#1792 = LINE('',#1793,#1794);
#1793 = CARTESIAN_POINT('',(-0.,0.2));
#1794 = VECTOR('',#1795,1.);
#1795 = DIRECTION('',(-1.,-0.));
#1796 = ( GEOMETRIC_REPRESENTATION_CONTEXT(2) 
PARAMETRIC_REPRESENTATION_CONTEXT() REPRESENTATION_CONTEXT('2D SPACE',''
  ) );
#1797 = PCURVE('',#1387,#1798);
#1798 = DEFINITIONAL_REPRESENTATION('',(#1799),#1803);
#1799 = LINE('',#1800,#1801);
#1800 = CARTESIAN_POINT('',(0.278923406481,-0.606973409234));
#1801 = VECTOR('',#1802,1.);
#1802 = DIRECTION('',(-1.,0.));
#1803 = ( GEOMETRIC_REPRESENTATION_CONTEXT(2) 
PARAMETRIC_REPRESENTATION_CONTEXT() REPRESENTATION_CONTEXT('2D SPACE',''
  ) );
#1804 = ADVANCED_FACE('',(#1805),#1750,.T.);
#1805 = FACE_BOUND('',#1806,.F.);
#1806 = EDGE_LOOP('',(#1807,#1832,#1853,#1854));
#1807 = ORIENTED_EDGE('',*,*,#1808,.F.);
#1808 = EDGE_CURVE('',#1809,#1811,#1813,.T.);
#1809 = VERTEX_POINT('',#1810);
#1810 = CARTESIAN_POINT('',(-2.21,0.835,0.));
#1811 = VERTEX_POINT('',#1812);
#1812 = CARTESIAN_POINT('',(-2.21,0.435,0.));
#1813 = SURFACE_CURVE('',#1814,(#1818,#1825),.PCURVE_S1.);
#1814 = LINE('',#1815,#1816);
#1815 = CARTESIAN_POINT('',(-2.21,0.835,0.));
#1816 = VECTOR('',#1817,1.);
#1817 = DIRECTION('',(-0.,-1.,-0.));
#1818 = PCURVE('',#1750,#1819);
#1819 = DEFINITIONAL_REPRESENTATION('',(#1820),#1824);
#1820 = LINE('',#1821,#1822);
#1821 = CARTESIAN_POINT('',(-0.,-0.2));
#1822 = VECTOR('',#1823,1.);
#1823 = DIRECTION('',(-0.,1.));
#1824 = ( GEOMETRIC_REPRESENTATION_CONTEXT(2) 
PARAMETRIC_REPRESENTATION_CONTEXT() REPRESENTATION_CONTEXT('2D SPACE',''
  ) );
#1825 = PCURVE('',#1359,#1826);
#1826 = DEFINITIONAL_REPRESENTATION('',(#1827),#1831);
#1827 = LINE('',#1828,#1829);
#1828 = CARTESIAN_POINT('',(-0.621813677881,-0.2));
#1829 = VECTOR('',#1830,1.);
#1830 = DIRECTION('',(-0.,1.));
#1831 = ( GEOMETRIC_REPRESENTATION_CONTEXT(2) 
PARAMETRIC_REPRESENTATION_CONTEXT() REPRESENTATION_CONTEXT('2D SPACE',''
  ) );
#1832 = ORIENTED_EDGE('',*,*,#1833,.T.);
#1833 = EDGE_CURVE('',#1809,#1733,#1834,.T.);
#1834 = SURFACE_CURVE('',#1835,(#1839,#1846),.PCURVE_S1.);
#1835 = LINE('',#1836,#1837);
#1836 = CARTESIAN_POINT('',(-2.21,0.835,0.));
#1837 = VECTOR('',#1838,1.);
#1838 = DIRECTION('',(-1.,-0.,-0.));
#1839 = PCURVE('',#1750,#1840);
#1840 = DEFINITIONAL_REPRESENTATION('',(#1841),#1845);
#1841 = LINE('',#1842,#1843);
#1842 = CARTESIAN_POINT('',(-0.,-0.2));
#1843 = VECTOR('',#1844,1.);
#1844 = DIRECTION('',(-1.,0.));
#1845 = ( GEOMETRIC_REPRESENTATION_CONTEXT(2) 
PARAMETRIC_REPRESENTATION_CONTEXT() REPRESENTATION_CONTEXT('2D SPACE',''
  ) );
#1846 = PCURVE('',#1331,#1847);
#1847 = DEFINITIONAL_REPRESENTATION('',(#1848),#1852);
#1848 = LINE('',#1849,#1850);
#1849 = CARTESIAN_POINT('',(0.278923406481,0.183026590766));
#1850 = VECTOR('',#1851,1.);
#1851 = DIRECTION('',(-0.,-1.));
#1852 = ( GEOMETRIC_REPRESENTATION_CONTEXT(2) 
PARAMETRIC_REPRESENTATION_CONTEXT() REPRESENTATION_CONTEXT('2D SPACE',''
  ) );
#1853 = ORIENTED_EDGE('',*,*,#1732,.T.);
#1854 = ORIENTED_EDGE('',*,*,#1855,.F.);
#1855 = EDGE_CURVE('',#1811,#1735,#1856,.T.);
#1856 = SURFACE_CURVE('',#1857,(#1861,#1868),.PCURVE_S1.);
#1857 = LINE('',#1858,#1859);
#1858 = CARTESIAN_POINT('',(-2.21,0.435,0.));
#1859 = VECTOR('',#1860,1.);
#1860 = DIRECTION('',(-1.,-0.,-0.));
#1861 = PCURVE('',#1750,#1862);
#1862 = DEFINITIONAL_REPRESENTATION('',(#1863),#1867);
#1863 = LINE('',#1864,#1865);
#1864 = CARTESIAN_POINT('',(-0.,0.2));
#1865 = VECTOR('',#1866,1.);
#1866 = DIRECTION('',(-1.,0.));
#1867 = ( GEOMETRIC_REPRESENTATION_CONTEXT(2) 
PARAMETRIC_REPRESENTATION_CONTEXT() REPRESENTATION_CONTEXT('2D SPACE',''
  ) );
#1868 = PCURVE('',#1387,#1869);
#1869 = DEFINITIONAL_REPRESENTATION('',(#1870),#1874);
#1870 = LINE('',#1871,#1872);
#1871 = CARTESIAN_POINT('',(0.278923406481,0.183026590766));
#1872 = VECTOR('',#1873,1.);
#1873 = DIRECTION('',(-0.,-1.));
#1874 = ( GEOMETRIC_REPRESENTATION_CONTEXT(2) 
PARAMETRIC_REPRESENTATION_CONTEXT() REPRESENTATION_CONTEXT('2D SPACE',''
  ) );
#1875 = ADVANCED_FACE('',(#1876),#1387,.T.);
#1876 = FACE_BOUND('',#1877,.F.);
#1877 = EDGE_LOOP('',(#1878,#1879,#1900,#1901,#1902,#1903,#1904,#1905));
#1878 = ORIENTED_EDGE('',*,*,#1371,.T.);
#1879 = ORIENTED_EDGE('',*,*,#1880,.T.);
#1880 = EDGE_CURVE('',#1344,#1811,#1881,.T.);
#1881 = SURFACE_CURVE('',#1882,(#1886,#1893),.PCURVE_S1.);
#1882 = LINE('',#1883,#1884);
#1883 = CARTESIAN_POINT('',(-1.9615,0.435,0.57));
#1884 = VECTOR('',#1885,1.);
#1885 = DIRECTION('',(-0.399637397567,-0.,-0.916673306291));
#1886 = PCURVE('',#1387,#1887);
#1887 = DEFINITIONAL_REPRESENTATION('',(#1888),#1892);
#1888 = LINE('',#1889,#1890);
#1889 = CARTESIAN_POINT('',(-0.291076593519,0.431526590766));
#1890 = VECTOR('',#1891,1.);
#1891 = DIRECTION('',(0.916673306291,-0.399637397567));
#1892 = ( GEOMETRIC_REPRESENTATION_CONTEXT(2) 
PARAMETRIC_REPRESENTATION_CONTEXT() REPRESENTATION_CONTEXT('2D SPACE',''
  ) );
#1893 = PCURVE('',#1359,#1894);
#1894 = DEFINITIONAL_REPRESENTATION('',(#1895),#1899);
#1895 = LINE('',#1896,#1897);
#1896 = CARTESIAN_POINT('',(-0.,0.2));
#1897 = VECTOR('',#1898,1.);
#1898 = DIRECTION('',(-1.,0.));
#1899 = ( GEOMETRIC_REPRESENTATION_CONTEXT(2) 
PARAMETRIC_REPRESENTATION_CONTEXT() REPRESENTATION_CONTEXT('2D SPACE',''
  ) );
#1900 = ORIENTED_EDGE('',*,*,#1855,.T.);
#1901 = ORIENTED_EDGE('',*,*,#1784,.T.);
#1902 = ORIENTED_EDGE('',*,*,#1708,.T.);
#1903 = ORIENTED_EDGE('',*,*,#1632,.T.);
#1904 = ORIENTED_EDGE('',*,*,#1528,.T.);
#1905 = ORIENTED_EDGE('',*,*,#1452,.T.);
#1906 = ADVANCED_FACE('',(#1907),#1359,.T.);
#1907 = FACE_BOUND('',#1908,.F.);
#1908 = EDGE_LOOP('',(#1909,#1910,#1931,#1932));
#1909 = ORIENTED_EDGE('',*,*,#1343,.F.);
#1910 = ORIENTED_EDGE('',*,*,#1911,.T.);
#1911 = EDGE_CURVE('',#1311,#1809,#1912,.T.);
#1912 = SURFACE_CURVE('',#1913,(#1917,#1924),.PCURVE_S1.);
#1913 = LINE('',#1914,#1915);
#1914 = CARTESIAN_POINT('',(-1.9615,0.835,0.57));
#1915 = VECTOR('',#1916,1.);
#1916 = DIRECTION('',(-0.399637397567,-0.,-0.916673306291));
#1917 = PCURVE('',#1359,#1918);
#1918 = DEFINITIONAL_REPRESENTATION('',(#1919),#1923);
#1919 = LINE('',#1920,#1921);
#1920 = CARTESIAN_POINT('',(-0.,-0.2));
#1921 = VECTOR('',#1922,1.);
#1922 = DIRECTION('',(-1.,0.));
#1923 = ( GEOMETRIC_REPRESENTATION_CONTEXT(2) 
PARAMETRIC_REPRESENTATION_CONTEXT() REPRESENTATION_CONTEXT('2D SPACE',''
  ) );
#1924 = PCURVE('',#1331,#1925);
#1925 = DEFINITIONAL_REPRESENTATION('',(#1926),#1930);
#1926 = LINE('',#1927,#1928);
#1927 = CARTESIAN_POINT('',(-0.291076593519,0.431526590766));
#1928 = VECTOR('',#1929,1.);
#1929 = DIRECTION('',(0.916673306291,-0.399637397567));
#1930 = ( GEOMETRIC_REPRESENTATION_CONTEXT(2) 
PARAMETRIC_REPRESENTATION_CONTEXT() REPRESENTATION_CONTEXT('2D SPACE',''
  ) );
#1931 = ORIENTED_EDGE('',*,*,#1808,.T.);
#1932 = ORIENTED_EDGE('',*,*,#1880,.F.);
#1933 = ADVANCED_FACE('',(#1934),#1331,.F.);
#1934 = FACE_BOUND('',#1935,.T.);
#1935 = EDGE_LOOP('',(#1936,#1937,#1938,#1939,#1940,#1941,#1942,#1943));
#1936 = ORIENTED_EDGE('',*,*,#1308,.T.);
#1937 = ORIENTED_EDGE('',*,*,#1911,.T.);
#1938 = ORIENTED_EDGE('',*,*,#1833,.T.);
#1939 = ORIENTED_EDGE('',*,*,#1762,.T.);
#1940 = ORIENTED_EDGE('',*,*,#1686,.T.);
#1941 = ORIENTED_EDGE('',*,*,#1610,.T.);
#1942 = ORIENTED_EDGE('',*,*,#1504,.T.);
#1943 = ORIENTED_EDGE('',*,*,#1428,.T.);
#1944 = ( GEOMETRIC_REPRESENTATION_CONTEXT(3) 
GLOBAL_UNCERTAINTY_ASSIGNED_CONTEXT((#1948)) 
GLOBAL_UNIT_ASSIGNED_CONTEXT((#1945,#1946,#1947)) REPRESENTATION_CONTEXT
('Context #1','3D Context with UNIT and UNCERTAINTY') );
#1945 = ( LENGTH_UNIT() NAMED_UNIT(*) SI_UNIT(.MILLI.,.METRE.) );
#1946 = ( NAMED_UNIT(*) PLANE_ANGLE_UNIT() SI_UNIT($,.RADIAN.) );
#1947 = ( NAMED_UNIT(*) SI_UNIT($,.STERADIAN.) SOLID_ANGLE_UNIT() );
#1948 = UNCERTAINTY_MEASURE_WITH_UNIT(LENGTH_MEASURE(1.E-07),#1945,
  'distance_accuracy_value','confusion accuracy');
#1949 = CONTEXT_DEPENDENT_SHAPE_REPRESENTATION(#1950,#1952);
#1950 = ( REPRESENTATION_RELATIONSHIP('','',#1301,#10) 
REPRESENTATION_RELATIONSHIP_WITH_TRANSFORMATION(#1951) 
SHAPE_REPRESENTATION_RELATIONSHIP() );
#1951 = ITEM_DEFINED_TRANSFORMATION('','',#11,#27);
#1952 = PRODUCT_DEFINITION_SHAPE('Placement','Placement of an item',
  #1953);
#1953 = NEXT_ASSEMBLY_USAGE_OCCURRENCE('17','pin2','',#5,#1296,$);
#1954 = PRODUCT_RELATED_PRODUCT_CATEGORY('part',$,(#1298));
#1955 = SHAPE_DEFINITION_REPRESENTATION(#1956,#1962);
#1956 = PRODUCT_DEFINITION_SHAPE('','',#1957);
#1957 = PRODUCT_DEFINITION('design','',#1958,#1961);
#1958 = PRODUCT_DEFINITION_FORMATION('','',#1959);
#1959 = PRODUCT('pin3','pin3','',(#1960));
#1960 = PRODUCT_CONTEXT('',#2,'mechanical');
#1961 = PRODUCT_DEFINITION_CONTEXT('part definition',#2,'design');
#1962 = ADVANCED_BREP_SHAPE_REPRESENTATION('',(#11,#1963),#2605);
#1963 = MANIFOLD_SOLID_BREP('',#1964);
#1964 = CLOSED_SHELL('',(#1965,#2085,#2161,#2237,#2313,#2389,#2465,#2536
    ,#2567,#2594));
#1965 = ADVANCED_FACE('',(#1966),#1980,.T.);
#1966 = FACE_BOUND('',#1967,.F.);
#1967 = EDGE_LOOP('',(#1968,#2003,#2031,#2059));
#1968 = ORIENTED_EDGE('',*,*,#1969,.T.);
#1969 = EDGE_CURVE('',#1970,#1972,#1974,.T.);
#1970 = VERTEX_POINT('',#1971);
#1971 = CARTESIAN_POINT('',(-1.925,-0.435,0.57));
#1972 = VERTEX_POINT('',#1973);
#1973 = CARTESIAN_POINT('',(-1.9615,-0.435,0.57));
#1974 = SURFACE_CURVE('',#1975,(#1979,#1991),.PCURVE_S1.);
#1975 = LINE('',#1976,#1977);
#1976 = CARTESIAN_POINT('',(-1.925,-0.435,0.57));
#1977 = VECTOR('',#1978,1.);
#1978 = DIRECTION('',(-1.,-0.,-0.));
#1979 = PCURVE('',#1980,#1985);
#1980 = PLANE('',#1981);
#1981 = AXIS2_PLACEMENT_3D('',#1982,#1983,#1984);
#1982 = CARTESIAN_POINT('',(-1.925,-0.635,0.57));
#1983 = DIRECTION('',(-0.,0.,-1.));
#1984 = DIRECTION('',(1.,0.,0.));
#1985 = DEFINITIONAL_REPRESENTATION('',(#1986),#1990);
#1986 = LINE('',#1987,#1988);
#1987 = CARTESIAN_POINT('',(-0.,-0.2));
#1988 = VECTOR('',#1989,1.);
#1989 = DIRECTION('',(-1.,0.));
#1990 = ( GEOMETRIC_REPRESENTATION_CONTEXT(2) 
PARAMETRIC_REPRESENTATION_CONTEXT() REPRESENTATION_CONTEXT('2D SPACE',''
  ) );
#1991 = PCURVE('',#1992,#1997);
#1992 = PLANE('',#1993);
#1993 = AXIS2_PLACEMENT_3D('',#1994,#1995,#1996);
#1994 = CARTESIAN_POINT('',(-2.393026590766,-0.435,0.278923406481));
#1995 = DIRECTION('',(-0.,-1.,-0.));
#1996 = DIRECTION('',(0.,0.,-1.));
#1997 = DEFINITIONAL_REPRESENTATION('',(#1998),#2002);
#1998 = LINE('',#1999,#2000);
#1999 = CARTESIAN_POINT('',(-0.291076593519,0.468026590766));
#2000 = VECTOR('',#2001,1.);
#2001 = DIRECTION('',(-0.,-1.));
#2002 = ( GEOMETRIC_REPRESENTATION_CONTEXT(2) 
PARAMETRIC_REPRESENTATION_CONTEXT() REPRESENTATION_CONTEXT('2D SPACE',''
  ) );
#2003 = ORIENTED_EDGE('',*,*,#2004,.T.);
#2004 = EDGE_CURVE('',#1972,#2005,#2007,.T.);
#2005 = VERTEX_POINT('',#2006);
#2006 = CARTESIAN_POINT('',(-1.9615,-0.835,0.57));
#2007 = SURFACE_CURVE('',#2008,(#2012,#2019),.PCURVE_S1.);
#2008 = LINE('',#2009,#2010);
#2009 = CARTESIAN_POINT('',(-1.9615,-0.435,0.57));
#2010 = VECTOR('',#2011,1.);
#2011 = DIRECTION('',(-0.,-1.,-0.));
#2012 = PCURVE('',#1980,#2013);
#2013 = DEFINITIONAL_REPRESENTATION('',(#2014),#2018);
#2014 = LINE('',#2015,#2016);
#2015 = CARTESIAN_POINT('',(-3.65E-02,-0.2));
#2016 = VECTOR('',#2017,1.);
#2017 = DIRECTION('',(-0.,1.));
#2018 = ( GEOMETRIC_REPRESENTATION_CONTEXT(2) 
PARAMETRIC_REPRESENTATION_CONTEXT() REPRESENTATION_CONTEXT('2D SPACE',''
  ) );
#2019 = PCURVE('',#2020,#2025);
#2020 = PLANE('',#2021);
#2021 = AXIS2_PLACEMENT_3D('',#2022,#2023,#2024);
#2022 = CARTESIAN_POINT('',(-1.9615,-0.635,0.57));
#2023 = DIRECTION('',(0.916673306291,-0.,-0.399637397567));
#2024 = DIRECTION('',(0.399637397567,0.,0.916673306291));
#2025 = DEFINITIONAL_REPRESENTATION('',(#2026),#2030);
#2026 = LINE('',#2027,#2028);
#2027 = CARTESIAN_POINT('',(-0.,-0.2));
#2028 = VECTOR('',#2029,1.);
#2029 = DIRECTION('',(-0.,1.));
#2030 = ( GEOMETRIC_REPRESENTATION_CONTEXT(2) 
PARAMETRIC_REPRESENTATION_CONTEXT() REPRESENTATION_CONTEXT('2D SPACE',''
  ) );
#2031 = ORIENTED_EDGE('',*,*,#2032,.F.);
#2032 = EDGE_CURVE('',#2033,#2005,#2035,.T.);
#2033 = VERTEX_POINT('',#2034);
#2034 = CARTESIAN_POINT('',(-1.925,-0.835,0.57));
#2035 = SURFACE_CURVE('',#2036,(#2040,#2047),.PCURVE_S1.);
#2036 = LINE('',#2037,#2038);
#2037 = CARTESIAN_POINT('',(-1.925,-0.835,0.57));
#2038 = VECTOR('',#2039,1.);
#2039 = DIRECTION('',(-1.,-0.,-0.));
#2040 = PCURVE('',#1980,#2041);
#2041 = DEFINITIONAL_REPRESENTATION('',(#2042),#2046);
#2042 = LINE('',#2043,#2044);
#2043 = CARTESIAN_POINT('',(-0.,0.2));
#2044 = VECTOR('',#2045,1.);
#2045 = DIRECTION('',(-1.,0.));
#2046 = ( GEOMETRIC_REPRESENTATION_CONTEXT(2) 
PARAMETRIC_REPRESENTATION_CONTEXT() REPRESENTATION_CONTEXT('2D SPACE',''
  ) );
#2047 = PCURVE('',#2048,#2053);
#2048 = PLANE('',#2049);
#2049 = AXIS2_PLACEMENT_3D('',#2050,#2051,#2052);
#2050 = CARTESIAN_POINT('',(-2.393026590766,-0.835,0.278923406481));
#2051 = DIRECTION('',(-0.,-1.,-0.));
#2052 = DIRECTION('',(0.,0.,-1.));
#2053 = DEFINITIONAL_REPRESENTATION('',(#2054),#2058);
#2054 = LINE('',#2055,#2056);
#2055 = CARTESIAN_POINT('',(-0.291076593519,0.468026590766));
#2056 = VECTOR('',#2057,1.);
#2057 = DIRECTION('',(-0.,-1.));
#2058 = ( GEOMETRIC_REPRESENTATION_CONTEXT(2) 
PARAMETRIC_REPRESENTATION_CONTEXT() REPRESENTATION_CONTEXT('2D SPACE',''
  ) );
#2059 = ORIENTED_EDGE('',*,*,#2060,.T.);
#2060 = EDGE_CURVE('',#2033,#1970,#2061,.T.);
#2061 = SURFACE_CURVE('',#2062,(#2066,#2073),.PCURVE_S1.);
#2062 = LINE('',#2063,#2064);
#2063 = CARTESIAN_POINT('',(-1.925,-0.835,0.57));
#2064 = VECTOR('',#2065,1.);
#2065 = DIRECTION('',(-0.,1.,-0.));
#2066 = PCURVE('',#1980,#2067);
#2067 = DEFINITIONAL_REPRESENTATION('',(#2068),#2072);
#2068 = LINE('',#2069,#2070);
#2069 = CARTESIAN_POINT('',(-0.,0.2));
#2070 = VECTOR('',#2071,1.);
#2071 = DIRECTION('',(-0.,-1.));
#2072 = ( GEOMETRIC_REPRESENTATION_CONTEXT(2) 
PARAMETRIC_REPRESENTATION_CONTEXT() REPRESENTATION_CONTEXT('2D SPACE',''
  ) );
#2073 = PCURVE('',#2074,#2079);
#2074 = PLANE('',#2075);
#2075 = AXIS2_PLACEMENT_3D('',#2076,#2077,#2078);
#2076 = CARTESIAN_POINT('',(-1.925,-0.635,0.77));
#2077 = DIRECTION('',(1.,-0.,-0.));
#2078 = DIRECTION('',(0.,0.,1.));
#2079 = DEFINITIONAL_REPRESENTATION('',(#2080),#2084);
#2080 = LINE('',#2081,#2082);
#2081 = CARTESIAN_POINT('',(-0.2,0.2));
#2082 = VECTOR('',#2083,1.);
#2083 = DIRECTION('',(-0.,-1.));
#2084 = ( GEOMETRIC_REPRESENTATION_CONTEXT(2) 
PARAMETRIC_REPRESENTATION_CONTEXT() REPRESENTATION_CONTEXT('2D SPACE',''
  ) );
#2085 = ADVANCED_FACE('',(#2086),#2074,.T.);
#2086 = FACE_BOUND('',#2087,.F.);
#2087 = EDGE_LOOP('',(#2088,#2111,#2112,#2135));
#2088 = ORIENTED_EDGE('',*,*,#2089,.T.);
#2089 = EDGE_CURVE('',#2090,#1970,#2092,.T.);
#2090 = VERTEX_POINT('',#2091);
#2091 = CARTESIAN_POINT('',(-1.925,-0.435,0.77));
#2092 = SURFACE_CURVE('',#2093,(#2097,#2104),.PCURVE_S1.);
#2093 = LINE('',#2094,#2095);
#2094 = CARTESIAN_POINT('',(-1.925,-0.435,0.77));
#2095 = VECTOR('',#2096,1.);
#2096 = DIRECTION('',(-0.,-0.,-1.));
#2097 = PCURVE('',#2074,#2098);
#2098 = DEFINITIONAL_REPRESENTATION('',(#2099),#2103);
#2099 = LINE('',#2100,#2101);
#2100 = CARTESIAN_POINT('',(-0.,-0.2));
#2101 = VECTOR('',#2102,1.);
#2102 = DIRECTION('',(-1.,0.));
#2103 = ( GEOMETRIC_REPRESENTATION_CONTEXT(2) 
PARAMETRIC_REPRESENTATION_CONTEXT() REPRESENTATION_CONTEXT('2D SPACE',''
  ) );
#2104 = PCURVE('',#1992,#2105);
#2105 = DEFINITIONAL_REPRESENTATION('',(#2106),#2110);
#2106 = LINE('',#2107,#2108);
#2107 = CARTESIAN_POINT('',(-0.491076593519,0.468026590766));
#2108 = VECTOR('',#2109,1.);
#2109 = DIRECTION('',(1.,-0.));
#2110 = ( GEOMETRIC_REPRESENTATION_CONTEXT(2) 
PARAMETRIC_REPRESENTATION_CONTEXT() REPRESENTATION_CONTEXT('2D SPACE',''
  ) );
#2111 = ORIENTED_EDGE('',*,*,#2060,.F.);
#2112 = ORIENTED_EDGE('',*,*,#2113,.F.);
#2113 = EDGE_CURVE('',#2114,#2033,#2116,.T.);
#2114 = VERTEX_POINT('',#2115);
#2115 = CARTESIAN_POINT('',(-1.925,-0.835,0.77));
#2116 = SURFACE_CURVE('',#2117,(#2121,#2128),.PCURVE_S1.);
#2117 = LINE('',#2118,#2119);
#2118 = CARTESIAN_POINT('',(-1.925,-0.835,0.77));
#2119 = VECTOR('',#2120,1.);
#2120 = DIRECTION('',(-0.,-0.,-1.));
#2121 = PCURVE('',#2074,#2122);
#2122 = DEFINITIONAL_REPRESENTATION('',(#2123),#2127);
#2123 = LINE('',#2124,#2125);
#2124 = CARTESIAN_POINT('',(-0.,0.2));
#2125 = VECTOR('',#2126,1.);
#2126 = DIRECTION('',(-1.,0.));
#2127 = ( GEOMETRIC_REPRESENTATION_CONTEXT(2) 
PARAMETRIC_REPRESENTATION_CONTEXT() REPRESENTATION_CONTEXT('2D SPACE',''
  ) );
#2128 = PCURVE('',#2048,#2129);
#2129 = DEFINITIONAL_REPRESENTATION('',(#2130),#2134);
#2130 = LINE('',#2131,#2132);
#2131 = CARTESIAN_POINT('',(-0.491076593519,0.468026590766));
#2132 = VECTOR('',#2133,1.);
#2133 = DIRECTION('',(1.,-0.));
#2134 = ( GEOMETRIC_REPRESENTATION_CONTEXT(2) 
PARAMETRIC_REPRESENTATION_CONTEXT() REPRESENTATION_CONTEXT('2D SPACE',''
  ) );
#2135 = ORIENTED_EDGE('',*,*,#2136,.T.);
#2136 = EDGE_CURVE('',#2114,#2090,#2137,.T.);
#2137 = SURFACE_CURVE('',#2138,(#2142,#2149),.PCURVE_S1.);
#2138 = LINE('',#2139,#2140);
#2139 = CARTESIAN_POINT('',(-1.925,-0.835,0.77));
#2140 = VECTOR('',#2141,1.);
#2141 = DIRECTION('',(-0.,1.,-0.));
#2142 = PCURVE('',#2074,#2143);
#2143 = DEFINITIONAL_REPRESENTATION('',(#2144),#2148);
#2144 = LINE('',#2145,#2146);
#2145 = CARTESIAN_POINT('',(-0.,0.2));
#2146 = VECTOR('',#2147,1.);
#2147 = DIRECTION('',(-0.,-1.));
#2148 = ( GEOMETRIC_REPRESENTATION_CONTEXT(2) 
PARAMETRIC_REPRESENTATION_CONTEXT() REPRESENTATION_CONTEXT('2D SPACE',''
  ) );
#2149 = PCURVE('',#2150,#2155);
#2150 = PLANE('',#2151);
#2151 = AXIS2_PLACEMENT_3D('',#2152,#2153,#2154);
#2152 = CARTESIAN_POINT('',(-2.1015,-0.635,0.77));
#2153 = DIRECTION('',(-0.,-0.,1.));
#2154 = DIRECTION('',(-1.,0.,0.));
#2155 = DEFINITIONAL_REPRESENTATION('',(#2156),#2160);
#2156 = LINE('',#2157,#2158);
#2157 = CARTESIAN_POINT('',(-0.1765,0.2));
#2158 = VECTOR('',#2159,1.);
#2159 = DIRECTION('',(-0.,-1.));
#2160 = ( GEOMETRIC_REPRESENTATION_CONTEXT(2) 
PARAMETRIC_REPRESENTATION_CONTEXT() REPRESENTATION_CONTEXT('2D SPACE',''
  ) );
#2161 = ADVANCED_FACE('',(#2162),#2150,.T.);
#2162 = FACE_BOUND('',#2163,.F.);
#2163 = EDGE_LOOP('',(#2164,#2187,#2188,#2211));
#2164 = ORIENTED_EDGE('',*,*,#2165,.T.);
#2165 = EDGE_CURVE('',#2166,#2090,#2168,.T.);
#2166 = VERTEX_POINT('',#2167);
#2167 = CARTESIAN_POINT('',(-2.1015,-0.435,0.77));
#2168 = SURFACE_CURVE('',#2169,(#2173,#2180),.PCURVE_S1.);
#2169 = LINE('',#2170,#2171);
#2170 = CARTESIAN_POINT('',(-2.1015,-0.435,0.77));
#2171 = VECTOR('',#2172,1.);
#2172 = DIRECTION('',(1.,-0.,-0.));
#2173 = PCURVE('',#2150,#2174);
#2174 = DEFINITIONAL_REPRESENTATION('',(#2175),#2179);
#2175 = LINE('',#2176,#2177);
#2176 = CARTESIAN_POINT('',(-0.,-0.2));
#2177 = VECTOR('',#2178,1.);
#2178 = DIRECTION('',(-1.,0.));
#2179 = ( GEOMETRIC_REPRESENTATION_CONTEXT(2) 
PARAMETRIC_REPRESENTATION_CONTEXT() REPRESENTATION_CONTEXT('2D SPACE',''
  ) );
#2180 = PCURVE('',#1992,#2181);
#2181 = DEFINITIONAL_REPRESENTATION('',(#2182),#2186);
#2182 = LINE('',#2183,#2184);
#2183 = CARTESIAN_POINT('',(-0.491076593519,0.291526590766));
#2184 = VECTOR('',#2185,1.);
#2185 = DIRECTION('',(-0.,1.));
#2186 = ( GEOMETRIC_REPRESENTATION_CONTEXT(2) 
PARAMETRIC_REPRESENTATION_CONTEXT() REPRESENTATION_CONTEXT('2D SPACE',''
  ) );
#2187 = ORIENTED_EDGE('',*,*,#2136,.F.);
#2188 = ORIENTED_EDGE('',*,*,#2189,.F.);
#2189 = EDGE_CURVE('',#2190,#2114,#2192,.T.);
#2190 = VERTEX_POINT('',#2191);
#2191 = CARTESIAN_POINT('',(-2.1015,-0.835,0.77));
#2192 = SURFACE_CURVE('',#2193,(#2197,#2204),.PCURVE_S1.);
#2193 = LINE('',#2194,#2195);
#2194 = CARTESIAN_POINT('',(-2.1015,-0.835,0.77));
#2195 = VECTOR('',#2196,1.);
#2196 = DIRECTION('',(1.,-0.,-0.));
#2197 = PCURVE('',#2150,#2198);
#2198 = DEFINITIONAL_REPRESENTATION('',(#2199),#2203);
#2199 = LINE('',#2200,#2201);
#2200 = CARTESIAN_POINT('',(-0.,0.2));
#2201 = VECTOR('',#2202,1.);
#2202 = DIRECTION('',(-1.,0.));
#2203 = ( GEOMETRIC_REPRESENTATION_CONTEXT(2) 
PARAMETRIC_REPRESENTATION_CONTEXT() REPRESENTATION_CONTEXT('2D SPACE',''
  ) );
#2204 = PCURVE('',#2048,#2205);
#2205 = DEFINITIONAL_REPRESENTATION('',(#2206),#2210);
#2206 = LINE('',#2207,#2208);
#2207 = CARTESIAN_POINT('',(-0.491076593519,0.291526590766));
#2208 = VECTOR('',#2209,1.);
#2209 = DIRECTION('',(-0.,1.));
#2210 = ( GEOMETRIC_REPRESENTATION_CONTEXT(2) 
PARAMETRIC_REPRESENTATION_CONTEXT() REPRESENTATION_CONTEXT('2D SPACE',''
  ) );
#2211 = ORIENTED_EDGE('',*,*,#2212,.T.);
#2212 = EDGE_CURVE('',#2190,#2166,#2213,.T.);
#2213 = SURFACE_CURVE('',#2214,(#2218,#2225),.PCURVE_S1.);
#2214 = LINE('',#2215,#2216);
#2215 = CARTESIAN_POINT('',(-2.1015,-0.835,0.77));
#2216 = VECTOR('',#2217,1.);
#2217 = DIRECTION('',(-0.,1.,-0.));
#2218 = PCURVE('',#2150,#2219);
#2219 = DEFINITIONAL_REPRESENTATION('',(#2220),#2224);
#2220 = LINE('',#2221,#2222);
#2221 = CARTESIAN_POINT('',(-0.,0.2));
#2222 = VECTOR('',#2223,1.);
#2223 = DIRECTION('',(-0.,-1.));
#2224 = ( GEOMETRIC_REPRESENTATION_CONTEXT(2) 
PARAMETRIC_REPRESENTATION_CONTEXT() REPRESENTATION_CONTEXT('2D SPACE',''
  ) );
#2225 = PCURVE('',#2226,#2231);
#2226 = PLANE('',#2227);
#2227 = AXIS2_PLACEMENT_3D('',#2228,#2229,#2230);
#2228 = CARTESIAN_POINT('',(-2.35,-0.635,0.2));
#2229 = DIRECTION('',(-0.916673306291,-0.,0.399637397567));
#2230 = DIRECTION('',(-0.399637397567,0.,-0.916673306291));
#2231 = DEFINITIONAL_REPRESENTATION('',(#2232),#2236);
#2232 = LINE('',#2233,#2234);
#2233 = CARTESIAN_POINT('',(-0.621813677881,0.2));
#2234 = VECTOR('',#2235,1.);
#2235 = DIRECTION('',(-0.,-1.));
#2236 = ( GEOMETRIC_REPRESENTATION_CONTEXT(2) 
PARAMETRIC_REPRESENTATION_CONTEXT() REPRESENTATION_CONTEXT('2D SPACE',''
  ) );
#2237 = ADVANCED_FACE('',(#2238),#2226,.T.);
#2238 = FACE_BOUND('',#2239,.F.);
#2239 = EDGE_LOOP('',(#2240,#2270,#2291,#2292));
#2240 = ORIENTED_EDGE('',*,*,#2241,.F.);
#2241 = EDGE_CURVE('',#2242,#2244,#2246,.T.);
#2242 = VERTEX_POINT('',#2243);
#2243 = CARTESIAN_POINT('',(-2.35,-0.435,0.2));
#2244 = VERTEX_POINT('',#2245);
#2245 = CARTESIAN_POINT('',(-2.35,-0.835,0.2));
#2246 = SURFACE_CURVE('',#2247,(#2251,#2258),.PCURVE_S1.);
#2247 = LINE('',#2248,#2249);
#2248 = CARTESIAN_POINT('',(-2.35,-0.435,0.2));
#2249 = VECTOR('',#2250,1.);
#2250 = DIRECTION('',(-0.,-1.,-0.));
#2251 = PCURVE('',#2226,#2252);
#2252 = DEFINITIONAL_REPRESENTATION('',(#2253),#2257);
#2253 = LINE('',#2254,#2255);
#2254 = CARTESIAN_POINT('',(-0.,-0.2));
#2255 = VECTOR('',#2256,1.);
#2256 = DIRECTION('',(-0.,1.));
#2257 = ( GEOMETRIC_REPRESENTATION_CONTEXT(2) 
PARAMETRIC_REPRESENTATION_CONTEXT() REPRESENTATION_CONTEXT('2D SPACE',''
  ) );
#2258 = PCURVE('',#2259,#2264);
#2259 = PLANE('',#2260);
#2260 = AXIS2_PLACEMENT_3D('',#2261,#2262,#2263);
#2261 = CARTESIAN_POINT('',(-3.,-0.635,0.2));
#2262 = DIRECTION('',(-0.,-0.,1.));
#2263 = DIRECTION('',(-1.,0.,0.));
#2264 = DEFINITIONAL_REPRESENTATION('',(#2265),#2269);
#2265 = LINE('',#2266,#2267);
#2266 = CARTESIAN_POINT('',(-0.65,-0.2));
#2267 = VECTOR('',#2268,1.);
#2268 = DIRECTION('',(-0.,1.));
#2269 = ( GEOMETRIC_REPRESENTATION_CONTEXT(2) 
PARAMETRIC_REPRESENTATION_CONTEXT() REPRESENTATION_CONTEXT('2D SPACE',''
  ) );
#2270 = ORIENTED_EDGE('',*,*,#2271,.T.);
#2271 = EDGE_CURVE('',#2242,#2166,#2272,.T.);
#2272 = SURFACE_CURVE('',#2273,(#2277,#2284),.PCURVE_S1.);
#2273 = LINE('',#2274,#2275);
#2274 = CARTESIAN_POINT('',(-2.35,-0.435,0.2));
#2275 = VECTOR('',#2276,1.);
#2276 = DIRECTION('',(0.399637397567,-0.,0.916673306291));
#2277 = PCURVE('',#2226,#2278);
#2278 = DEFINITIONAL_REPRESENTATION('',(#2279),#2283);
#2279 = LINE('',#2280,#2281);
#2280 = CARTESIAN_POINT('',(-0.,-0.2));
#2281 = VECTOR('',#2282,1.);
#2282 = DIRECTION('',(-1.,-0.));
#2283 = ( GEOMETRIC_REPRESENTATION_CONTEXT(2) 
PARAMETRIC_REPRESENTATION_CONTEXT() REPRESENTATION_CONTEXT('2D SPACE',''
  ) );
#2284 = PCURVE('',#1992,#2285);
#2285 = DEFINITIONAL_REPRESENTATION('',(#2286),#2290);
#2286 = LINE('',#2287,#2288);
#2287 = CARTESIAN_POINT('',(7.892340648124E-02,4.302659076564E-02));
#2288 = VECTOR('',#2289,1.);
#2289 = DIRECTION('',(-0.916673306291,0.399637397567));
#2290 = ( GEOMETRIC_REPRESENTATION_CONTEXT(2) 
PARAMETRIC_REPRESENTATION_CONTEXT() REPRESENTATION_CONTEXT('2D SPACE',''
  ) );
#2291 = ORIENTED_EDGE('',*,*,#2212,.F.);
#2292 = ORIENTED_EDGE('',*,*,#2293,.F.);
#2293 = EDGE_CURVE('',#2244,#2190,#2294,.T.);
#2294 = SURFACE_CURVE('',#2295,(#2299,#2306),.PCURVE_S1.);
#2295 = LINE('',#2296,#2297);
#2296 = CARTESIAN_POINT('',(-2.35,-0.835,0.2));
#2297 = VECTOR('',#2298,1.);
#2298 = DIRECTION('',(0.399637397567,-0.,0.916673306291));
#2299 = PCURVE('',#2226,#2300);
#2300 = DEFINITIONAL_REPRESENTATION('',(#2301),#2305);
#2301 = LINE('',#2302,#2303);
#2302 = CARTESIAN_POINT('',(-0.,0.2));
#2303 = VECTOR('',#2304,1.);
#2304 = DIRECTION('',(-1.,-0.));
#2305 = ( GEOMETRIC_REPRESENTATION_CONTEXT(2) 
PARAMETRIC_REPRESENTATION_CONTEXT() REPRESENTATION_CONTEXT('2D SPACE',''
  ) );
#2306 = PCURVE('',#2048,#2307);
#2307 = DEFINITIONAL_REPRESENTATION('',(#2308),#2312);
#2308 = LINE('',#2309,#2310);
#2309 = CARTESIAN_POINT('',(7.892340648124E-02,4.302659076564E-02));
#2310 = VECTOR('',#2311,1.);
#2311 = DIRECTION('',(-0.916673306291,0.399637397567));
#2312 = ( GEOMETRIC_REPRESENTATION_CONTEXT(2) 
PARAMETRIC_REPRESENTATION_CONTEXT() REPRESENTATION_CONTEXT('2D SPACE',''
  ) );
#2313 = ADVANCED_FACE('',(#2314),#2259,.T.);
#2314 = FACE_BOUND('',#2315,.F.);
#2315 = EDGE_LOOP('',(#2316,#2346,#2367,#2368));
#2316 = ORIENTED_EDGE('',*,*,#2317,.F.);
#2317 = EDGE_CURVE('',#2318,#2320,#2322,.T.);
#2318 = VERTEX_POINT('',#2319);
#2319 = CARTESIAN_POINT('',(-3.,-0.435,0.2));
#2320 = VERTEX_POINT('',#2321);
#2321 = CARTESIAN_POINT('',(-3.,-0.835,0.2));
#2322 = SURFACE_CURVE('',#2323,(#2327,#2334),.PCURVE_S1.);
#2323 = LINE('',#2324,#2325);
#2324 = CARTESIAN_POINT('',(-3.,-0.435,0.2));
#2325 = VECTOR('',#2326,1.);
#2326 = DIRECTION('',(-0.,-1.,-0.));
#2327 = PCURVE('',#2259,#2328);
#2328 = DEFINITIONAL_REPRESENTATION('',(#2329),#2333);
#2329 = LINE('',#2330,#2331);
#2330 = CARTESIAN_POINT('',(-0.,-0.2));
#2331 = VECTOR('',#2332,1.);
#2332 = DIRECTION('',(-0.,1.));
#2333 = ( GEOMETRIC_REPRESENTATION_CONTEXT(2) 
PARAMETRIC_REPRESENTATION_CONTEXT() REPRESENTATION_CONTEXT('2D SPACE',''
  ) );
#2334 = PCURVE('',#2335,#2340);
#2335 = PLANE('',#2336);
#2336 = AXIS2_PLACEMENT_3D('',#2337,#2338,#2339);
#2337 = CARTESIAN_POINT('',(-3.,-0.635,0.));
#2338 = DIRECTION('',(-1.,-0.,-0.));
#2339 = DIRECTION('',(0.,0.,-1.));
#2340 = DEFINITIONAL_REPRESENTATION('',(#2341),#2345);
#2341 = LINE('',#2342,#2343);
#2342 = CARTESIAN_POINT('',(-0.2,-0.2));
#2343 = VECTOR('',#2344,1.);
#2344 = DIRECTION('',(-0.,1.));
#2345 = ( GEOMETRIC_REPRESENTATION_CONTEXT(2) 
PARAMETRIC_REPRESENTATION_CONTEXT() REPRESENTATION_CONTEXT('2D SPACE',''
  ) );
#2346 = ORIENTED_EDGE('',*,*,#2347,.T.);
#2347 = EDGE_CURVE('',#2318,#2242,#2348,.T.);
#2348 = SURFACE_CURVE('',#2349,(#2353,#2360),.PCURVE_S1.);
#2349 = LINE('',#2350,#2351);
#2350 = CARTESIAN_POINT('',(-3.,-0.435,0.2));
#2351 = VECTOR('',#2352,1.);
#2352 = DIRECTION('',(1.,-0.,-0.));
#2353 = PCURVE('',#2259,#2354);
#2354 = DEFINITIONAL_REPRESENTATION('',(#2355),#2359);
#2355 = LINE('',#2356,#2357);
#2356 = CARTESIAN_POINT('',(-0.,-0.2));
#2357 = VECTOR('',#2358,1.);
#2358 = DIRECTION('',(-1.,0.));
#2359 = ( GEOMETRIC_REPRESENTATION_CONTEXT(2) 
PARAMETRIC_REPRESENTATION_CONTEXT() REPRESENTATION_CONTEXT('2D SPACE',''
  ) );
#2360 = PCURVE('',#1992,#2361);
#2361 = DEFINITIONAL_REPRESENTATION('',(#2362),#2366);
#2362 = LINE('',#2363,#2364);
#2363 = CARTESIAN_POINT('',(7.892340648124E-02,-0.606973409234));
#2364 = VECTOR('',#2365,1.);
#2365 = DIRECTION('',(-0.,1.));
#2366 = ( GEOMETRIC_REPRESENTATION_CONTEXT(2) 
PARAMETRIC_REPRESENTATION_CONTEXT() REPRESENTATION_CONTEXT('2D SPACE',''
  ) );
#2367 = ORIENTED_EDGE('',*,*,#2241,.T.);
#2368 = ORIENTED_EDGE('',*,*,#2369,.F.);
#2369 = EDGE_CURVE('',#2320,#2244,#2370,.T.);
#2370 = SURFACE_CURVE('',#2371,(#2375,#2382),.PCURVE_S1.);
#2371 = LINE('',#2372,#2373);
#2372 = CARTESIAN_POINT('',(-3.,-0.835,0.2));
#2373 = VECTOR('',#2374,1.);
#2374 = DIRECTION('',(1.,-0.,-0.));
#2375 = PCURVE('',#2259,#2376);
#2376 = DEFINITIONAL_REPRESENTATION('',(#2377),#2381);
#2377 = LINE('',#2378,#2379);
#2378 = CARTESIAN_POINT('',(-0.,0.2));
#2379 = VECTOR('',#2380,1.);
#2380 = DIRECTION('',(-1.,0.));
#2381 = ( GEOMETRIC_REPRESENTATION_CONTEXT(2) 
PARAMETRIC_REPRESENTATION_CONTEXT() REPRESENTATION_CONTEXT('2D SPACE',''
  ) );
#2382 = PCURVE('',#2048,#2383);
#2383 = DEFINITIONAL_REPRESENTATION('',(#2384),#2388);
#2384 = LINE('',#2385,#2386);
#2385 = CARTESIAN_POINT('',(7.892340648124E-02,-0.606973409234));
#2386 = VECTOR('',#2387,1.);
#2387 = DIRECTION('',(-0.,1.));
#2388 = ( GEOMETRIC_REPRESENTATION_CONTEXT(2) 
PARAMETRIC_REPRESENTATION_CONTEXT() REPRESENTATION_CONTEXT('2D SPACE',''
  ) );
#2389 = ADVANCED_FACE('',(#2390),#2335,.T.);
#2390 = FACE_BOUND('',#2391,.F.);
#2391 = EDGE_LOOP('',(#2392,#2422,#2443,#2444));
#2392 = ORIENTED_EDGE('',*,*,#2393,.F.);
#2393 = EDGE_CURVE('',#2394,#2396,#2398,.T.);
#2394 = VERTEX_POINT('',#2395);
#2395 = CARTESIAN_POINT('',(-3.,-0.435,0.));
#2396 = VERTEX_POINT('',#2397);
#2397 = CARTESIAN_POINT('',(-3.,-0.835,0.));
#2398 = SURFACE_CURVE('',#2399,(#2403,#2410),.PCURVE_S1.);
#2399 = LINE('',#2400,#2401);
#2400 = CARTESIAN_POINT('',(-3.,-0.435,0.));
#2401 = VECTOR('',#2402,1.);
#2402 = DIRECTION('',(-0.,-1.,-0.));
#2403 = PCURVE('',#2335,#2404);
#2404 = DEFINITIONAL_REPRESENTATION('',(#2405),#2409);
#2405 = LINE('',#2406,#2407);
#2406 = CARTESIAN_POINT('',(-0.,-0.2));
#2407 = VECTOR('',#2408,1.);
#2408 = DIRECTION('',(-0.,1.));
#2409 = ( GEOMETRIC_REPRESENTATION_CONTEXT(2) 
PARAMETRIC_REPRESENTATION_CONTEXT() REPRESENTATION_CONTEXT('2D SPACE',''
  ) );
#2410 = PCURVE('',#2411,#2416);
#2411 = PLANE('',#2412);
#2412 = AXIS2_PLACEMENT_3D('',#2413,#2414,#2415);
#2413 = CARTESIAN_POINT('',(-2.21,-0.635,0.));
#2414 = DIRECTION('',(-0.,0.,-1.));
#2415 = DIRECTION('',(1.,0.,0.));
#2416 = DEFINITIONAL_REPRESENTATION('',(#2417),#2421);
#2417 = LINE('',#2418,#2419);
#2418 = CARTESIAN_POINT('',(-0.79,-0.2));
#2419 = VECTOR('',#2420,1.);
#2420 = DIRECTION('',(-0.,1.));
#2421 = ( GEOMETRIC_REPRESENTATION_CONTEXT(2) 
PARAMETRIC_REPRESENTATION_CONTEXT() REPRESENTATION_CONTEXT('2D SPACE',''
  ) );
#2422 = ORIENTED_EDGE('',*,*,#2423,.T.);
#2423 = EDGE_CURVE('',#2394,#2318,#2424,.T.);
#2424 = SURFACE_CURVE('',#2425,(#2429,#2436),.PCURVE_S1.);
#2425 = LINE('',#2426,#2427);
#2426 = CARTESIAN_POINT('',(-3.,-0.435,0.));
#2427 = VECTOR('',#2428,1.);
#2428 = DIRECTION('',(-0.,-0.,1.));
#2429 = PCURVE('',#2335,#2430);
#2430 = DEFINITIONAL_REPRESENTATION('',(#2431),#2435);
#2431 = LINE('',#2432,#2433);
#2432 = CARTESIAN_POINT('',(-0.,-0.2));
#2433 = VECTOR('',#2434,1.);
#2434 = DIRECTION('',(-1.,-0.));
#2435 = ( GEOMETRIC_REPRESENTATION_CONTEXT(2) 
PARAMETRIC_REPRESENTATION_CONTEXT() REPRESENTATION_CONTEXT('2D SPACE',''
  ) );
#2436 = PCURVE('',#1992,#2437);
#2437 = DEFINITIONAL_REPRESENTATION('',(#2438),#2442);
#2438 = LINE('',#2439,#2440);
#2439 = CARTESIAN_POINT('',(0.278923406481,-0.606973409234));
#2440 = VECTOR('',#2441,1.);
#2441 = DIRECTION('',(-1.,0.));
#2442 = ( GEOMETRIC_REPRESENTATION_CONTEXT(2) 
PARAMETRIC_REPRESENTATION_CONTEXT() REPRESENTATION_CONTEXT('2D SPACE',''
  ) );
#2443 = ORIENTED_EDGE('',*,*,#2317,.T.);
#2444 = ORIENTED_EDGE('',*,*,#2445,.F.);
#2445 = EDGE_CURVE('',#2396,#2320,#2446,.T.);
#2446 = SURFACE_CURVE('',#2447,(#2451,#2458),.PCURVE_S1.);
#2447 = LINE('',#2448,#2449);
#2448 = CARTESIAN_POINT('',(-3.,-0.835,0.));
#2449 = VECTOR('',#2450,1.);
#2450 = DIRECTION('',(-0.,-0.,1.));
#2451 = PCURVE('',#2335,#2452);
#2452 = DEFINITIONAL_REPRESENTATION('',(#2453),#2457);
#2453 = LINE('',#2454,#2455);
#2454 = CARTESIAN_POINT('',(-0.,0.2));
#2455 = VECTOR('',#2456,1.);
#2456 = DIRECTION('',(-1.,-0.));
#2457 = ( GEOMETRIC_REPRESENTATION_CONTEXT(2) 
PARAMETRIC_REPRESENTATION_CONTEXT() REPRESENTATION_CONTEXT('2D SPACE',''
  ) );
#2458 = PCURVE('',#2048,#2459);
#2459 = DEFINITIONAL_REPRESENTATION('',(#2460),#2464);
#2460 = LINE('',#2461,#2462);
#2461 = CARTESIAN_POINT('',(0.278923406481,-0.606973409234));
#2462 = VECTOR('',#2463,1.);
#2463 = DIRECTION('',(-1.,0.));
#2464 = ( GEOMETRIC_REPRESENTATION_CONTEXT(2) 
PARAMETRIC_REPRESENTATION_CONTEXT() REPRESENTATION_CONTEXT('2D SPACE',''
  ) );
#2465 = ADVANCED_FACE('',(#2466),#2411,.T.);
#2466 = FACE_BOUND('',#2467,.F.);
#2467 = EDGE_LOOP('',(#2468,#2493,#2514,#2515));
#2468 = ORIENTED_EDGE('',*,*,#2469,.F.);
#2469 = EDGE_CURVE('',#2470,#2472,#2474,.T.);
#2470 = VERTEX_POINT('',#2471);
#2471 = CARTESIAN_POINT('',(-2.21,-0.435,0.));
#2472 = VERTEX_POINT('',#2473);
#2473 = CARTESIAN_POINT('',(-2.21,-0.835,0.));
#2474 = SURFACE_CURVE('',#2475,(#2479,#2486),.PCURVE_S1.);
#2475 = LINE('',#2476,#2477);
#2476 = CARTESIAN_POINT('',(-2.21,-0.435,0.));
#2477 = VECTOR('',#2478,1.);
#2478 = DIRECTION('',(-0.,-1.,-0.));
#2479 = PCURVE('',#2411,#2480);
#2480 = DEFINITIONAL_REPRESENTATION('',(#2481),#2485);
#2481 = LINE('',#2482,#2483);
#2482 = CARTESIAN_POINT('',(-0.,-0.2));
#2483 = VECTOR('',#2484,1.);
#2484 = DIRECTION('',(-0.,1.));
#2485 = ( GEOMETRIC_REPRESENTATION_CONTEXT(2) 
PARAMETRIC_REPRESENTATION_CONTEXT() REPRESENTATION_CONTEXT('2D SPACE',''
  ) );
#2486 = PCURVE('',#2020,#2487);
#2487 = DEFINITIONAL_REPRESENTATION('',(#2488),#2492);
#2488 = LINE('',#2489,#2490);
#2489 = CARTESIAN_POINT('',(-0.621813677881,-0.2));
#2490 = VECTOR('',#2491,1.);
#2491 = DIRECTION('',(-0.,1.));
#2492 = ( GEOMETRIC_REPRESENTATION_CONTEXT(2) 
PARAMETRIC_REPRESENTATION_CONTEXT() REPRESENTATION_CONTEXT('2D SPACE',''
  ) );
#2493 = ORIENTED_EDGE('',*,*,#2494,.T.);
#2494 = EDGE_CURVE('',#2470,#2394,#2495,.T.);
#2495 = SURFACE_CURVE('',#2496,(#2500,#2507),.PCURVE_S1.);
#2496 = LINE('',#2497,#2498);
#2497 = CARTESIAN_POINT('',(-2.21,-0.435,0.));
#2498 = VECTOR('',#2499,1.);
#2499 = DIRECTION('',(-1.,-0.,-0.));
#2500 = PCURVE('',#2411,#2501);
#2501 = DEFINITIONAL_REPRESENTATION('',(#2502),#2506);
#2502 = LINE('',#2503,#2504);
#2503 = CARTESIAN_POINT('',(-0.,-0.2));
#2504 = VECTOR('',#2505,1.);
#2505 = DIRECTION('',(-1.,0.));
#2506 = ( GEOMETRIC_REPRESENTATION_CONTEXT(2) 
PARAMETRIC_REPRESENTATION_CONTEXT() REPRESENTATION_CONTEXT('2D SPACE',''
  ) );
#2507 = PCURVE('',#1992,#2508);
#2508 = DEFINITIONAL_REPRESENTATION('',(#2509),#2513);
#2509 = LINE('',#2510,#2511);
#2510 = CARTESIAN_POINT('',(0.278923406481,0.183026590766));
#2511 = VECTOR('',#2512,1.);
#2512 = DIRECTION('',(-0.,-1.));
#2513 = ( GEOMETRIC_REPRESENTATION_CONTEXT(2) 
PARAMETRIC_REPRESENTATION_CONTEXT() REPRESENTATION_CONTEXT('2D SPACE',''
  ) );
#2514 = ORIENTED_EDGE('',*,*,#2393,.T.);
#2515 = ORIENTED_EDGE('',*,*,#2516,.F.);
#2516 = EDGE_CURVE('',#2472,#2396,#2517,.T.);
#2517 = SURFACE_CURVE('',#2518,(#2522,#2529),.PCURVE_S1.);
#2518 = LINE('',#2519,#2520);
#2519 = CARTESIAN_POINT('',(-2.21,-0.835,0.));
#2520 = VECTOR('',#2521,1.);
#2521 = DIRECTION('',(-1.,-0.,-0.));
#2522 = PCURVE('',#2411,#2523);
#2523 = DEFINITIONAL_REPRESENTATION('',(#2524),#2528);
#2524 = LINE('',#2525,#2526);
#2525 = CARTESIAN_POINT('',(-0.,0.2));
#2526 = VECTOR('',#2527,1.);
#2527 = DIRECTION('',(-1.,0.));
#2528 = ( GEOMETRIC_REPRESENTATION_CONTEXT(2) 
PARAMETRIC_REPRESENTATION_CONTEXT() REPRESENTATION_CONTEXT('2D SPACE',''
  ) );
#2529 = PCURVE('',#2048,#2530);
#2530 = DEFINITIONAL_REPRESENTATION('',(#2531),#2535);
#2531 = LINE('',#2532,#2533);
#2532 = CARTESIAN_POINT('',(0.278923406481,0.183026590766));
#2533 = VECTOR('',#2534,1.);
#2534 = DIRECTION('',(-0.,-1.));
#2535 = ( GEOMETRIC_REPRESENTATION_CONTEXT(2) 
PARAMETRIC_REPRESENTATION_CONTEXT() REPRESENTATION_CONTEXT('2D SPACE',''
  ) );
#2536 = ADVANCED_FACE('',(#2537),#2048,.T.);
#2537 = FACE_BOUND('',#2538,.F.);
#2538 = EDGE_LOOP('',(#2539,#2540,#2561,#2562,#2563,#2564,#2565,#2566));
#2539 = ORIENTED_EDGE('',*,*,#2032,.T.);
#2540 = ORIENTED_EDGE('',*,*,#2541,.T.);
#2541 = EDGE_CURVE('',#2005,#2472,#2542,.T.);
#2542 = SURFACE_CURVE('',#2543,(#2547,#2554),.PCURVE_S1.);
#2543 = LINE('',#2544,#2545);
#2544 = CARTESIAN_POINT('',(-1.9615,-0.835,0.57));
#2545 = VECTOR('',#2546,1.);
#2546 = DIRECTION('',(-0.399637397567,-0.,-0.916673306291));
#2547 = PCURVE('',#2048,#2548);
#2548 = DEFINITIONAL_REPRESENTATION('',(#2549),#2553);
#2549 = LINE('',#2550,#2551);
#2550 = CARTESIAN_POINT('',(-0.291076593519,0.431526590766));
#2551 = VECTOR('',#2552,1.);
#2552 = DIRECTION('',(0.916673306291,-0.399637397567));
#2553 = ( GEOMETRIC_REPRESENTATION_CONTEXT(2) 
PARAMETRIC_REPRESENTATION_CONTEXT() REPRESENTATION_CONTEXT('2D SPACE',''
  ) );
#2554 = PCURVE('',#2020,#2555);
#2555 = DEFINITIONAL_REPRESENTATION('',(#2556),#2560);
#2556 = LINE('',#2557,#2558);
#2557 = CARTESIAN_POINT('',(-0.,0.2));
#2558 = VECTOR('',#2559,1.);
#2559 = DIRECTION('',(-1.,0.));
#2560 = ( GEOMETRIC_REPRESENTATION_CONTEXT(2) 
PARAMETRIC_REPRESENTATION_CONTEXT() REPRESENTATION_CONTEXT('2D SPACE',''
  ) );
#2561 = ORIENTED_EDGE('',*,*,#2516,.T.);
#2562 = ORIENTED_EDGE('',*,*,#2445,.T.);
#2563 = ORIENTED_EDGE('',*,*,#2369,.T.);
#2564 = ORIENTED_EDGE('',*,*,#2293,.T.);
#2565 = ORIENTED_EDGE('',*,*,#2189,.T.);
#2566 = ORIENTED_EDGE('',*,*,#2113,.T.);
#2567 = ADVANCED_FACE('',(#2568),#2020,.T.);
#2568 = FACE_BOUND('',#2569,.F.);
#2569 = EDGE_LOOP('',(#2570,#2571,#2592,#2593));
#2570 = ORIENTED_EDGE('',*,*,#2004,.F.);
#2571 = ORIENTED_EDGE('',*,*,#2572,.T.);
#2572 = EDGE_CURVE('',#1972,#2470,#2573,.T.);
#2573 = SURFACE_CURVE('',#2574,(#2578,#2585),.PCURVE_S1.);
#2574 = LINE('',#2575,#2576);
#2575 = CARTESIAN_POINT('',(-1.9615,-0.435,0.57));
#2576 = VECTOR('',#2577,1.);
#2577 = DIRECTION('',(-0.399637397567,-0.,-0.916673306291));
#2578 = PCURVE('',#2020,#2579);
#2579 = DEFINITIONAL_REPRESENTATION('',(#2580),#2584);
#2580 = LINE('',#2581,#2582);
#2581 = CARTESIAN_POINT('',(-0.,-0.2));
#2582 = VECTOR('',#2583,1.);
#2583 = DIRECTION('',(-1.,0.));
#2584 = ( GEOMETRIC_REPRESENTATION_CONTEXT(2) 
PARAMETRIC_REPRESENTATION_CONTEXT() REPRESENTATION_CONTEXT('2D SPACE',''
  ) );
#2585 = PCURVE('',#1992,#2586);
#2586 = DEFINITIONAL_REPRESENTATION('',(#2587),#2591);
#2587 = LINE('',#2588,#2589);
#2588 = CARTESIAN_POINT('',(-0.291076593519,0.431526590766));
#2589 = VECTOR('',#2590,1.);
#2590 = DIRECTION('',(0.916673306291,-0.399637397567));
#2591 = ( GEOMETRIC_REPRESENTATION_CONTEXT(2) 
PARAMETRIC_REPRESENTATION_CONTEXT() REPRESENTATION_CONTEXT('2D SPACE',''
  ) );
#2592 = ORIENTED_EDGE('',*,*,#2469,.T.);
#2593 = ORIENTED_EDGE('',*,*,#2541,.F.);
#2594 = ADVANCED_FACE('',(#2595),#1992,.F.);
#2595 = FACE_BOUND('',#2596,.T.);
#2596 = EDGE_LOOP('',(#2597,#2598,#2599,#2600,#2601,#2602,#2603,#2604));
#2597 = ORIENTED_EDGE('',*,*,#1969,.T.);
#2598 = ORIENTED_EDGE('',*,*,#2572,.T.);
#2599 = ORIENTED_EDGE('',*,*,#2494,.T.);
#2600 = ORIENTED_EDGE('',*,*,#2423,.T.);
#2601 = ORIENTED_EDGE('',*,*,#2347,.T.);
#2602 = ORIENTED_EDGE('',*,*,#2271,.T.);
#2603 = ORIENTED_EDGE('',*,*,#2165,.T.);
#2604 = ORIENTED_EDGE('',*,*,#2089,.T.);
#2605 = ( GEOMETRIC_REPRESENTATION_CONTEXT(3) 
GLOBAL_UNCERTAINTY_ASSIGNED_CONTEXT((#2609)) 
GLOBAL_UNIT_ASSIGNED_CONTEXT((#2606,#2607,#2608)) REPRESENTATION_CONTEXT
('Context #1','3D Context with UNIT and UNCERTAINTY') );
#2606 = ( LENGTH_UNIT() NAMED_UNIT(*) SI_UNIT(.MILLI.,.METRE.) );
#2607 = ( NAMED_UNIT(*) PLANE_ANGLE_UNIT() SI_UNIT($,.RADIAN.) );
#2608 = ( NAMED_UNIT(*) SI_UNIT($,.STERADIAN.) SOLID_ANGLE_UNIT() );
#2609 = UNCERTAINTY_MEASURE_WITH_UNIT(LENGTH_MEASURE(1.E-07),#2606,
  'distance_accuracy_value','confusion accuracy');
#2610 = CONTEXT_DEPENDENT_SHAPE_REPRESENTATION(#2611,#2613);
#2611 = ( REPRESENTATION_RELATIONSHIP('','',#1962,#10) 
REPRESENTATION_RELATIONSHIP_WITH_TRANSFORMATION(#2612) 
SHAPE_REPRESENTATION_RELATIONSHIP() );
#2612 = ITEM_DEFINED_TRANSFORMATION('','',#11,#31);
#2613 = PRODUCT_DEFINITION_SHAPE('Placement','Placement of an item',
  #2614);
#2614 = NEXT_ASSEMBLY_USAGE_OCCURRENCE('18','pin3','',#5,#1957,$);
#2615 = PRODUCT_RELATED_PRODUCT_CATEGORY('part',$,(#1959));
#2616 = SHAPE_DEFINITION_REPRESENTATION(#2617,#2623);
#2617 = PRODUCT_DEFINITION_SHAPE('','',#2618);
#2618 = PRODUCT_DEFINITION('design','',#2619,#2622);
#2619 = PRODUCT_DEFINITION_FORMATION('','',#2620);
#2620 = PRODUCT('pin4','pin4','',(#2621));
#2621 = PRODUCT_CONTEXT('',#2,'mechanical');
#2622 = PRODUCT_DEFINITION_CONTEXT('part definition',#2,'design');
#2623 = ADVANCED_BREP_SHAPE_REPRESENTATION('',(#11,#2624),#3266);
#2624 = MANIFOLD_SOLID_BREP('',#2625);
#2625 = CLOSED_SHELL('',(#2626,#2746,#2822,#2898,#2974,#3050,#3126,#3197
    ,#3228,#3255));
#2626 = ADVANCED_FACE('',(#2627),#2641,.T.);
#2627 = FACE_BOUND('',#2628,.F.);
#2628 = EDGE_LOOP('',(#2629,#2664,#2692,#2720));
#2629 = ORIENTED_EDGE('',*,*,#2630,.T.);
#2630 = EDGE_CURVE('',#2631,#2633,#2635,.T.);
#2631 = VERTEX_POINT('',#2632);
#2632 = CARTESIAN_POINT('',(-1.925,-1.705,0.57));
#2633 = VERTEX_POINT('',#2634);
#2634 = CARTESIAN_POINT('',(-1.9615,-1.705,0.57));
#2635 = SURFACE_CURVE('',#2636,(#2640,#2652),.PCURVE_S1.);
#2636 = LINE('',#2637,#2638);
#2637 = CARTESIAN_POINT('',(-1.925,-1.705,0.57));
#2638 = VECTOR('',#2639,1.);
#2639 = DIRECTION('',(-1.,-0.,-0.));
#2640 = PCURVE('',#2641,#2646);
#2641 = PLANE('',#2642);
#2642 = AXIS2_PLACEMENT_3D('',#2643,#2644,#2645);
#2643 = CARTESIAN_POINT('',(-1.925,-1.905,0.57));
#2644 = DIRECTION('',(-0.,0.,-1.));
#2645 = DIRECTION('',(1.,0.,0.));
#2646 = DEFINITIONAL_REPRESENTATION('',(#2647),#2651);
#2647 = LINE('',#2648,#2649);
#2648 = CARTESIAN_POINT('',(-0.,-0.2));
#2649 = VECTOR('',#2650,1.);
#2650 = DIRECTION('',(-1.,0.));
#2651 = ( GEOMETRIC_REPRESENTATION_CONTEXT(2) 
PARAMETRIC_REPRESENTATION_CONTEXT() REPRESENTATION_CONTEXT('2D SPACE',''
  ) );
#2652 = PCURVE('',#2653,#2658);
#2653 = PLANE('',#2654);
#2654 = AXIS2_PLACEMENT_3D('',#2655,#2656,#2657);
#2655 = CARTESIAN_POINT('',(-2.393026590766,-1.705,0.278923406481));
#2656 = DIRECTION('',(-0.,-1.,-0.));
#2657 = DIRECTION('',(0.,0.,-1.));
#2658 = DEFINITIONAL_REPRESENTATION('',(#2659),#2663);
#2659 = LINE('',#2660,#2661);
#2660 = CARTESIAN_POINT('',(-0.291076593519,0.468026590766));
#2661 = VECTOR('',#2662,1.);
#2662 = DIRECTION('',(-0.,-1.));
#2663 = ( GEOMETRIC_REPRESENTATION_CONTEXT(2) 
PARAMETRIC_REPRESENTATION_CONTEXT() REPRESENTATION_CONTEXT('2D SPACE',''
  ) );
#2664 = ORIENTED_EDGE('',*,*,#2665,.T.);
#2665 = EDGE_CURVE('',#2633,#2666,#2668,.T.);
#2666 = VERTEX_POINT('',#2667);
#2667 = CARTESIAN_POINT('',(-1.9615,-2.105,0.57));
#2668 = SURFACE_CURVE('',#2669,(#2673,#2680),.PCURVE_S1.);
#2669 = LINE('',#2670,#2671);
#2670 = CARTESIAN_POINT('',(-1.9615,-1.705,0.57));
#2671 = VECTOR('',#2672,1.);
#2672 = DIRECTION('',(-0.,-1.,-0.));
#2673 = PCURVE('',#2641,#2674);
#2674 = DEFINITIONAL_REPRESENTATION('',(#2675),#2679);
#2675 = LINE('',#2676,#2677);
#2676 = CARTESIAN_POINT('',(-3.65E-02,-0.2));
#2677 = VECTOR('',#2678,1.);
#2678 = DIRECTION('',(-0.,1.));
#2679 = ( GEOMETRIC_REPRESENTATION_CONTEXT(2) 
PARAMETRIC_REPRESENTATION_CONTEXT() REPRESENTATION_CONTEXT('2D SPACE',''
  ) );
#2680 = PCURVE('',#2681,#2686);
#2681 = PLANE('',#2682);
#2682 = AXIS2_PLACEMENT_3D('',#2683,#2684,#2685);
#2683 = CARTESIAN_POINT('',(-1.9615,-1.905,0.57));
#2684 = DIRECTION('',(0.916673306291,-0.,-0.399637397567));
#2685 = DIRECTION('',(0.399637397567,0.,0.916673306291));
#2686 = DEFINITIONAL_REPRESENTATION('',(#2687),#2691);
#2687 = LINE('',#2688,#2689);
#2688 = CARTESIAN_POINT('',(-0.,-0.2));
#2689 = VECTOR('',#2690,1.);
#2690 = DIRECTION('',(-0.,1.));
#2691 = ( GEOMETRIC_REPRESENTATION_CONTEXT(2) 
PARAMETRIC_REPRESENTATION_CONTEXT() REPRESENTATION_CONTEXT('2D SPACE',''
  ) );
#2692 = ORIENTED_EDGE('',*,*,#2693,.F.);
#2693 = EDGE_CURVE('',#2694,#2666,#2696,.T.);
#2694 = VERTEX_POINT('',#2695);
#2695 = CARTESIAN_POINT('',(-1.925,-2.105,0.57));
#2696 = SURFACE_CURVE('',#2697,(#2701,#2708),.PCURVE_S1.);
#2697 = LINE('',#2698,#2699);
#2698 = CARTESIAN_POINT('',(-1.925,-2.105,0.57));
#2699 = VECTOR('',#2700,1.);
#2700 = DIRECTION('',(-1.,-0.,-0.));
#2701 = PCURVE('',#2641,#2702);
#2702 = DEFINITIONAL_REPRESENTATION('',(#2703),#2707);
#2703 = LINE('',#2704,#2705);
#2704 = CARTESIAN_POINT('',(-0.,0.2));
#2705 = VECTOR('',#2706,1.);
#2706 = DIRECTION('',(-1.,0.));
#2707 = ( GEOMETRIC_REPRESENTATION_CONTEXT(2) 
PARAMETRIC_REPRESENTATION_CONTEXT() REPRESENTATION_CONTEXT('2D SPACE',''
  ) );
#2708 = PCURVE('',#2709,#2714);
#2709 = PLANE('',#2710);
#2710 = AXIS2_PLACEMENT_3D('',#2711,#2712,#2713);
#2711 = CARTESIAN_POINT('',(-2.393026590766,-2.105,0.278923406481));
#2712 = DIRECTION('',(-0.,-1.,-0.));
#2713 = DIRECTION('',(0.,0.,-1.));
#2714 = DEFINITIONAL_REPRESENTATION('',(#2715),#2719);
#2715 = LINE('',#2716,#2717);
#2716 = CARTESIAN_POINT('',(-0.291076593519,0.468026590766));
#2717 = VECTOR('',#2718,1.);
#2718 = DIRECTION('',(-0.,-1.));
#2719 = ( GEOMETRIC_REPRESENTATION_CONTEXT(2) 
PARAMETRIC_REPRESENTATION_CONTEXT() REPRESENTATION_CONTEXT('2D SPACE',''
  ) );
#2720 = ORIENTED_EDGE('',*,*,#2721,.T.);
#2721 = EDGE_CURVE('',#2694,#2631,#2722,.T.);
#2722 = SURFACE_CURVE('',#2723,(#2727,#2734),.PCURVE_S1.);
#2723 = LINE('',#2724,#2725);
#2724 = CARTESIAN_POINT('',(-1.925,-2.105,0.57));
#2725 = VECTOR('',#2726,1.);
#2726 = DIRECTION('',(-0.,1.,-0.));
#2727 = PCURVE('',#2641,#2728);
#2728 = DEFINITIONAL_REPRESENTATION('',(#2729),#2733);
#2729 = LINE('',#2730,#2731);
#2730 = CARTESIAN_POINT('',(-0.,0.2));
#2731 = VECTOR('',#2732,1.);
#2732 = DIRECTION('',(-0.,-1.));
#2733 = ( GEOMETRIC_REPRESENTATION_CONTEXT(2) 
PARAMETRIC_REPRESENTATION_CONTEXT() REPRESENTATION_CONTEXT('2D SPACE',''
  ) );
#2734 = PCURVE('',#2735,#2740);
#2735 = PLANE('',#2736);
#2736 = AXIS2_PLACEMENT_3D('',#2737,#2738,#2739);
#2737 = CARTESIAN_POINT('',(-1.925,-1.905,0.77));
#2738 = DIRECTION('',(1.,-0.,-0.));
#2739 = DIRECTION('',(0.,0.,1.));
#2740 = DEFINITIONAL_REPRESENTATION('',(#2741),#2745);
#2741 = LINE('',#2742,#2743);
#2742 = CARTESIAN_POINT('',(-0.2,0.2));
#2743 = VECTOR('',#2744,1.);
#2744 = DIRECTION('',(-0.,-1.));
#2745 = ( GEOMETRIC_REPRESENTATION_CONTEXT(2) 
PARAMETRIC_REPRESENTATION_CONTEXT() REPRESENTATION_CONTEXT('2D SPACE',''
  ) );
#2746 = ADVANCED_FACE('',(#2747),#2735,.T.);
#2747 = FACE_BOUND('',#2748,.F.);
#2748 = EDGE_LOOP('',(#2749,#2772,#2773,#2796));
#2749 = ORIENTED_EDGE('',*,*,#2750,.T.);
#2750 = EDGE_CURVE('',#2751,#2631,#2753,.T.);
#2751 = VERTEX_POINT('',#2752);
#2752 = CARTESIAN_POINT('',(-1.925,-1.705,0.77));
#2753 = SURFACE_CURVE('',#2754,(#2758,#2765),.PCURVE_S1.);
#2754 = LINE('',#2755,#2756);
#2755 = CARTESIAN_POINT('',(-1.925,-1.705,0.77));
#2756 = VECTOR('',#2757,1.);
#2757 = DIRECTION('',(-0.,-0.,-1.));
#2758 = PCURVE('',#2735,#2759);
#2759 = DEFINITIONAL_REPRESENTATION('',(#2760),#2764);
#2760 = LINE('',#2761,#2762);
#2761 = CARTESIAN_POINT('',(-0.,-0.2));
#2762 = VECTOR('',#2763,1.);
#2763 = DIRECTION('',(-1.,0.));
#2764 = ( GEOMETRIC_REPRESENTATION_CONTEXT(2) 
PARAMETRIC_REPRESENTATION_CONTEXT() REPRESENTATION_CONTEXT('2D SPACE',''
  ) );
#2765 = PCURVE('',#2653,#2766);
#2766 = DEFINITIONAL_REPRESENTATION('',(#2767),#2771);
#2767 = LINE('',#2768,#2769);
#2768 = CARTESIAN_POINT('',(-0.491076593519,0.468026590766));
#2769 = VECTOR('',#2770,1.);
#2770 = DIRECTION('',(1.,-0.));
#2771 = ( GEOMETRIC_REPRESENTATION_CONTEXT(2) 
PARAMETRIC_REPRESENTATION_CONTEXT() REPRESENTATION_CONTEXT('2D SPACE',''
  ) );
#2772 = ORIENTED_EDGE('',*,*,#2721,.F.);
#2773 = ORIENTED_EDGE('',*,*,#2774,.F.);
#2774 = EDGE_CURVE('',#2775,#2694,#2777,.T.);
#2775 = VERTEX_POINT('',#2776);
#2776 = CARTESIAN_POINT('',(-1.925,-2.105,0.77));
#2777 = SURFACE_CURVE('',#2778,(#2782,#2789),.PCURVE_S1.);
#2778 = LINE('',#2779,#2780);
#2779 = CARTESIAN_POINT('',(-1.925,-2.105,0.77));
#2780 = VECTOR('',#2781,1.);
#2781 = DIRECTION('',(-0.,-0.,-1.));
#2782 = PCURVE('',#2735,#2783);
#2783 = DEFINITIONAL_REPRESENTATION('',(#2784),#2788);
#2784 = LINE('',#2785,#2786);
#2785 = CARTESIAN_POINT('',(-0.,0.2));
#2786 = VECTOR('',#2787,1.);
#2787 = DIRECTION('',(-1.,0.));
#2788 = ( GEOMETRIC_REPRESENTATION_CONTEXT(2) 
PARAMETRIC_REPRESENTATION_CONTEXT() REPRESENTATION_CONTEXT('2D SPACE',''
  ) );
#2789 = PCURVE('',#2709,#2790);
#2790 = DEFINITIONAL_REPRESENTATION('',(#2791),#2795);
#2791 = LINE('',#2792,#2793);
#2792 = CARTESIAN_POINT('',(-0.491076593519,0.468026590766));
#2793 = VECTOR('',#2794,1.);
#2794 = DIRECTION('',(1.,-0.));
#2795 = ( GEOMETRIC_REPRESENTATION_CONTEXT(2) 
PARAMETRIC_REPRESENTATION_CONTEXT() REPRESENTATION_CONTEXT('2D SPACE',''
  ) );
#2796 = ORIENTED_EDGE('',*,*,#2797,.T.);
#2797 = EDGE_CURVE('',#2775,#2751,#2798,.T.);
#2798 = SURFACE_CURVE('',#2799,(#2803,#2810),.PCURVE_S1.);
#2799 = LINE('',#2800,#2801);
#2800 = CARTESIAN_POINT('',(-1.925,-2.105,0.77));
#2801 = VECTOR('',#2802,1.);
#2802 = DIRECTION('',(-0.,1.,-0.));
#2803 = PCURVE('',#2735,#2804);
#2804 = DEFINITIONAL_REPRESENTATION('',(#2805),#2809);
#2805 = LINE('',#2806,#2807);
#2806 = CARTESIAN_POINT('',(-0.,0.2));
#2807 = VECTOR('',#2808,1.);
#2808 = DIRECTION('',(-0.,-1.));
#2809 = ( GEOMETRIC_REPRESENTATION_CONTEXT(2) 
PARAMETRIC_REPRESENTATION_CONTEXT() REPRESENTATION_CONTEXT('2D SPACE',''
  ) );
#2810 = PCURVE('',#2811,#2816);
#2811 = PLANE('',#2812);
#2812 = AXIS2_PLACEMENT_3D('',#2813,#2814,#2815);
#2813 = CARTESIAN_POINT('',(-2.1015,-1.905,0.77));
#2814 = DIRECTION('',(-0.,-0.,1.));
#2815 = DIRECTION('',(-1.,0.,0.));
#2816 = DEFINITIONAL_REPRESENTATION('',(#2817),#2821);
#2817 = LINE('',#2818,#2819);
#2818 = CARTESIAN_POINT('',(-0.1765,0.2));
#2819 = VECTOR('',#2820,1.);
#2820 = DIRECTION('',(-0.,-1.));
#2821 = ( GEOMETRIC_REPRESENTATION_CONTEXT(2) 
PARAMETRIC_REPRESENTATION_CONTEXT() REPRESENTATION_CONTEXT('2D SPACE',''
  ) );
#2822 = ADVANCED_FACE('',(#2823),#2811,.T.);
#2823 = FACE_BOUND('',#2824,.F.);
#2824 = EDGE_LOOP('',(#2825,#2848,#2849,#2872));
#2825 = ORIENTED_EDGE('',*,*,#2826,.T.);
#2826 = EDGE_CURVE('',#2827,#2751,#2829,.T.);
#2827 = VERTEX_POINT('',#2828);
#2828 = CARTESIAN_POINT('',(-2.1015,-1.705,0.77));
#2829 = SURFACE_CURVE('',#2830,(#2834,#2841),.PCURVE_S1.);
#2830 = LINE('',#2831,#2832);
#2831 = CARTESIAN_POINT('',(-2.1015,-1.705,0.77));
#2832 = VECTOR('',#2833,1.);
#2833 = DIRECTION('',(1.,-0.,-0.));
#2834 = PCURVE('',#2811,#2835);
#2835 = DEFINITIONAL_REPRESENTATION('',(#2836),#2840);
#2836 = LINE('',#2837,#2838);
#2837 = CARTESIAN_POINT('',(-0.,-0.2));
#2838 = VECTOR('',#2839,1.);
#2839 = DIRECTION('',(-1.,0.));
#2840 = ( GEOMETRIC_REPRESENTATION_CONTEXT(2) 
PARAMETRIC_REPRESENTATION_CONTEXT() REPRESENTATION_CONTEXT('2D SPACE',''
  ) );
#2841 = PCURVE('',#2653,#2842);
#2842 = DEFINITIONAL_REPRESENTATION('',(#2843),#2847);
#2843 = LINE('',#2844,#2845);
#2844 = CARTESIAN_POINT('',(-0.491076593519,0.291526590766));
#2845 = VECTOR('',#2846,1.);
#2846 = DIRECTION('',(-0.,1.));
#2847 = ( GEOMETRIC_REPRESENTATION_CONTEXT(2) 
PARAMETRIC_REPRESENTATION_CONTEXT() REPRESENTATION_CONTEXT('2D SPACE',''
  ) );
#2848 = ORIENTED_EDGE('',*,*,#2797,.F.);
#2849 = ORIENTED_EDGE('',*,*,#2850,.F.);
#2850 = EDGE_CURVE('',#2851,#2775,#2853,.T.);
#2851 = VERTEX_POINT('',#2852);
#2852 = CARTESIAN_POINT('',(-2.1015,-2.105,0.77));
#2853 = SURFACE_CURVE('',#2854,(#2858,#2865),.PCURVE_S1.);
#2854 = LINE('',#2855,#2856);
#2855 = CARTESIAN_POINT('',(-2.1015,-2.105,0.77));
#2856 = VECTOR('',#2857,1.);
#2857 = DIRECTION('',(1.,-0.,-0.));
#2858 = PCURVE('',#2811,#2859);
#2859 = DEFINITIONAL_REPRESENTATION('',(#2860),#2864);
#2860 = LINE('',#2861,#2862);
#2861 = CARTESIAN_POINT('',(-0.,0.2));
#2862 = VECTOR('',#2863,1.);
#2863 = DIRECTION('',(-1.,0.));
#2864 = ( GEOMETRIC_REPRESENTATION_CONTEXT(2) 
PARAMETRIC_REPRESENTATION_CONTEXT() REPRESENTATION_CONTEXT('2D SPACE',''
  ) );
#2865 = PCURVE('',#2709,#2866);
#2866 = DEFINITIONAL_REPRESENTATION('',(#2867),#2871);
#2867 = LINE('',#2868,#2869);
#2868 = CARTESIAN_POINT('',(-0.491076593519,0.291526590766));
#2869 = VECTOR('',#2870,1.);
#2870 = DIRECTION('',(-0.,1.));
#2871 = ( GEOMETRIC_REPRESENTATION_CONTEXT(2) 
PARAMETRIC_REPRESENTATION_CONTEXT() REPRESENTATION_CONTEXT('2D SPACE',''
  ) );
#2872 = ORIENTED_EDGE('',*,*,#2873,.T.);
#2873 = EDGE_CURVE('',#2851,#2827,#2874,.T.);
#2874 = SURFACE_CURVE('',#2875,(#2879,#2886),.PCURVE_S1.);
#2875 = LINE('',#2876,#2877);
#2876 = CARTESIAN_POINT('',(-2.1015,-2.105,0.77));
#2877 = VECTOR('',#2878,1.);
#2878 = DIRECTION('',(-0.,1.,-0.));
#2879 = PCURVE('',#2811,#2880);
#2880 = DEFINITIONAL_REPRESENTATION('',(#2881),#2885);
#2881 = LINE('',#2882,#2883);
#2882 = CARTESIAN_POINT('',(-0.,0.2));
#2883 = VECTOR('',#2884,1.);
#2884 = DIRECTION('',(-0.,-1.));
#2885 = ( GEOMETRIC_REPRESENTATION_CONTEXT(2) 
PARAMETRIC_REPRESENTATION_CONTEXT() REPRESENTATION_CONTEXT('2D SPACE',''
  ) );
#2886 = PCURVE('',#2887,#2892);
#2887 = PLANE('',#2888);
#2888 = AXIS2_PLACEMENT_3D('',#2889,#2890,#2891);
#2889 = CARTESIAN_POINT('',(-2.35,-1.905,0.2));
#2890 = DIRECTION('',(-0.916673306291,-0.,0.399637397567));
#2891 = DIRECTION('',(-0.399637397567,0.,-0.916673306291));
#2892 = DEFINITIONAL_REPRESENTATION('',(#2893),#2897);
#2893 = LINE('',#2894,#2895);
#2894 = CARTESIAN_POINT('',(-0.621813677881,0.2));
#2895 = VECTOR('',#2896,1.);
#2896 = DIRECTION('',(-0.,-1.));
#2897 = ( GEOMETRIC_REPRESENTATION_CONTEXT(2) 
PARAMETRIC_REPRESENTATION_CONTEXT() REPRESENTATION_CONTEXT('2D SPACE',''
  ) );
#2898 = ADVANCED_FACE('',(#2899),#2887,.T.);
#2899 = FACE_BOUND('',#2900,.F.);
#2900 = EDGE_LOOP('',(#2901,#2931,#2952,#2953));
#2901 = ORIENTED_EDGE('',*,*,#2902,.F.);
#2902 = EDGE_CURVE('',#2903,#2905,#2907,.T.);
#2903 = VERTEX_POINT('',#2904);
#2904 = CARTESIAN_POINT('',(-2.35,-1.705,0.2));
#2905 = VERTEX_POINT('',#2906);
#2906 = CARTESIAN_POINT('',(-2.35,-2.105,0.2));
#2907 = SURFACE_CURVE('',#2908,(#2912,#2919),.PCURVE_S1.);
#2908 = LINE('',#2909,#2910);
#2909 = CARTESIAN_POINT('',(-2.35,-1.705,0.2));
#2910 = VECTOR('',#2911,1.);
#2911 = DIRECTION('',(-0.,-1.,-0.));
#2912 = PCURVE('',#2887,#2913);
#2913 = DEFINITIONAL_REPRESENTATION('',(#2914),#2918);
#2914 = LINE('',#2915,#2916);
#2915 = CARTESIAN_POINT('',(-0.,-0.2));
#2916 = VECTOR('',#2917,1.);
#2917 = DIRECTION('',(-0.,1.));
#2918 = ( GEOMETRIC_REPRESENTATION_CONTEXT(2) 
PARAMETRIC_REPRESENTATION_CONTEXT() REPRESENTATION_CONTEXT('2D SPACE',''
  ) );
#2919 = PCURVE('',#2920,#2925);
#2920 = PLANE('',#2921);
#2921 = AXIS2_PLACEMENT_3D('',#2922,#2923,#2924);
#2922 = CARTESIAN_POINT('',(-3.,-1.905,0.2));
#2923 = DIRECTION('',(-0.,-0.,1.));
#2924 = DIRECTION('',(-1.,0.,0.));
#2925 = DEFINITIONAL_REPRESENTATION('',(#2926),#2930);
#2926 = LINE('',#2927,#2928);
#2927 = CARTESIAN_POINT('',(-0.65,-0.2));
#2928 = VECTOR('',#2929,1.);
#2929 = DIRECTION('',(-0.,1.));
#2930 = ( GEOMETRIC_REPRESENTATION_CONTEXT(2) 
PARAMETRIC_REPRESENTATION_CONTEXT() REPRESENTATION_CONTEXT('2D SPACE',''
  ) );
#2931 = ORIENTED_EDGE('',*,*,#2932,.T.);
#2932 = EDGE_CURVE('',#2903,#2827,#2933,.T.);
#2933 = SURFACE_CURVE('',#2934,(#2938,#2945),.PCURVE_S1.);
#2934 = LINE('',#2935,#2936);
#2935 = CARTESIAN_POINT('',(-2.35,-1.705,0.2));
#2936 = VECTOR('',#2937,1.);
#2937 = DIRECTION('',(0.399637397567,-0.,0.916673306291));
#2938 = PCURVE('',#2887,#2939);
#2939 = DEFINITIONAL_REPRESENTATION('',(#2940),#2944);
#2940 = LINE('',#2941,#2942);
#2941 = CARTESIAN_POINT('',(-0.,-0.2));
#2942 = VECTOR('',#2943,1.);
#2943 = DIRECTION('',(-1.,-0.));
#2944 = ( GEOMETRIC_REPRESENTATION_CONTEXT(2) 
PARAMETRIC_REPRESENTATION_CONTEXT() REPRESENTATION_CONTEXT('2D SPACE',''
  ) );
#2945 = PCURVE('',#2653,#2946);
#2946 = DEFINITIONAL_REPRESENTATION('',(#2947),#2951);
#2947 = LINE('',#2948,#2949);
#2948 = CARTESIAN_POINT('',(7.892340648124E-02,4.302659076564E-02));
#2949 = VECTOR('',#2950,1.);
#2950 = DIRECTION('',(-0.916673306291,0.399637397567));
#2951 = ( GEOMETRIC_REPRESENTATION_CONTEXT(2) 
PARAMETRIC_REPRESENTATION_CONTEXT() REPRESENTATION_CONTEXT('2D SPACE',''
  ) );
#2952 = ORIENTED_EDGE('',*,*,#2873,.F.);
#2953 = ORIENTED_EDGE('',*,*,#2954,.F.);
#2954 = EDGE_CURVE('',#2905,#2851,#2955,.T.);
#2955 = SURFACE_CURVE('',#2956,(#2960,#2967),.PCURVE_S1.);
#2956 = LINE('',#2957,#2958);
#2957 = CARTESIAN_POINT('',(-2.35,-2.105,0.2));
#2958 = VECTOR('',#2959,1.);
#2959 = DIRECTION('',(0.399637397567,-0.,0.916673306291));
#2960 = PCURVE('',#2887,#2961);
#2961 = DEFINITIONAL_REPRESENTATION('',(#2962),#2966);
#2962 = LINE('',#2963,#2964);
#2963 = CARTESIAN_POINT('',(-0.,0.2));
#2964 = VECTOR('',#2965,1.);
#2965 = DIRECTION('',(-1.,-0.));
#2966 = ( GEOMETRIC_REPRESENTATION_CONTEXT(2) 
PARAMETRIC_REPRESENTATION_CONTEXT() REPRESENTATION_CONTEXT('2D SPACE',''
  ) );
#2967 = PCURVE('',#2709,#2968);
#2968 = DEFINITIONAL_REPRESENTATION('',(#2969),#2973);
#2969 = LINE('',#2970,#2971);
#2970 = CARTESIAN_POINT('',(7.892340648124E-02,4.302659076564E-02));
#2971 = VECTOR('',#2972,1.);
#2972 = DIRECTION('',(-0.916673306291,0.399637397567));
#2973 = ( GEOMETRIC_REPRESENTATION_CONTEXT(2) 
PARAMETRIC_REPRESENTATION_CONTEXT() REPRESENTATION_CONTEXT('2D SPACE',''
  ) );
#2974 = ADVANCED_FACE('',(#2975),#2920,.T.);
#2975 = FACE_BOUND('',#2976,.F.);
#2976 = EDGE_LOOP('',(#2977,#3007,#3028,#3029));
#2977 = ORIENTED_EDGE('',*,*,#2978,.F.);
#2978 = EDGE_CURVE('',#2979,#2981,#2983,.T.);
#2979 = VERTEX_POINT('',#2980);
#2980 = CARTESIAN_POINT('',(-3.,-1.705,0.2));
#2981 = VERTEX_POINT('',#2982);
#2982 = CARTESIAN_POINT('',(-3.,-2.105,0.2));
#2983 = SURFACE_CURVE('',#2984,(#2988,#2995),.PCURVE_S1.);
#2984 = LINE('',#2985,#2986);
#2985 = CARTESIAN_POINT('',(-3.,-1.705,0.2));
#2986 = VECTOR('',#2987,1.);
#2987 = DIRECTION('',(-0.,-1.,-0.));
#2988 = PCURVE('',#2920,#2989);
#2989 = DEFINITIONAL_REPRESENTATION('',(#2990),#2994);
#2990 = LINE('',#2991,#2992);
#2991 = CARTESIAN_POINT('',(-0.,-0.2));
#2992 = VECTOR('',#2993,1.);
#2993 = DIRECTION('',(-0.,1.));
#2994 = ( GEOMETRIC_REPRESENTATION_CONTEXT(2) 
PARAMETRIC_REPRESENTATION_CONTEXT() REPRESENTATION_CONTEXT('2D SPACE',''
  ) );
#2995 = PCURVE('',#2996,#3001);
#2996 = PLANE('',#2997);
#2997 = AXIS2_PLACEMENT_3D('',#2998,#2999,#3000);
#2998 = CARTESIAN_POINT('',(-3.,-1.905,0.));
#2999 = DIRECTION('',(-1.,-0.,-0.));
#3000 = DIRECTION('',(0.,0.,-1.));
#3001 = DEFINITIONAL_REPRESENTATION('',(#3002),#3006);
#3002 = LINE('',#3003,#3004);
#3003 = CARTESIAN_POINT('',(-0.2,-0.2));
#3004 = VECTOR('',#3005,1.);
#3005 = DIRECTION('',(-0.,1.));
#3006 = ( GEOMETRIC_REPRESENTATION_CONTEXT(2) 
PARAMETRIC_REPRESENTATION_CONTEXT() REPRESENTATION_CONTEXT('2D SPACE',''
  ) );
#3007 = ORIENTED_EDGE('',*,*,#3008,.T.);
#3008 = EDGE_CURVE('',#2979,#2903,#3009,.T.);
#3009 = SURFACE_CURVE('',#3010,(#3014,#3021),.PCURVE_S1.);
#3010 = LINE('',#3011,#3012);
#3011 = CARTESIAN_POINT('',(-3.,-1.705,0.2));
#3012 = VECTOR('',#3013,1.);
#3013 = DIRECTION('',(1.,-0.,-0.));
#3014 = PCURVE('',#2920,#3015);
#3015 = DEFINITIONAL_REPRESENTATION('',(#3016),#3020);
#3016 = LINE('',#3017,#3018);
#3017 = CARTESIAN_POINT('',(-0.,-0.2));
#3018 = VECTOR('',#3019,1.);
#3019 = DIRECTION('',(-1.,0.));
#3020 = ( GEOMETRIC_REPRESENTATION_CONTEXT(2) 
PARAMETRIC_REPRESENTATION_CONTEXT() REPRESENTATION_CONTEXT('2D SPACE',''
  ) );
#3021 = PCURVE('',#2653,#3022);
#3022 = DEFINITIONAL_REPRESENTATION('',(#3023),#3027);
#3023 = LINE('',#3024,#3025);
#3024 = CARTESIAN_POINT('',(7.892340648124E-02,-0.606973409234));
#3025 = VECTOR('',#3026,1.);
#3026 = DIRECTION('',(-0.,1.));
#3027 = ( GEOMETRIC_REPRESENTATION_CONTEXT(2) 
PARAMETRIC_REPRESENTATION_CONTEXT() REPRESENTATION_CONTEXT('2D SPACE',''
  ) );
#3028 = ORIENTED_EDGE('',*,*,#2902,.T.);
#3029 = ORIENTED_EDGE('',*,*,#3030,.F.);
#3030 = EDGE_CURVE('',#2981,#2905,#3031,.T.);
#3031 = SURFACE_CURVE('',#3032,(#3036,#3043),.PCURVE_S1.);
#3032 = LINE('',#3033,#3034);
#3033 = CARTESIAN_POINT('',(-3.,-2.105,0.2));
#3034 = VECTOR('',#3035,1.);
#3035 = DIRECTION('',(1.,-0.,-0.));
#3036 = PCURVE('',#2920,#3037);
#3037 = DEFINITIONAL_REPRESENTATION('',(#3038),#3042);
#3038 = LINE('',#3039,#3040);
#3039 = CARTESIAN_POINT('',(-0.,0.2));
#3040 = VECTOR('',#3041,1.);
#3041 = DIRECTION('',(-1.,0.));
#3042 = ( GEOMETRIC_REPRESENTATION_CONTEXT(2) 
PARAMETRIC_REPRESENTATION_CONTEXT() REPRESENTATION_CONTEXT('2D SPACE',''
  ) );
#3043 = PCURVE('',#2709,#3044);
#3044 = DEFINITIONAL_REPRESENTATION('',(#3045),#3049);
#3045 = LINE('',#3046,#3047);
#3046 = CARTESIAN_POINT('',(7.892340648124E-02,-0.606973409234));
#3047 = VECTOR('',#3048,1.);
#3048 = DIRECTION('',(-0.,1.));
#3049 = ( GEOMETRIC_REPRESENTATION_CONTEXT(2) 
PARAMETRIC_REPRESENTATION_CONTEXT() REPRESENTATION_CONTEXT('2D SPACE',''
  ) );
#3050 = ADVANCED_FACE('',(#3051),#2996,.T.);
#3051 = FACE_BOUND('',#3052,.F.);
#3052 = EDGE_LOOP('',(#3053,#3083,#3104,#3105));
#3053 = ORIENTED_EDGE('',*,*,#3054,.F.);
#3054 = EDGE_CURVE('',#3055,#3057,#3059,.T.);
#3055 = VERTEX_POINT('',#3056);
#3056 = CARTESIAN_POINT('',(-3.,-1.705,0.));
#3057 = VERTEX_POINT('',#3058);
#3058 = CARTESIAN_POINT('',(-3.,-2.105,0.));
#3059 = SURFACE_CURVE('',#3060,(#3064,#3071),.PCURVE_S1.);
#3060 = LINE('',#3061,#3062);
#3061 = CARTESIAN_POINT('',(-3.,-1.705,0.));
#3062 = VECTOR('',#3063,1.);
#3063 = DIRECTION('',(-0.,-1.,-0.));
#3064 = PCURVE('',#2996,#3065);
#3065 = DEFINITIONAL_REPRESENTATION('',(#3066),#3070);
#3066 = LINE('',#3067,#3068);
#3067 = CARTESIAN_POINT('',(-0.,-0.2));
#3068 = VECTOR('',#3069,1.);
#3069 = DIRECTION('',(-0.,1.));
#3070 = ( GEOMETRIC_REPRESENTATION_CONTEXT(2) 
PARAMETRIC_REPRESENTATION_CONTEXT() REPRESENTATION_CONTEXT('2D SPACE',''
  ) );
#3071 = PCURVE('',#3072,#3077);
#3072 = PLANE('',#3073);
#3073 = AXIS2_PLACEMENT_3D('',#3074,#3075,#3076);
#3074 = CARTESIAN_POINT('',(-2.21,-1.905,0.));
#3075 = DIRECTION('',(-0.,0.,-1.));
#3076 = DIRECTION('',(1.,0.,0.));
#3077 = DEFINITIONAL_REPRESENTATION('',(#3078),#3082);
#3078 = LINE('',#3079,#3080);
#3079 = CARTESIAN_POINT('',(-0.79,-0.2));
#3080 = VECTOR('',#3081,1.);
#3081 = DIRECTION('',(-0.,1.));
#3082 = ( GEOMETRIC_REPRESENTATION_CONTEXT(2) 
PARAMETRIC_REPRESENTATION_CONTEXT() REPRESENTATION_CONTEXT('2D SPACE',''
  ) );
#3083 = ORIENTED_EDGE('',*,*,#3084,.T.);
#3084 = EDGE_CURVE('',#3055,#2979,#3085,.T.);
#3085 = SURFACE_CURVE('',#3086,(#3090,#3097),.PCURVE_S1.);
#3086 = LINE('',#3087,#3088);
#3087 = CARTESIAN_POINT('',(-3.,-1.705,0.));
#3088 = VECTOR('',#3089,1.);
#3089 = DIRECTION('',(-0.,-0.,1.));
#3090 = PCURVE('',#2996,#3091);
#3091 = DEFINITIONAL_REPRESENTATION('',(#3092),#3096);
#3092 = LINE('',#3093,#3094);
#3093 = CARTESIAN_POINT('',(-0.,-0.2));
#3094 = VECTOR('',#3095,1.);
#3095 = DIRECTION('',(-1.,-0.));
#3096 = ( GEOMETRIC_REPRESENTATION_CONTEXT(2) 
PARAMETRIC_REPRESENTATION_CONTEXT() REPRESENTATION_CONTEXT('2D SPACE',''
  ) );
#3097 = PCURVE('',#2653,#3098);
#3098 = DEFINITIONAL_REPRESENTATION('',(#3099),#3103);
#3099 = LINE('',#3100,#3101);
#3100 = CARTESIAN_POINT('',(0.278923406481,-0.606973409234));
#3101 = VECTOR('',#3102,1.);
#3102 = DIRECTION('',(-1.,0.));
#3103 = ( GEOMETRIC_REPRESENTATION_CONTEXT(2) 
PARAMETRIC_REPRESENTATION_CONTEXT() REPRESENTATION_CONTEXT('2D SPACE',''
  ) );
#3104 = ORIENTED_EDGE('',*,*,#2978,.T.);
#3105 = ORIENTED_EDGE('',*,*,#3106,.F.);
#3106 = EDGE_CURVE('',#3057,#2981,#3107,.T.);
#3107 = SURFACE_CURVE('',#3108,(#3112,#3119),.PCURVE_S1.);
#3108 = LINE('',#3109,#3110);
#3109 = CARTESIAN_POINT('',(-3.,-2.105,0.));
#3110 = VECTOR('',#3111,1.);
#3111 = DIRECTION('',(-0.,-0.,1.));
#3112 = PCURVE('',#2996,#3113);
#3113 = DEFINITIONAL_REPRESENTATION('',(#3114),#3118);
#3114 = LINE('',#3115,#3116);
#3115 = CARTESIAN_POINT('',(-0.,0.2));
#3116 = VECTOR('',#3117,1.);
#3117 = DIRECTION('',(-1.,-0.));
#3118 = ( GEOMETRIC_REPRESENTATION_CONTEXT(2) 
PARAMETRIC_REPRESENTATION_CONTEXT() REPRESENTATION_CONTEXT('2D SPACE',''
  ) );
#3119 = PCURVE('',#2709,#3120);
#3120 = DEFINITIONAL_REPRESENTATION('',(#3121),#3125);
#3121 = LINE('',#3122,#3123);
#3122 = CARTESIAN_POINT('',(0.278923406481,-0.606973409234));
#3123 = VECTOR('',#3124,1.);
#3124 = DIRECTION('',(-1.,0.));
#3125 = ( GEOMETRIC_REPRESENTATION_CONTEXT(2) 
PARAMETRIC_REPRESENTATION_CONTEXT() REPRESENTATION_CONTEXT('2D SPACE',''
  ) );
#3126 = ADVANCED_FACE('',(#3127),#3072,.T.);
#3127 = FACE_BOUND('',#3128,.F.);
#3128 = EDGE_LOOP('',(#3129,#3154,#3175,#3176));
#3129 = ORIENTED_EDGE('',*,*,#3130,.F.);
#3130 = EDGE_CURVE('',#3131,#3133,#3135,.T.);
#3131 = VERTEX_POINT('',#3132);
#3132 = CARTESIAN_POINT('',(-2.21,-1.705,0.));
#3133 = VERTEX_POINT('',#3134);
#3134 = CARTESIAN_POINT('',(-2.21,-2.105,0.));
#3135 = SURFACE_CURVE('',#3136,(#3140,#3147),.PCURVE_S1.);
#3136 = LINE('',#3137,#3138);
#3137 = CARTESIAN_POINT('',(-2.21,-1.705,0.));
#3138 = VECTOR('',#3139,1.);
#3139 = DIRECTION('',(-0.,-1.,-0.));
#3140 = PCURVE('',#3072,#3141);
#3141 = DEFINITIONAL_REPRESENTATION('',(#3142),#3146);
#3142 = LINE('',#3143,#3144);
#3143 = CARTESIAN_POINT('',(-0.,-0.2));
#3144 = VECTOR('',#3145,1.);
#3145 = DIRECTION('',(-0.,1.));
#3146 = ( GEOMETRIC_REPRESENTATION_CONTEXT(2) 
PARAMETRIC_REPRESENTATION_CONTEXT() REPRESENTATION_CONTEXT('2D SPACE',''
  ) );
#3147 = PCURVE('',#2681,#3148);
#3148 = DEFINITIONAL_REPRESENTATION('',(#3149),#3153);
#3149 = LINE('',#3150,#3151);
#3150 = CARTESIAN_POINT('',(-0.621813677881,-0.2));
#3151 = VECTOR('',#3152,1.);
#3152 = DIRECTION('',(-0.,1.));
#3153 = ( GEOMETRIC_REPRESENTATION_CONTEXT(2) 
PARAMETRIC_REPRESENTATION_CONTEXT() REPRESENTATION_CONTEXT('2D SPACE',''
  ) );
#3154 = ORIENTED_EDGE('',*,*,#3155,.T.);
#3155 = EDGE_CURVE('',#3131,#3055,#3156,.T.);
#3156 = SURFACE_CURVE('',#3157,(#3161,#3168),.PCURVE_S1.);
#3157 = LINE('',#3158,#3159);
#3158 = CARTESIAN_POINT('',(-2.21,-1.705,0.));
#3159 = VECTOR('',#3160,1.);
#3160 = DIRECTION('',(-1.,-0.,-0.));
#3161 = PCURVE('',#3072,#3162);
#3162 = DEFINITIONAL_REPRESENTATION('',(#3163),#3167);
#3163 = LINE('',#3164,#3165);
#3164 = CARTESIAN_POINT('',(-0.,-0.2));
#3165 = VECTOR('',#3166,1.);
#3166 = DIRECTION('',(-1.,0.));
#3167 = ( GEOMETRIC_REPRESENTATION_CONTEXT(2) 
PARAMETRIC_REPRESENTATION_CONTEXT() REPRESENTATION_CONTEXT('2D SPACE',''
  ) );
#3168 = PCURVE('',#2653,#3169);
#3169 = DEFINITIONAL_REPRESENTATION('',(#3170),#3174);
#3170 = LINE('',#3171,#3172);
#3171 = CARTESIAN_POINT('',(0.278923406481,0.183026590766));
#3172 = VECTOR('',#3173,1.);
#3173 = DIRECTION('',(-0.,-1.));
#3174 = ( GEOMETRIC_REPRESENTATION_CONTEXT(2) 
PARAMETRIC_REPRESENTATION_CONTEXT() REPRESENTATION_CONTEXT('2D SPACE',''
  ) );
#3175 = ORIENTED_EDGE('',*,*,#3054,.T.);
#3176 = ORIENTED_EDGE('',*,*,#3177,.F.);
#3177 = EDGE_CURVE('',#3133,#3057,#3178,.T.);
#3178 = SURFACE_CURVE('',#3179,(#3183,#3190),.PCURVE_S1.);
#3179 = LINE('',#3180,#3181);
#3180 = CARTESIAN_POINT('',(-2.21,-2.105,0.));
#3181 = VECTOR('',#3182,1.);
#3182 = DIRECTION('',(-1.,-0.,-0.));
#3183 = PCURVE('',#3072,#3184);
#3184 = DEFINITIONAL_REPRESENTATION('',(#3185),#3189);
#3185 = LINE('',#3186,#3187);
#3186 = CARTESIAN_POINT('',(-0.,0.2));
#3187 = VECTOR('',#3188,1.);
#3188 = DIRECTION('',(-1.,0.));
#3189 = ( GEOMETRIC_REPRESENTATION_CONTEXT(2) 
PARAMETRIC_REPRESENTATION_CONTEXT() REPRESENTATION_CONTEXT('2D SPACE',''
  ) );
#3190 = PCURVE('',#2709,#3191);
#3191 = DEFINITIONAL_REPRESENTATION('',(#3192),#3196);
#3192 = LINE('',#3193,#3194);
#3193 = CARTESIAN_POINT('',(0.278923406481,0.183026590766));
#3194 = VECTOR('',#3195,1.);
#3195 = DIRECTION('',(-0.,-1.));
#3196 = ( GEOMETRIC_REPRESENTATION_CONTEXT(2) 
PARAMETRIC_REPRESENTATION_CONTEXT() REPRESENTATION_CONTEXT('2D SPACE',''
  ) );
#3197 = ADVANCED_FACE('',(#3198),#2709,.T.);
#3198 = FACE_BOUND('',#3199,.F.);
#3199 = EDGE_LOOP('',(#3200,#3201,#3222,#3223,#3224,#3225,#3226,#3227));
#3200 = ORIENTED_EDGE('',*,*,#2693,.T.);
#3201 = ORIENTED_EDGE('',*,*,#3202,.T.);
#3202 = EDGE_CURVE('',#2666,#3133,#3203,.T.);
#3203 = SURFACE_CURVE('',#3204,(#3208,#3215),.PCURVE_S1.);
#3204 = LINE('',#3205,#3206);
#3205 = CARTESIAN_POINT('',(-1.9615,-2.105,0.57));
#3206 = VECTOR('',#3207,1.);
#3207 = DIRECTION('',(-0.399637397567,-0.,-0.916673306291));
#3208 = PCURVE('',#2709,#3209);
#3209 = DEFINITIONAL_REPRESENTATION('',(#3210),#3214);
#3210 = LINE('',#3211,#3212);
#3211 = CARTESIAN_POINT('',(-0.291076593519,0.431526590766));
#3212 = VECTOR('',#3213,1.);
#3213 = DIRECTION('',(0.916673306291,-0.399637397567));
#3214 = ( GEOMETRIC_REPRESENTATION_CONTEXT(2) 
PARAMETRIC_REPRESENTATION_CONTEXT() REPRESENTATION_CONTEXT('2D SPACE',''
  ) );
#3215 = PCURVE('',#2681,#3216);
#3216 = DEFINITIONAL_REPRESENTATION('',(#3217),#3221);
#3217 = LINE('',#3218,#3219);
#3218 = CARTESIAN_POINT('',(-0.,0.2));
#3219 = VECTOR('',#3220,1.);
#3220 = DIRECTION('',(-1.,0.));
#3221 = ( GEOMETRIC_REPRESENTATION_CONTEXT(2) 
PARAMETRIC_REPRESENTATION_CONTEXT() REPRESENTATION_CONTEXT('2D SPACE',''
  ) );
#3222 = ORIENTED_EDGE('',*,*,#3177,.T.);
#3223 = ORIENTED_EDGE('',*,*,#3106,.T.);
#3224 = ORIENTED_EDGE('',*,*,#3030,.T.);
#3225 = ORIENTED_EDGE('',*,*,#2954,.T.);
#3226 = ORIENTED_EDGE('',*,*,#2850,.T.);
#3227 = ORIENTED_EDGE('',*,*,#2774,.T.);
#3228 = ADVANCED_FACE('',(#3229),#2681,.T.);
#3229 = FACE_BOUND('',#3230,.F.);
#3230 = EDGE_LOOP('',(#3231,#3232,#3253,#3254));
#3231 = ORIENTED_EDGE('',*,*,#2665,.F.);
#3232 = ORIENTED_EDGE('',*,*,#3233,.T.);
#3233 = EDGE_CURVE('',#2633,#3131,#3234,.T.);
#3234 = SURFACE_CURVE('',#3235,(#3239,#3246),.PCURVE_S1.);
#3235 = LINE('',#3236,#3237);
#3236 = CARTESIAN_POINT('',(-1.9615,-1.705,0.57));
#3237 = VECTOR('',#3238,1.);
#3238 = DIRECTION('',(-0.399637397567,-0.,-0.916673306291));
#3239 = PCURVE('',#2681,#3240);
#3240 = DEFINITIONAL_REPRESENTATION('',(#3241),#3245);
#3241 = LINE('',#3242,#3243);
#3242 = CARTESIAN_POINT('',(-0.,-0.2));
#3243 = VECTOR('',#3244,1.);
#3244 = DIRECTION('',(-1.,0.));
#3245 = ( GEOMETRIC_REPRESENTATION_CONTEXT(2) 
PARAMETRIC_REPRESENTATION_CONTEXT() REPRESENTATION_CONTEXT('2D SPACE',''
  ) );
#3246 = PCURVE('',#2653,#3247);
#3247 = DEFINITIONAL_REPRESENTATION('',(#3248),#3252);
#3248 = LINE('',#3249,#3250);
#3249 = CARTESIAN_POINT('',(-0.291076593519,0.431526590766));
#3250 = VECTOR('',#3251,1.);
#3251 = DIRECTION('',(0.916673306291,-0.399637397567));
#3252 = ( GEOMETRIC_REPRESENTATION_CONTEXT(2) 
PARAMETRIC_REPRESENTATION_CONTEXT() REPRESENTATION_CONTEXT('2D SPACE',''
  ) );
#3253 = ORIENTED_EDGE('',*,*,#3130,.T.);
#3254 = ORIENTED_EDGE('',*,*,#3202,.F.);
#3255 = ADVANCED_FACE('',(#3256),#2653,.F.);
#3256 = FACE_BOUND('',#3257,.T.);
#3257 = EDGE_LOOP('',(#3258,#3259,#3260,#3261,#3262,#3263,#3264,#3265));
#3258 = ORIENTED_EDGE('',*,*,#2630,.T.);
#3259 = ORIENTED_EDGE('',*,*,#3233,.T.);
#3260 = ORIENTED_EDGE('',*,*,#3155,.T.);
#3261 = ORIENTED_EDGE('',*,*,#3084,.T.);
#3262 = ORIENTED_EDGE('',*,*,#3008,.T.);
#3263 = ORIENTED_EDGE('',*,*,#2932,.T.);
#3264 = ORIENTED_EDGE('',*,*,#2826,.T.);
#3265 = ORIENTED_EDGE('',*,*,#2750,.T.);
#3266 = ( GEOMETRIC_REPRESENTATION_CONTEXT(3) 
GLOBAL_UNCERTAINTY_ASSIGNED_CONTEXT((#3270)) 
GLOBAL_UNIT_ASSIGNED_CONTEXT((#3267,#3268,#3269)) REPRESENTATION_CONTEXT
('Context #1','3D Context with UNIT and UNCERTAINTY') );
#3267 = ( LENGTH_UNIT() NAMED_UNIT(*) SI_UNIT(.MILLI.,.METRE.) );
#3268 = ( NAMED_UNIT(*) PLANE_ANGLE_UNIT() SI_UNIT($,.RADIAN.) );
#3269 = ( NAMED_UNIT(*) SI_UNIT($,.STERADIAN.) SOLID_ANGLE_UNIT() );
#3270 = UNCERTAINTY_MEASURE_WITH_UNIT(LENGTH_MEASURE(1.E-07),#3267,
  'distance_accuracy_value','confusion accuracy');
#3271 = CONTEXT_DEPENDENT_SHAPE_REPRESENTATION(#3272,#3274);
#3272 = ( REPRESENTATION_RELATIONSHIP('','',#2623,#10) 
REPRESENTATION_RELATIONSHIP_WITH_TRANSFORMATION(#3273) 
SHAPE_REPRESENTATION_RELATIONSHIP() );
#3273 = ITEM_DEFINED_TRANSFORMATION('','',#11,#35);
#3274 = PRODUCT_DEFINITION_SHAPE('Placement','Placement of an item',
  #3275);
#3275 = NEXT_ASSEMBLY_USAGE_OCCURRENCE('19','pin4','',#5,#2618,$);
#3276 = PRODUCT_RELATED_PRODUCT_CATEGORY('part',$,(#2620));
#3277 = SHAPE_DEFINITION_REPRESENTATION(#3278,#3284);
#3278 = PRODUCT_DEFINITION_SHAPE('','',#3279);
#3279 = PRODUCT_DEFINITION('design','',#3280,#3283);
#3280 = PRODUCT_DEFINITION_FORMATION('','',#3281);
#3281 = PRODUCT('pin5','pin5','',(#3282));
#3282 = PRODUCT_CONTEXT('',#2,'mechanical');
#3283 = PRODUCT_DEFINITION_CONTEXT('part definition',#2,'design');
#3284 = ADVANCED_BREP_SHAPE_REPRESENTATION('',(#11,#3285),#3927);
#3285 = MANIFOLD_SOLID_BREP('',#3286);
#3286 = CLOSED_SHELL('',(#3287,#3407,#3483,#3559,#3635,#3711,#3787,#3858
    ,#3889,#3916));
#3287 = ADVANCED_FACE('',(#3288),#3302,.T.);
#3288 = FACE_BOUND('',#3289,.F.);
#3289 = EDGE_LOOP('',(#3290,#3325,#3353,#3381));
#3290 = ORIENTED_EDGE('',*,*,#3291,.T.);
#3291 = EDGE_CURVE('',#3292,#3294,#3296,.T.);
#3292 = VERTEX_POINT('',#3293);
#3293 = CARTESIAN_POINT('',(1.925,-1.705,0.77));
#3294 = VERTEX_POINT('',#3295);
#3295 = CARTESIAN_POINT('',(2.1015,-1.705,0.77));
#3296 = SURFACE_CURVE('',#3297,(#3301,#3313),.PCURVE_S1.);
#3297 = LINE('',#3298,#3299);
#3298 = CARTESIAN_POINT('',(1.925,-1.705,0.77));
#3299 = VECTOR('',#3300,1.);
#3300 = DIRECTION('',(1.,-0.,-0.));
#3301 = PCURVE('',#3302,#3307);
#3302 = PLANE('',#3303);
#3303 = AXIS2_PLACEMENT_3D('',#3304,#3305,#3306);
#3304 = CARTESIAN_POINT('',(1.925,-1.905,0.77));
#3305 = DIRECTION('',(-0.,-0.,1.));
#3306 = DIRECTION('',(-1.,0.,0.));
#3307 = DEFINITIONAL_REPRESENTATION('',(#3308),#3312);
#3308 = LINE('',#3309,#3310);
#3309 = CARTESIAN_POINT('',(-0.,-0.2));
#3310 = VECTOR('',#3311,1.);
#3311 = DIRECTION('',(-1.,0.));
#3312 = ( GEOMETRIC_REPRESENTATION_CONTEXT(2) 
PARAMETRIC_REPRESENTATION_CONTEXT() REPRESENTATION_CONTEXT('2D SPACE',''
  ) );
#3313 = PCURVE('',#3314,#3319);
#3314 = PLANE('',#3315);
#3315 = AXIS2_PLACEMENT_3D('',#3316,#3317,#3318);
#3316 = CARTESIAN_POINT('',(2.393026590766,-1.705,0.278923406481));
#3317 = DIRECTION('',(-0.,-1.,-0.));
#3318 = DIRECTION('',(0.,0.,-1.));
#3319 = DEFINITIONAL_REPRESENTATION('',(#3320),#3324);
#3320 = LINE('',#3321,#3322);
#3321 = CARTESIAN_POINT('',(-0.491076593519,-0.468026590766));
#3322 = VECTOR('',#3323,1.);
#3323 = DIRECTION('',(-0.,1.));
#3324 = ( GEOMETRIC_REPRESENTATION_CONTEXT(2) 
PARAMETRIC_REPRESENTATION_CONTEXT() REPRESENTATION_CONTEXT('2D SPACE',''
  ) );
#3325 = ORIENTED_EDGE('',*,*,#3326,.T.);
#3326 = EDGE_CURVE('',#3294,#3327,#3329,.T.);
#3327 = VERTEX_POINT('',#3328);
#3328 = CARTESIAN_POINT('',(2.1015,-2.105,0.77));
#3329 = SURFACE_CURVE('',#3330,(#3334,#3341),.PCURVE_S1.);
#3330 = LINE('',#3331,#3332);
#3331 = CARTESIAN_POINT('',(2.1015,-1.705,0.77));
#3332 = VECTOR('',#3333,1.);
#3333 = DIRECTION('',(-0.,-1.,-0.));
#3334 = PCURVE('',#3302,#3335);
#3335 = DEFINITIONAL_REPRESENTATION('',(#3336),#3340);
#3336 = LINE('',#3337,#3338);
#3337 = CARTESIAN_POINT('',(-0.1765,-0.2));
#3338 = VECTOR('',#3339,1.);
#3339 = DIRECTION('',(-0.,1.));
#3340 = ( GEOMETRIC_REPRESENTATION_CONTEXT(2) 
PARAMETRIC_REPRESENTATION_CONTEXT() REPRESENTATION_CONTEXT('2D SPACE',''
  ) );
#3341 = PCURVE('',#3342,#3347);
#3342 = PLANE('',#3343);
#3343 = AXIS2_PLACEMENT_3D('',#3344,#3345,#3346);
#3344 = CARTESIAN_POINT('',(2.1015,-1.905,0.77));
#3345 = DIRECTION('',(0.916673306291,-0.,0.399637397567));
#3346 = DIRECTION('',(-0.399637397567,0.,0.916673306291));
#3347 = DEFINITIONAL_REPRESENTATION('',(#3348),#3352);
#3348 = LINE('',#3349,#3350);
#3349 = CARTESIAN_POINT('',(-0.,-0.2));
#3350 = VECTOR('',#3351,1.);
#3351 = DIRECTION('',(-0.,1.));
#3352 = ( GEOMETRIC_REPRESENTATION_CONTEXT(2) 
PARAMETRIC_REPRESENTATION_CONTEXT() REPRESENTATION_CONTEXT('2D SPACE',''
  ) );
#3353 = ORIENTED_EDGE('',*,*,#3354,.F.);
#3354 = EDGE_CURVE('',#3355,#3327,#3357,.T.);
#3355 = VERTEX_POINT('',#3356);
#3356 = CARTESIAN_POINT('',(1.925,-2.105,0.77));
#3357 = SURFACE_CURVE('',#3358,(#3362,#3369),.PCURVE_S1.);
#3358 = LINE('',#3359,#3360);
#3359 = CARTESIAN_POINT('',(1.925,-2.105,0.77));
#3360 = VECTOR('',#3361,1.);
#3361 = DIRECTION('',(1.,-0.,-0.));
#3362 = PCURVE('',#3302,#3363);
#3363 = DEFINITIONAL_REPRESENTATION('',(#3364),#3368);
#3364 = LINE('',#3365,#3366);
#3365 = CARTESIAN_POINT('',(-0.,0.2));
#3366 = VECTOR('',#3367,1.);
#3367 = DIRECTION('',(-1.,0.));
#3368 = ( GEOMETRIC_REPRESENTATION_CONTEXT(2) 
PARAMETRIC_REPRESENTATION_CONTEXT() REPRESENTATION_CONTEXT('2D SPACE',''
  ) );
#3369 = PCURVE('',#3370,#3375);
#3370 = PLANE('',#3371);
#3371 = AXIS2_PLACEMENT_3D('',#3372,#3373,#3374);
#3372 = CARTESIAN_POINT('',(2.393026590766,-2.105,0.278923406481));
#3373 = DIRECTION('',(-0.,-1.,-0.));
#3374 = DIRECTION('',(0.,0.,-1.));
#3375 = DEFINITIONAL_REPRESENTATION('',(#3376),#3380);
#3376 = LINE('',#3377,#3378);
#3377 = CARTESIAN_POINT('',(-0.491076593519,-0.468026590766));
#3378 = VECTOR('',#3379,1.);
#3379 = DIRECTION('',(-0.,1.));
#3380 = ( GEOMETRIC_REPRESENTATION_CONTEXT(2) 
PARAMETRIC_REPRESENTATION_CONTEXT() REPRESENTATION_CONTEXT('2D SPACE',''
  ) );
#3381 = ORIENTED_EDGE('',*,*,#3382,.T.);
#3382 = EDGE_CURVE('',#3355,#3292,#3383,.T.);
#3383 = SURFACE_CURVE('',#3384,(#3388,#3395),.PCURVE_S1.);
#3384 = LINE('',#3385,#3386);
#3385 = CARTESIAN_POINT('',(1.925,-2.105,0.77));
#3386 = VECTOR('',#3387,1.);
#3387 = DIRECTION('',(-0.,1.,-0.));
#3388 = PCURVE('',#3302,#3389);
#3389 = DEFINITIONAL_REPRESENTATION('',(#3390),#3394);
#3390 = LINE('',#3391,#3392);
#3391 = CARTESIAN_POINT('',(-0.,0.2));
#3392 = VECTOR('',#3393,1.);
#3393 = DIRECTION('',(-0.,-1.));
#3394 = ( GEOMETRIC_REPRESENTATION_CONTEXT(2) 
PARAMETRIC_REPRESENTATION_CONTEXT() REPRESENTATION_CONTEXT('2D SPACE',''
  ) );
#3395 = PCURVE('',#3396,#3401);
#3396 = PLANE('',#3397);
#3397 = AXIS2_PLACEMENT_3D('',#3398,#3399,#3400);
#3398 = CARTESIAN_POINT('',(1.925,-1.905,0.57));
#3399 = DIRECTION('',(-1.,-0.,-0.));
#3400 = DIRECTION('',(0.,0.,-1.));
#3401 = DEFINITIONAL_REPRESENTATION('',(#3402),#3406);
#3402 = LINE('',#3403,#3404);
#3403 = CARTESIAN_POINT('',(-0.2,0.2));
#3404 = VECTOR('',#3405,1.);
#3405 = DIRECTION('',(-0.,-1.));
#3406 = ( GEOMETRIC_REPRESENTATION_CONTEXT(2) 
PARAMETRIC_REPRESENTATION_CONTEXT() REPRESENTATION_CONTEXT('2D SPACE',''
  ) );
#3407 = ADVANCED_FACE('',(#3408),#3396,.T.);
#3408 = FACE_BOUND('',#3409,.F.);
#3409 = EDGE_LOOP('',(#3410,#3433,#3434,#3457));
#3410 = ORIENTED_EDGE('',*,*,#3411,.T.);
#3411 = EDGE_CURVE('',#3412,#3292,#3414,.T.);
#3412 = VERTEX_POINT('',#3413);
#3413 = CARTESIAN_POINT('',(1.925,-1.705,0.57));
#3414 = SURFACE_CURVE('',#3415,(#3419,#3426),.PCURVE_S1.);
#3415 = LINE('',#3416,#3417);
#3416 = CARTESIAN_POINT('',(1.925,-1.705,0.57));
#3417 = VECTOR('',#3418,1.);
#3418 = DIRECTION('',(-0.,-0.,1.));
#3419 = PCURVE('',#3396,#3420);
#3420 = DEFINITIONAL_REPRESENTATION('',(#3421),#3425);
#3421 = LINE('',#3422,#3423);
#3422 = CARTESIAN_POINT('',(-0.,-0.2));
#3423 = VECTOR('',#3424,1.);
#3424 = DIRECTION('',(-1.,-0.));
#3425 = ( GEOMETRIC_REPRESENTATION_CONTEXT(2) 
PARAMETRIC_REPRESENTATION_CONTEXT() REPRESENTATION_CONTEXT('2D SPACE',''
  ) );
#3426 = PCURVE('',#3314,#3427);
#3427 = DEFINITIONAL_REPRESENTATION('',(#3428),#3432);
#3428 = LINE('',#3429,#3430);
#3429 = CARTESIAN_POINT('',(-0.291076593519,-0.468026590766));
#3430 = VECTOR('',#3431,1.);
#3431 = DIRECTION('',(-1.,0.));
#3432 = ( GEOMETRIC_REPRESENTATION_CONTEXT(2) 
PARAMETRIC_REPRESENTATION_CONTEXT() REPRESENTATION_CONTEXT('2D SPACE',''
  ) );
#3433 = ORIENTED_EDGE('',*,*,#3382,.F.);
#3434 = ORIENTED_EDGE('',*,*,#3435,.F.);
#3435 = EDGE_CURVE('',#3436,#3355,#3438,.T.);
#3436 = VERTEX_POINT('',#3437);
#3437 = CARTESIAN_POINT('',(1.925,-2.105,0.57));
#3438 = SURFACE_CURVE('',#3439,(#3443,#3450),.PCURVE_S1.);
#3439 = LINE('',#3440,#3441);
#3440 = CARTESIAN_POINT('',(1.925,-2.105,0.57));
#3441 = VECTOR('',#3442,1.);
#3442 = DIRECTION('',(-0.,-0.,1.));
#3443 = PCURVE('',#3396,#3444);
#3444 = DEFINITIONAL_REPRESENTATION('',(#3445),#3449);
#3445 = LINE('',#3446,#3447);
#3446 = CARTESIAN_POINT('',(-0.,0.2));
#3447 = VECTOR('',#3448,1.);
#3448 = DIRECTION('',(-1.,-0.));
#3449 = ( GEOMETRIC_REPRESENTATION_CONTEXT(2) 
PARAMETRIC_REPRESENTATION_CONTEXT() REPRESENTATION_CONTEXT('2D SPACE',''
  ) );
#3450 = PCURVE('',#3370,#3451);
#3451 = DEFINITIONAL_REPRESENTATION('',(#3452),#3456);
#3452 = LINE('',#3453,#3454);
#3453 = CARTESIAN_POINT('',(-0.291076593519,-0.468026590766));
#3454 = VECTOR('',#3455,1.);
#3455 = DIRECTION('',(-1.,0.));
#3456 = ( GEOMETRIC_REPRESENTATION_CONTEXT(2) 
PARAMETRIC_REPRESENTATION_CONTEXT() REPRESENTATION_CONTEXT('2D SPACE',''
  ) );
#3457 = ORIENTED_EDGE('',*,*,#3458,.T.);
#3458 = EDGE_CURVE('',#3436,#3412,#3459,.T.);
#3459 = SURFACE_CURVE('',#3460,(#3464,#3471),.PCURVE_S1.);
#3460 = LINE('',#3461,#3462);
#3461 = CARTESIAN_POINT('',(1.925,-2.105,0.57));
#3462 = VECTOR('',#3463,1.);
#3463 = DIRECTION('',(-0.,1.,-0.));
#3464 = PCURVE('',#3396,#3465);
#3465 = DEFINITIONAL_REPRESENTATION('',(#3466),#3470);
#3466 = LINE('',#3467,#3468);
#3467 = CARTESIAN_POINT('',(-0.,0.2));
#3468 = VECTOR('',#3469,1.);
#3469 = DIRECTION('',(-0.,-1.));
#3470 = ( GEOMETRIC_REPRESENTATION_CONTEXT(2) 
PARAMETRIC_REPRESENTATION_CONTEXT() REPRESENTATION_CONTEXT('2D SPACE',''
  ) );
#3471 = PCURVE('',#3472,#3477);
#3472 = PLANE('',#3473);
#3473 = AXIS2_PLACEMENT_3D('',#3474,#3475,#3476);
#3474 = CARTESIAN_POINT('',(1.9615,-1.905,0.57));
#3475 = DIRECTION('',(-0.,0.,-1.));
#3476 = DIRECTION('',(1.,0.,0.));
#3477 = DEFINITIONAL_REPRESENTATION('',(#3478),#3482);
#3478 = LINE('',#3479,#3480);
#3479 = CARTESIAN_POINT('',(-3.65E-02,0.2));
#3480 = VECTOR('',#3481,1.);
#3481 = DIRECTION('',(-0.,-1.));
#3482 = ( GEOMETRIC_REPRESENTATION_CONTEXT(2) 
PARAMETRIC_REPRESENTATION_CONTEXT() REPRESENTATION_CONTEXT('2D SPACE',''
  ) );
#3483 = ADVANCED_FACE('',(#3484),#3472,.T.);
#3484 = FACE_BOUND('',#3485,.F.);
#3485 = EDGE_LOOP('',(#3486,#3509,#3510,#3533));
#3486 = ORIENTED_EDGE('',*,*,#3487,.T.);
#3487 = EDGE_CURVE('',#3488,#3412,#3490,.T.);
#3488 = VERTEX_POINT('',#3489);
#3489 = CARTESIAN_POINT('',(1.9615,-1.705,0.57));
#3490 = SURFACE_CURVE('',#3491,(#3495,#3502),.PCURVE_S1.);
#3491 = LINE('',#3492,#3493);
#3492 = CARTESIAN_POINT('',(1.9615,-1.705,0.57));
#3493 = VECTOR('',#3494,1.);
#3494 = DIRECTION('',(-1.,-0.,-0.));
#3495 = PCURVE('',#3472,#3496);
#3496 = DEFINITIONAL_REPRESENTATION('',(#3497),#3501);
#3497 = LINE('',#3498,#3499);
#3498 = CARTESIAN_POINT('',(-0.,-0.2));
#3499 = VECTOR('',#3500,1.);
#3500 = DIRECTION('',(-1.,0.));
#3501 = ( GEOMETRIC_REPRESENTATION_CONTEXT(2) 
PARAMETRIC_REPRESENTATION_CONTEXT() REPRESENTATION_CONTEXT('2D SPACE',''
  ) );
#3502 = PCURVE('',#3314,#3503);
#3503 = DEFINITIONAL_REPRESENTATION('',(#3504),#3508);
#3504 = LINE('',#3505,#3506);
#3505 = CARTESIAN_POINT('',(-0.291076593519,-0.431526590766));
#3506 = VECTOR('',#3507,1.);
#3507 = DIRECTION('',(-0.,-1.));
#3508 = ( GEOMETRIC_REPRESENTATION_CONTEXT(2) 
PARAMETRIC_REPRESENTATION_CONTEXT() REPRESENTATION_CONTEXT('2D SPACE',''
  ) );
#3509 = ORIENTED_EDGE('',*,*,#3458,.F.);
#3510 = ORIENTED_EDGE('',*,*,#3511,.F.);
#3511 = EDGE_CURVE('',#3512,#3436,#3514,.T.);
#3512 = VERTEX_POINT('',#3513);
#3513 = CARTESIAN_POINT('',(1.9615,-2.105,0.57));
#3514 = SURFACE_CURVE('',#3515,(#3519,#3526),.PCURVE_S1.);
#3515 = LINE('',#3516,#3517);
#3516 = CARTESIAN_POINT('',(1.9615,-2.105,0.57));
#3517 = VECTOR('',#3518,1.);
#3518 = DIRECTION('',(-1.,-0.,-0.));
#3519 = PCURVE('',#3472,#3520);
#3520 = DEFINITIONAL_REPRESENTATION('',(#3521),#3525);
#3521 = LINE('',#3522,#3523);
#3522 = CARTESIAN_POINT('',(-0.,0.2));
#3523 = VECTOR('',#3524,1.);
#3524 = DIRECTION('',(-1.,0.));
#3525 = ( GEOMETRIC_REPRESENTATION_CONTEXT(2) 
PARAMETRIC_REPRESENTATION_CONTEXT() REPRESENTATION_CONTEXT('2D SPACE',''
  ) );
#3526 = PCURVE('',#3370,#3527);
#3527 = DEFINITIONAL_REPRESENTATION('',(#3528),#3532);
#3528 = LINE('',#3529,#3530);
#3529 = CARTESIAN_POINT('',(-0.291076593519,-0.431526590766));
#3530 = VECTOR('',#3531,1.);
#3531 = DIRECTION('',(-0.,-1.));
#3532 = ( GEOMETRIC_REPRESENTATION_CONTEXT(2) 
PARAMETRIC_REPRESENTATION_CONTEXT() REPRESENTATION_CONTEXT('2D SPACE',''
  ) );
#3533 = ORIENTED_EDGE('',*,*,#3534,.T.);
#3534 = EDGE_CURVE('',#3512,#3488,#3535,.T.);
#3535 = SURFACE_CURVE('',#3536,(#3540,#3547),.PCURVE_S1.);
#3536 = LINE('',#3537,#3538);
#3537 = CARTESIAN_POINT('',(1.9615,-2.105,0.57));
#3538 = VECTOR('',#3539,1.);
#3539 = DIRECTION('',(-0.,1.,-0.));
#3540 = PCURVE('',#3472,#3541);
#3541 = DEFINITIONAL_REPRESENTATION('',(#3542),#3546);
#3542 = LINE('',#3543,#3544);
#3543 = CARTESIAN_POINT('',(-0.,0.2));
#3544 = VECTOR('',#3545,1.);
#3545 = DIRECTION('',(-0.,-1.));
#3546 = ( GEOMETRIC_REPRESENTATION_CONTEXT(2) 
PARAMETRIC_REPRESENTATION_CONTEXT() REPRESENTATION_CONTEXT('2D SPACE',''
  ) );
#3547 = PCURVE('',#3548,#3553);
#3548 = PLANE('',#3549);
#3549 = AXIS2_PLACEMENT_3D('',#3550,#3551,#3552);
#3550 = CARTESIAN_POINT('',(2.21,-1.905,0.));
#3551 = DIRECTION('',(-0.916673306291,0.,-0.399637397567));
#3552 = DIRECTION('',(0.399637397567,0.,-0.916673306291));
#3553 = DEFINITIONAL_REPRESENTATION('',(#3554),#3558);
#3554 = LINE('',#3555,#3556);
#3555 = CARTESIAN_POINT('',(-0.621813677881,0.2));
#3556 = VECTOR('',#3557,1.);
#3557 = DIRECTION('',(-0.,-1.));
#3558 = ( GEOMETRIC_REPRESENTATION_CONTEXT(2) 
PARAMETRIC_REPRESENTATION_CONTEXT() REPRESENTATION_CONTEXT('2D SPACE',''
  ) );
#3559 = ADVANCED_FACE('',(#3560),#3548,.T.);
#3560 = FACE_BOUND('',#3561,.F.);
#3561 = EDGE_LOOP('',(#3562,#3592,#3613,#3614));
#3562 = ORIENTED_EDGE('',*,*,#3563,.F.);
#3563 = EDGE_CURVE('',#3564,#3566,#3568,.T.);
#3564 = VERTEX_POINT('',#3565);
#3565 = CARTESIAN_POINT('',(2.21,-1.705,0.));
#3566 = VERTEX_POINT('',#3567);
#3567 = CARTESIAN_POINT('',(2.21,-2.105,0.));
#3568 = SURFACE_CURVE('',#3569,(#3573,#3580),.PCURVE_S1.);
#3569 = LINE('',#3570,#3571);
#3570 = CARTESIAN_POINT('',(2.21,-1.705,0.));
#3571 = VECTOR('',#3572,1.);
#3572 = DIRECTION('',(-0.,-1.,-0.));
#3573 = PCURVE('',#3548,#3574);
#3574 = DEFINITIONAL_REPRESENTATION('',(#3575),#3579);
#3575 = LINE('',#3576,#3577);
#3576 = CARTESIAN_POINT('',(-0.,-0.2));
#3577 = VECTOR('',#3578,1.);
#3578 = DIRECTION('',(-0.,1.));
#3579 = ( GEOMETRIC_REPRESENTATION_CONTEXT(2) 
PARAMETRIC_REPRESENTATION_CONTEXT() REPRESENTATION_CONTEXT('2D SPACE',''
  ) );
#3580 = PCURVE('',#3581,#3586);
#3581 = PLANE('',#3582);
#3582 = AXIS2_PLACEMENT_3D('',#3583,#3584,#3585);
#3583 = CARTESIAN_POINT('',(3.,-1.905,0.));
#3584 = DIRECTION('',(-0.,0.,-1.));
#3585 = DIRECTION('',(1.,0.,0.));
#3586 = DEFINITIONAL_REPRESENTATION('',(#3587),#3591);
#3587 = LINE('',#3588,#3589);
#3588 = CARTESIAN_POINT('',(-0.79,-0.2));
#3589 = VECTOR('',#3590,1.);
#3590 = DIRECTION('',(-0.,1.));
#3591 = ( GEOMETRIC_REPRESENTATION_CONTEXT(2) 
PARAMETRIC_REPRESENTATION_CONTEXT() REPRESENTATION_CONTEXT('2D SPACE',''
  ) );
#3592 = ORIENTED_EDGE('',*,*,#3593,.T.);
#3593 = EDGE_CURVE('',#3564,#3488,#3594,.T.);
#3594 = SURFACE_CURVE('',#3595,(#3599,#3606),.PCURVE_S1.);
#3595 = LINE('',#3596,#3597);
#3596 = CARTESIAN_POINT('',(2.21,-1.705,0.));
#3597 = VECTOR('',#3598,1.);
#3598 = DIRECTION('',(-0.399637397567,-0.,0.916673306291));
#3599 = PCURVE('',#3548,#3600);
#3600 = DEFINITIONAL_REPRESENTATION('',(#3601),#3605);
#3601 = LINE('',#3602,#3603);
#3602 = CARTESIAN_POINT('',(-0.,-0.2));
#3603 = VECTOR('',#3604,1.);
#3604 = DIRECTION('',(-1.,0.));
#3605 = ( GEOMETRIC_REPRESENTATION_CONTEXT(2) 
PARAMETRIC_REPRESENTATION_CONTEXT() REPRESENTATION_CONTEXT('2D SPACE',''
  ) );
#3606 = PCURVE('',#3314,#3607);
#3607 = DEFINITIONAL_REPRESENTATION('',(#3608),#3612);
#3608 = LINE('',#3609,#3610);
#3609 = CARTESIAN_POINT('',(0.278923406481,-0.183026590766));
#3610 = VECTOR('',#3611,1.);
#3611 = DIRECTION('',(-0.916673306291,-0.399637397567));
#3612 = ( GEOMETRIC_REPRESENTATION_CONTEXT(2) 
PARAMETRIC_REPRESENTATION_CONTEXT() REPRESENTATION_CONTEXT('2D SPACE',''
  ) );
#3613 = ORIENTED_EDGE('',*,*,#3534,.F.);
#3614 = ORIENTED_EDGE('',*,*,#3615,.F.);
#3615 = EDGE_CURVE('',#3566,#3512,#3616,.T.);
#3616 = SURFACE_CURVE('',#3617,(#3621,#3628),.PCURVE_S1.);
#3617 = LINE('',#3618,#3619);
#3618 = CARTESIAN_POINT('',(2.21,-2.105,0.));
#3619 = VECTOR('',#3620,1.);
#3620 = DIRECTION('',(-0.399637397567,-0.,0.916673306291));
#3621 = PCURVE('',#3548,#3622);
#3622 = DEFINITIONAL_REPRESENTATION('',(#3623),#3627);
#3623 = LINE('',#3624,#3625);
#3624 = CARTESIAN_POINT('',(-0.,0.2));
#3625 = VECTOR('',#3626,1.);
#3626 = DIRECTION('',(-1.,0.));
#3627 = ( GEOMETRIC_REPRESENTATION_CONTEXT(2) 
PARAMETRIC_REPRESENTATION_CONTEXT() REPRESENTATION_CONTEXT('2D SPACE',''
  ) );
#3628 = PCURVE('',#3370,#3629);
#3629 = DEFINITIONAL_REPRESENTATION('',(#3630),#3634);
#3630 = LINE('',#3631,#3632);
#3631 = CARTESIAN_POINT('',(0.278923406481,-0.183026590766));
#3632 = VECTOR('',#3633,1.);
#3633 = DIRECTION('',(-0.916673306291,-0.399637397567));
#3634 = ( GEOMETRIC_REPRESENTATION_CONTEXT(2) 
PARAMETRIC_REPRESENTATION_CONTEXT() REPRESENTATION_CONTEXT('2D SPACE',''
  ) );
#3635 = ADVANCED_FACE('',(#3636),#3581,.T.);
#3636 = FACE_BOUND('',#3637,.F.);
#3637 = EDGE_LOOP('',(#3638,#3668,#3689,#3690));
#3638 = ORIENTED_EDGE('',*,*,#3639,.F.);
#3639 = EDGE_CURVE('',#3640,#3642,#3644,.T.);
#3640 = VERTEX_POINT('',#3641);
#3641 = CARTESIAN_POINT('',(3.,-1.705,0.));
#3642 = VERTEX_POINT('',#3643);
#3643 = CARTESIAN_POINT('',(3.,-2.105,0.));
#3644 = SURFACE_CURVE('',#3645,(#3649,#3656),.PCURVE_S1.);
#3645 = LINE('',#3646,#3647);
#3646 = CARTESIAN_POINT('',(3.,-1.705,0.));
#3647 = VECTOR('',#3648,1.);
#3648 = DIRECTION('',(-0.,-1.,-0.));
#3649 = PCURVE('',#3581,#3650);
#3650 = DEFINITIONAL_REPRESENTATION('',(#3651),#3655);
#3651 = LINE('',#3652,#3653);
#3652 = CARTESIAN_POINT('',(-0.,-0.2));
#3653 = VECTOR('',#3654,1.);
#3654 = DIRECTION('',(-0.,1.));
#3655 = ( GEOMETRIC_REPRESENTATION_CONTEXT(2) 
PARAMETRIC_REPRESENTATION_CONTEXT() REPRESENTATION_CONTEXT('2D SPACE',''
  ) );
#3656 = PCURVE('',#3657,#3662);
#3657 = PLANE('',#3658);
#3658 = AXIS2_PLACEMENT_3D('',#3659,#3660,#3661);
#3659 = CARTESIAN_POINT('',(3.,-1.905,0.2));
#3660 = DIRECTION('',(1.,-0.,-0.));
#3661 = DIRECTION('',(0.,0.,1.));
#3662 = DEFINITIONAL_REPRESENTATION('',(#3663),#3667);
#3663 = LINE('',#3664,#3665);
#3664 = CARTESIAN_POINT('',(-0.2,-0.2));
#3665 = VECTOR('',#3666,1.);
#3666 = DIRECTION('',(-0.,1.));
#3667 = ( GEOMETRIC_REPRESENTATION_CONTEXT(2) 
PARAMETRIC_REPRESENTATION_CONTEXT() REPRESENTATION_CONTEXT('2D SPACE',''
  ) );
#3668 = ORIENTED_EDGE('',*,*,#3669,.T.);
#3669 = EDGE_CURVE('',#3640,#3564,#3670,.T.);
#3670 = SURFACE_CURVE('',#3671,(#3675,#3682),.PCURVE_S1.);
#3671 = LINE('',#3672,#3673);
#3672 = CARTESIAN_POINT('',(3.,-1.705,0.));
#3673 = VECTOR('',#3674,1.);
#3674 = DIRECTION('',(-1.,-0.,-0.));
#3675 = PCURVE('',#3581,#3676);
#3676 = DEFINITIONAL_REPRESENTATION('',(#3677),#3681);
#3677 = LINE('',#3678,#3679);
#3678 = CARTESIAN_POINT('',(-0.,-0.2));
#3679 = VECTOR('',#3680,1.);
#3680 = DIRECTION('',(-1.,0.));
#3681 = ( GEOMETRIC_REPRESENTATION_CONTEXT(2) 
PARAMETRIC_REPRESENTATION_CONTEXT() REPRESENTATION_CONTEXT('2D SPACE',''
  ) );
#3682 = PCURVE('',#3314,#3683);
#3683 = DEFINITIONAL_REPRESENTATION('',(#3684),#3688);
#3684 = LINE('',#3685,#3686);
#3685 = CARTESIAN_POINT('',(0.278923406481,0.606973409234));
#3686 = VECTOR('',#3687,1.);
#3687 = DIRECTION('',(-0.,-1.));
#3688 = ( GEOMETRIC_REPRESENTATION_CONTEXT(2) 
PARAMETRIC_REPRESENTATION_CONTEXT() REPRESENTATION_CONTEXT('2D SPACE',''
  ) );
#3689 = ORIENTED_EDGE('',*,*,#3563,.T.);
#3690 = ORIENTED_EDGE('',*,*,#3691,.F.);
#3691 = EDGE_CURVE('',#3642,#3566,#3692,.T.);
#3692 = SURFACE_CURVE('',#3693,(#3697,#3704),.PCURVE_S1.);
#3693 = LINE('',#3694,#3695);
#3694 = CARTESIAN_POINT('',(3.,-2.105,0.));
#3695 = VECTOR('',#3696,1.);
#3696 = DIRECTION('',(-1.,-0.,-0.));
#3697 = PCURVE('',#3581,#3698);
#3698 = DEFINITIONAL_REPRESENTATION('',(#3699),#3703);
#3699 = LINE('',#3700,#3701);
#3700 = CARTESIAN_POINT('',(-0.,0.2));
#3701 = VECTOR('',#3702,1.);
#3702 = DIRECTION('',(-1.,0.));
#3703 = ( GEOMETRIC_REPRESENTATION_CONTEXT(2) 
PARAMETRIC_REPRESENTATION_CONTEXT() REPRESENTATION_CONTEXT('2D SPACE',''
  ) );
#3704 = PCURVE('',#3370,#3705);
#3705 = DEFINITIONAL_REPRESENTATION('',(#3706),#3710);
#3706 = LINE('',#3707,#3708);
#3707 = CARTESIAN_POINT('',(0.278923406481,0.606973409234));
#3708 = VECTOR('',#3709,1.);
#3709 = DIRECTION('',(-0.,-1.));
#3710 = ( GEOMETRIC_REPRESENTATION_CONTEXT(2) 
PARAMETRIC_REPRESENTATION_CONTEXT() REPRESENTATION_CONTEXT('2D SPACE',''
  ) );
#3711 = ADVANCED_FACE('',(#3712),#3657,.T.);
#3712 = FACE_BOUND('',#3713,.F.);
#3713 = EDGE_LOOP('',(#3714,#3744,#3765,#3766));
#3714 = ORIENTED_EDGE('',*,*,#3715,.F.);
#3715 = EDGE_CURVE('',#3716,#3718,#3720,.T.);
#3716 = VERTEX_POINT('',#3717);
#3717 = CARTESIAN_POINT('',(3.,-1.705,0.2));
#3718 = VERTEX_POINT('',#3719);
#3719 = CARTESIAN_POINT('',(3.,-2.105,0.2));
#3720 = SURFACE_CURVE('',#3721,(#3725,#3732),.PCURVE_S1.);
#3721 = LINE('',#3722,#3723);
#3722 = CARTESIAN_POINT('',(3.,-1.705,0.2));
#3723 = VECTOR('',#3724,1.);
#3724 = DIRECTION('',(-0.,-1.,-0.));
#3725 = PCURVE('',#3657,#3726);
#3726 = DEFINITIONAL_REPRESENTATION('',(#3727),#3731);
#3727 = LINE('',#3728,#3729);
#3728 = CARTESIAN_POINT('',(-0.,-0.2));
#3729 = VECTOR('',#3730,1.);
#3730 = DIRECTION('',(-0.,1.));
#3731 = ( GEOMETRIC_REPRESENTATION_CONTEXT(2) 
PARAMETRIC_REPRESENTATION_CONTEXT() REPRESENTATION_CONTEXT('2D SPACE',''
  ) );
#3732 = PCURVE('',#3733,#3738);
#3733 = PLANE('',#3734);
#3734 = AXIS2_PLACEMENT_3D('',#3735,#3736,#3737);
#3735 = CARTESIAN_POINT('',(2.35,-1.905,0.2));
#3736 = DIRECTION('',(-0.,-0.,1.));
#3737 = DIRECTION('',(-1.,0.,0.));
#3738 = DEFINITIONAL_REPRESENTATION('',(#3739),#3743);
#3739 = LINE('',#3740,#3741);
#3740 = CARTESIAN_POINT('',(-0.65,-0.2));
#3741 = VECTOR('',#3742,1.);
#3742 = DIRECTION('',(-0.,1.));
#3743 = ( GEOMETRIC_REPRESENTATION_CONTEXT(2) 
PARAMETRIC_REPRESENTATION_CONTEXT() REPRESENTATION_CONTEXT('2D SPACE',''
  ) );
#3744 = ORIENTED_EDGE('',*,*,#3745,.T.);
#3745 = EDGE_CURVE('',#3716,#3640,#3746,.T.);
#3746 = SURFACE_CURVE('',#3747,(#3751,#3758),.PCURVE_S1.);
#3747 = LINE('',#3748,#3749);
#3748 = CARTESIAN_POINT('',(3.,-1.705,0.2));
#3749 = VECTOR('',#3750,1.);
#3750 = DIRECTION('',(-0.,-0.,-1.));
#3751 = PCURVE('',#3657,#3752);
#3752 = DEFINITIONAL_REPRESENTATION('',(#3753),#3757);
#3753 = LINE('',#3754,#3755);
#3754 = CARTESIAN_POINT('',(-0.,-0.2));
#3755 = VECTOR('',#3756,1.);
#3756 = DIRECTION('',(-1.,0.));
#3757 = ( GEOMETRIC_REPRESENTATION_CONTEXT(2) 
PARAMETRIC_REPRESENTATION_CONTEXT() REPRESENTATION_CONTEXT('2D SPACE',''
  ) );
#3758 = PCURVE('',#3314,#3759);
#3759 = DEFINITIONAL_REPRESENTATION('',(#3760),#3764);
#3760 = LINE('',#3761,#3762);
#3761 = CARTESIAN_POINT('',(7.892340648124E-02,0.606973409234));
#3762 = VECTOR('',#3763,1.);
#3763 = DIRECTION('',(1.,-0.));
#3764 = ( GEOMETRIC_REPRESENTATION_CONTEXT(2) 
PARAMETRIC_REPRESENTATION_CONTEXT() REPRESENTATION_CONTEXT('2D SPACE',''
  ) );
#3765 = ORIENTED_EDGE('',*,*,#3639,.T.);
#3766 = ORIENTED_EDGE('',*,*,#3767,.F.);
#3767 = EDGE_CURVE('',#3718,#3642,#3768,.T.);
#3768 = SURFACE_CURVE('',#3769,(#3773,#3780),.PCURVE_S1.);
#3769 = LINE('',#3770,#3771);
#3770 = CARTESIAN_POINT('',(3.,-2.105,0.2));
#3771 = VECTOR('',#3772,1.);
#3772 = DIRECTION('',(-0.,-0.,-1.));
#3773 = PCURVE('',#3657,#3774);
#3774 = DEFINITIONAL_REPRESENTATION('',(#3775),#3779);
#3775 = LINE('',#3776,#3777);
#3776 = CARTESIAN_POINT('',(-0.,0.2));
#3777 = VECTOR('',#3778,1.);
#3778 = DIRECTION('',(-1.,0.));
#3779 = ( GEOMETRIC_REPRESENTATION_CONTEXT(2) 
PARAMETRIC_REPRESENTATION_CONTEXT() REPRESENTATION_CONTEXT('2D SPACE',''
  ) );
#3780 = PCURVE('',#3370,#3781);
#3781 = DEFINITIONAL_REPRESENTATION('',(#3782),#3786);
#3782 = LINE('',#3783,#3784);
#3783 = CARTESIAN_POINT('',(7.892340648124E-02,0.606973409234));
#3784 = VECTOR('',#3785,1.);
#3785 = DIRECTION('',(1.,-0.));
#3786 = ( GEOMETRIC_REPRESENTATION_CONTEXT(2) 
PARAMETRIC_REPRESENTATION_CONTEXT() REPRESENTATION_CONTEXT('2D SPACE',''
  ) );
#3787 = ADVANCED_FACE('',(#3788),#3733,.T.);
#3788 = FACE_BOUND('',#3789,.F.);
#3789 = EDGE_LOOP('',(#3790,#3815,#3836,#3837));
#3790 = ORIENTED_EDGE('',*,*,#3791,.F.);
#3791 = EDGE_CURVE('',#3792,#3794,#3796,.T.);
#3792 = VERTEX_POINT('',#3793);
#3793 = CARTESIAN_POINT('',(2.35,-1.705,0.2));
#3794 = VERTEX_POINT('',#3795);
#3795 = CARTESIAN_POINT('',(2.35,-2.105,0.2));
#3796 = SURFACE_CURVE('',#3797,(#3801,#3808),.PCURVE_S1.);
#3797 = LINE('',#3798,#3799);
#3798 = CARTESIAN_POINT('',(2.35,-1.705,0.2));
#3799 = VECTOR('',#3800,1.);
#3800 = DIRECTION('',(-0.,-1.,-0.));
#3801 = PCURVE('',#3733,#3802);
#3802 = DEFINITIONAL_REPRESENTATION('',(#3803),#3807);
#3803 = LINE('',#3804,#3805);
#3804 = CARTESIAN_POINT('',(-0.,-0.2));
#3805 = VECTOR('',#3806,1.);
#3806 = DIRECTION('',(-0.,1.));
#3807 = ( GEOMETRIC_REPRESENTATION_CONTEXT(2) 
PARAMETRIC_REPRESENTATION_CONTEXT() REPRESENTATION_CONTEXT('2D SPACE',''
  ) );
#3808 = PCURVE('',#3342,#3809);
#3809 = DEFINITIONAL_REPRESENTATION('',(#3810),#3814);
#3810 = LINE('',#3811,#3812);
#3811 = CARTESIAN_POINT('',(-0.621813677881,-0.2));
#3812 = VECTOR('',#3813,1.);
#3813 = DIRECTION('',(-0.,1.));
#3814 = ( GEOMETRIC_REPRESENTATION_CONTEXT(2) 
PARAMETRIC_REPRESENTATION_CONTEXT() REPRESENTATION_CONTEXT('2D SPACE',''
  ) );
#3815 = ORIENTED_EDGE('',*,*,#3816,.T.);
#3816 = EDGE_CURVE('',#3792,#3716,#3817,.T.);
#3817 = SURFACE_CURVE('',#3818,(#3822,#3829),.PCURVE_S1.);
#3818 = LINE('',#3819,#3820);
#3819 = CARTESIAN_POINT('',(2.35,-1.705,0.2));
#3820 = VECTOR('',#3821,1.);
#3821 = DIRECTION('',(1.,-0.,-0.));
#3822 = PCURVE('',#3733,#3823);
#3823 = DEFINITIONAL_REPRESENTATION('',(#3824),#3828);
#3824 = LINE('',#3825,#3826);
#3825 = CARTESIAN_POINT('',(-0.,-0.2));
#3826 = VECTOR('',#3827,1.);
#3827 = DIRECTION('',(-1.,0.));
#3828 = ( GEOMETRIC_REPRESENTATION_CONTEXT(2) 
PARAMETRIC_REPRESENTATION_CONTEXT() REPRESENTATION_CONTEXT('2D SPACE',''
  ) );
#3829 = PCURVE('',#3314,#3830);
#3830 = DEFINITIONAL_REPRESENTATION('',(#3831),#3835);
#3831 = LINE('',#3832,#3833);
#3832 = CARTESIAN_POINT('',(7.892340648124E-02,-4.302659076564E-02));
#3833 = VECTOR('',#3834,1.);
#3834 = DIRECTION('',(-0.,1.));
#3835 = ( GEOMETRIC_REPRESENTATION_CONTEXT(2) 
PARAMETRIC_REPRESENTATION_CONTEXT() REPRESENTATION_CONTEXT('2D SPACE',''
  ) );
#3836 = ORIENTED_EDGE('',*,*,#3715,.T.);
#3837 = ORIENTED_EDGE('',*,*,#3838,.F.);
#3838 = EDGE_CURVE('',#3794,#3718,#3839,.T.);
#3839 = SURFACE_CURVE('',#3840,(#3844,#3851),.PCURVE_S1.);
#3840 = LINE('',#3841,#3842);
#3841 = CARTESIAN_POINT('',(2.35,-2.105,0.2));
#3842 = VECTOR('',#3843,1.);
#3843 = DIRECTION('',(1.,-0.,-0.));
#3844 = PCURVE('',#3733,#3845);
#3845 = DEFINITIONAL_REPRESENTATION('',(#3846),#3850);
#3846 = LINE('',#3847,#3848);
#3847 = CARTESIAN_POINT('',(-0.,0.2));
#3848 = VECTOR('',#3849,1.);
#3849 = DIRECTION('',(-1.,0.));
#3850 = ( GEOMETRIC_REPRESENTATION_CONTEXT(2) 
PARAMETRIC_REPRESENTATION_CONTEXT() REPRESENTATION_CONTEXT('2D SPACE',''
  ) );
#3851 = PCURVE('',#3370,#3852);
#3852 = DEFINITIONAL_REPRESENTATION('',(#3853),#3857);
#3853 = LINE('',#3854,#3855);
#3854 = CARTESIAN_POINT('',(7.892340648124E-02,-4.302659076564E-02));
#3855 = VECTOR('',#3856,1.);
#3856 = DIRECTION('',(-0.,1.));
#3857 = ( GEOMETRIC_REPRESENTATION_CONTEXT(2) 
PARAMETRIC_REPRESENTATION_CONTEXT() REPRESENTATION_CONTEXT('2D SPACE',''
  ) );
#3858 = ADVANCED_FACE('',(#3859),#3370,.T.);
#3859 = FACE_BOUND('',#3860,.F.);
#3860 = EDGE_LOOP('',(#3861,#3862,#3883,#3884,#3885,#3886,#3887,#3888));
#3861 = ORIENTED_EDGE('',*,*,#3354,.T.);
#3862 = ORIENTED_EDGE('',*,*,#3863,.T.);
#3863 = EDGE_CURVE('',#3327,#3794,#3864,.T.);
#3864 = SURFACE_CURVE('',#3865,(#3869,#3876),.PCURVE_S1.);
#3865 = LINE('',#3866,#3867);
#3866 = CARTESIAN_POINT('',(2.1015,-2.105,0.77));
#3867 = VECTOR('',#3868,1.);
#3868 = DIRECTION('',(0.399637397567,-0.,-0.916673306291));
#3869 = PCURVE('',#3370,#3870);
#3870 = DEFINITIONAL_REPRESENTATION('',(#3871),#3875);
#3871 = LINE('',#3872,#3873);
#3872 = CARTESIAN_POINT('',(-0.491076593519,-0.291526590766));
#3873 = VECTOR('',#3874,1.);
#3874 = DIRECTION('',(0.916673306291,0.399637397567));
#3875 = ( GEOMETRIC_REPRESENTATION_CONTEXT(2) 
PARAMETRIC_REPRESENTATION_CONTEXT() REPRESENTATION_CONTEXT('2D SPACE',''
  ) );
#3876 = PCURVE('',#3342,#3877);
#3877 = DEFINITIONAL_REPRESENTATION('',(#3878),#3882);
#3878 = LINE('',#3879,#3880);
#3879 = CARTESIAN_POINT('',(-0.,0.2));
#3880 = VECTOR('',#3881,1.);
#3881 = DIRECTION('',(-1.,0.));
#3882 = ( GEOMETRIC_REPRESENTATION_CONTEXT(2) 
PARAMETRIC_REPRESENTATION_CONTEXT() REPRESENTATION_CONTEXT('2D SPACE',''
  ) );
#3883 = ORIENTED_EDGE('',*,*,#3838,.T.);
#3884 = ORIENTED_EDGE('',*,*,#3767,.T.);
#3885 = ORIENTED_EDGE('',*,*,#3691,.T.);
#3886 = ORIENTED_EDGE('',*,*,#3615,.T.);
#3887 = ORIENTED_EDGE('',*,*,#3511,.T.);
#3888 = ORIENTED_EDGE('',*,*,#3435,.T.);
#3889 = ADVANCED_FACE('',(#3890),#3342,.T.);
#3890 = FACE_BOUND('',#3891,.F.);
#3891 = EDGE_LOOP('',(#3892,#3893,#3914,#3915));
#3892 = ORIENTED_EDGE('',*,*,#3326,.F.);
#3893 = ORIENTED_EDGE('',*,*,#3894,.T.);
#3894 = EDGE_CURVE('',#3294,#3792,#3895,.T.);
#3895 = SURFACE_CURVE('',#3896,(#3900,#3907),.PCURVE_S1.);
#3896 = LINE('',#3897,#3898);
#3897 = CARTESIAN_POINT('',(2.1015,-1.705,0.77));
#3898 = VECTOR('',#3899,1.);
#3899 = DIRECTION('',(0.399637397567,-0.,-0.916673306291));
#3900 = PCURVE('',#3342,#3901);
#3901 = DEFINITIONAL_REPRESENTATION('',(#3902),#3906);
#3902 = LINE('',#3903,#3904);
#3903 = CARTESIAN_POINT('',(-0.,-0.2));
#3904 = VECTOR('',#3905,1.);
#3905 = DIRECTION('',(-1.,0.));
#3906 = ( GEOMETRIC_REPRESENTATION_CONTEXT(2) 
PARAMETRIC_REPRESENTATION_CONTEXT() REPRESENTATION_CONTEXT('2D SPACE',''
  ) );
#3907 = PCURVE('',#3314,#3908);
#3908 = DEFINITIONAL_REPRESENTATION('',(#3909),#3913);
#3909 = LINE('',#3910,#3911);
#3910 = CARTESIAN_POINT('',(-0.491076593519,-0.291526590766));
#3911 = VECTOR('',#3912,1.);
#3912 = DIRECTION('',(0.916673306291,0.399637397567));
#3913 = ( GEOMETRIC_REPRESENTATION_CONTEXT(2) 
PARAMETRIC_REPRESENTATION_CONTEXT() REPRESENTATION_CONTEXT('2D SPACE',''
  ) );
#3914 = ORIENTED_EDGE('',*,*,#3791,.T.);
#3915 = ORIENTED_EDGE('',*,*,#3863,.F.);
#3916 = ADVANCED_FACE('',(#3917),#3314,.F.);
#3917 = FACE_BOUND('',#3918,.T.);
#3918 = EDGE_LOOP('',(#3919,#3920,#3921,#3922,#3923,#3924,#3925,#3926));
#3919 = ORIENTED_EDGE('',*,*,#3291,.T.);
#3920 = ORIENTED_EDGE('',*,*,#3894,.T.);
#3921 = ORIENTED_EDGE('',*,*,#3816,.T.);
#3922 = ORIENTED_EDGE('',*,*,#3745,.T.);
#3923 = ORIENTED_EDGE('',*,*,#3669,.T.);
#3924 = ORIENTED_EDGE('',*,*,#3593,.T.);
#3925 = ORIENTED_EDGE('',*,*,#3487,.T.);
#3926 = ORIENTED_EDGE('',*,*,#3411,.T.);
#3927 = ( GEOMETRIC_REPRESENTATION_CONTEXT(3) 
GLOBAL_UNCERTAINTY_ASSIGNED_CONTEXT((#3931)) 
GLOBAL_UNIT_ASSIGNED_CONTEXT((#3928,#3929,#3930)) REPRESENTATION_CONTEXT
('Context #1','3D Context with UNIT and UNCERTAINTY') );
#3928 = ( LENGTH_UNIT() NAMED_UNIT(*) SI_UNIT(.MILLI.,.METRE.) );
#3929 = ( NAMED_UNIT(*) PLANE_ANGLE_UNIT() SI_UNIT($,.RADIAN.) );
#3930 = ( NAMED_UNIT(*) SI_UNIT($,.STERADIAN.) SOLID_ANGLE_UNIT() );
#3931 = UNCERTAINTY_MEASURE_WITH_UNIT(LENGTH_MEASURE(1.E-07),#3928,
  'distance_accuracy_value','confusion accuracy');
#3932 = CONTEXT_DEPENDENT_SHAPE_REPRESENTATION(#3933,#3935);
#3933 = ( REPRESENTATION_RELATIONSHIP('','',#3284,#10) 
REPRESENTATION_RELATIONSHIP_WITH_TRANSFORMATION(#3934) 
SHAPE_REPRESENTATION_RELATIONSHIP() );
#3934 = ITEM_DEFINED_TRANSFORMATION('','',#11,#39);
#3935 = PRODUCT_DEFINITION_SHAPE('Placement','Placement of an item',
  #3936);
#3936 = NEXT_ASSEMBLY_USAGE_OCCURRENCE('20','pin5','',#5,#3279,$);
#3937 = PRODUCT_RELATED_PRODUCT_CATEGORY('part',$,(#3281));
#3938 = SHAPE_DEFINITION_REPRESENTATION(#3939,#3945);
#3939 = PRODUCT_DEFINITION_SHAPE('','',#3940);
#3940 = PRODUCT_DEFINITION('design','',#3941,#3944);
#3941 = PRODUCT_DEFINITION_FORMATION('','',#3942);
#3942 = PRODUCT('pin6','pin6','',(#3943));
#3943 = PRODUCT_CONTEXT('',#2,'mechanical');
#3944 = PRODUCT_DEFINITION_CONTEXT('part definition',#2,'design');
#3945 = ADVANCED_BREP_SHAPE_REPRESENTATION('',(#11,#3946),#4588);
#3946 = MANIFOLD_SOLID_BREP('',#3947);
#3947 = CLOSED_SHELL('',(#3948,#4068,#4144,#4220,#4296,#4372,#4448,#4519
    ,#4550,#4577));
#3948 = ADVANCED_FACE('',(#3949),#3963,.T.);
#3949 = FACE_BOUND('',#3950,.F.);
#3950 = EDGE_LOOP('',(#3951,#3986,#4014,#4042));
#3951 = ORIENTED_EDGE('',*,*,#3952,.T.);
#3952 = EDGE_CURVE('',#3953,#3955,#3957,.T.);
#3953 = VERTEX_POINT('',#3954);
#3954 = CARTESIAN_POINT('',(1.925,-0.435,0.77));
#3955 = VERTEX_POINT('',#3956);
#3956 = CARTESIAN_POINT('',(2.1015,-0.435,0.77));
#3957 = SURFACE_CURVE('',#3958,(#3962,#3974),.PCURVE_S1.);
#3958 = LINE('',#3959,#3960);
#3959 = CARTESIAN_POINT('',(1.925,-0.435,0.77));
#3960 = VECTOR('',#3961,1.);
#3961 = DIRECTION('',(1.,-0.,-0.));
#3962 = PCURVE('',#3963,#3968);
#3963 = PLANE('',#3964);
#3964 = AXIS2_PLACEMENT_3D('',#3965,#3966,#3967);
#3965 = CARTESIAN_POINT('',(1.925,-0.635,0.77));
#3966 = DIRECTION('',(-0.,-0.,1.));
#3967 = DIRECTION('',(-1.,0.,0.));
#3968 = DEFINITIONAL_REPRESENTATION('',(#3969),#3973);
#3969 = LINE('',#3970,#3971);
#3970 = CARTESIAN_POINT('',(-0.,-0.2));
#3971 = VECTOR('',#3972,1.);
#3972 = DIRECTION('',(-1.,0.));
#3973 = ( GEOMETRIC_REPRESENTATION_CONTEXT(2) 
PARAMETRIC_REPRESENTATION_CONTEXT() REPRESENTATION_CONTEXT('2D SPACE',''
  ) );
#3974 = PCURVE('',#3975,#3980);
#3975 = PLANE('',#3976);
#3976 = AXIS2_PLACEMENT_3D('',#3977,#3978,#3979);
#3977 = CARTESIAN_POINT('',(2.393026590766,-0.435,0.278923406481));
#3978 = DIRECTION('',(-0.,-1.,-0.));
#3979 = DIRECTION('',(0.,0.,-1.));
#3980 = DEFINITIONAL_REPRESENTATION('',(#3981),#3985);
#3981 = LINE('',#3982,#3983);
#3982 = CARTESIAN_POINT('',(-0.491076593519,-0.468026590766));
#3983 = VECTOR('',#3984,1.);
#3984 = DIRECTION('',(-0.,1.));
#3985 = ( GEOMETRIC_REPRESENTATION_CONTEXT(2) 
PARAMETRIC_REPRESENTATION_CONTEXT() REPRESENTATION_CONTEXT('2D SPACE',''
  ) );
#3986 = ORIENTED_EDGE('',*,*,#3987,.T.);
#3987 = EDGE_CURVE('',#3955,#3988,#3990,.T.);
#3988 = VERTEX_POINT('',#3989);
#3989 = CARTESIAN_POINT('',(2.1015,-0.835,0.77));
#3990 = SURFACE_CURVE('',#3991,(#3995,#4002),.PCURVE_S1.);
#3991 = LINE('',#3992,#3993);
#3992 = CARTESIAN_POINT('',(2.1015,-0.435,0.77));
#3993 = VECTOR('',#3994,1.);
#3994 = DIRECTION('',(-0.,-1.,-0.));
#3995 = PCURVE('',#3963,#3996);
#3996 = DEFINITIONAL_REPRESENTATION('',(#3997),#4001);
#3997 = LINE('',#3998,#3999);
#3998 = CARTESIAN_POINT('',(-0.1765,-0.2));
#3999 = VECTOR('',#4000,1.);
#4000 = DIRECTION('',(-0.,1.));
#4001 = ( GEOMETRIC_REPRESENTATION_CONTEXT(2) 
PARAMETRIC_REPRESENTATION_CONTEXT() REPRESENTATION_CONTEXT('2D SPACE',''
  ) );
#4002 = PCURVE('',#4003,#4008);
#4003 = PLANE('',#4004);
#4004 = AXIS2_PLACEMENT_3D('',#4005,#4006,#4007);
#4005 = CARTESIAN_POINT('',(2.1015,-0.635,0.77));
#4006 = DIRECTION('',(0.916673306291,-0.,0.399637397567));
#4007 = DIRECTION('',(-0.399637397567,0.,0.916673306291));
#4008 = DEFINITIONAL_REPRESENTATION('',(#4009),#4013);
#4009 = LINE('',#4010,#4011);
#4010 = CARTESIAN_POINT('',(-0.,-0.2));
#4011 = VECTOR('',#4012,1.);
#4012 = DIRECTION('',(-0.,1.));
#4013 = ( GEOMETRIC_REPRESENTATION_CONTEXT(2) 
PARAMETRIC_REPRESENTATION_CONTEXT() REPRESENTATION_CONTEXT('2D SPACE',''
  ) );
#4014 = ORIENTED_EDGE('',*,*,#4015,.F.);
#4015 = EDGE_CURVE('',#4016,#3988,#4018,.T.);
#4016 = VERTEX_POINT('',#4017);
#4017 = CARTESIAN_POINT('',(1.925,-0.835,0.77));
#4018 = SURFACE_CURVE('',#4019,(#4023,#4030),.PCURVE_S1.);
#4019 = LINE('',#4020,#4021);
#4020 = CARTESIAN_POINT('',(1.925,-0.835,0.77));
#4021 = VECTOR('',#4022,1.);
#4022 = DIRECTION('',(1.,-0.,-0.));
#4023 = PCURVE('',#3963,#4024);
#4024 = DEFINITIONAL_REPRESENTATION('',(#4025),#4029);
#4025 = LINE('',#4026,#4027);
#4026 = CARTESIAN_POINT('',(-0.,0.2));
#4027 = VECTOR('',#4028,1.);
#4028 = DIRECTION('',(-1.,0.));
#4029 = ( GEOMETRIC_REPRESENTATION_CONTEXT(2) 
PARAMETRIC_REPRESENTATION_CONTEXT() REPRESENTATION_CONTEXT('2D SPACE',''
  ) );
#4030 = PCURVE('',#4031,#4036);
#4031 = PLANE('',#4032);
#4032 = AXIS2_PLACEMENT_3D('',#4033,#4034,#4035);
#4033 = CARTESIAN_POINT('',(2.393026590766,-0.835,0.278923406481));
#4034 = DIRECTION('',(-0.,-1.,-0.));
#4035 = DIRECTION('',(0.,0.,-1.));
#4036 = DEFINITIONAL_REPRESENTATION('',(#4037),#4041);
#4037 = LINE('',#4038,#4039);
#4038 = CARTESIAN_POINT('',(-0.491076593519,-0.468026590766));
#4039 = VECTOR('',#4040,1.);
#4040 = DIRECTION('',(-0.,1.));
#4041 = ( GEOMETRIC_REPRESENTATION_CONTEXT(2) 
PARAMETRIC_REPRESENTATION_CONTEXT() REPRESENTATION_CONTEXT('2D SPACE',''
  ) );
#4042 = ORIENTED_EDGE('',*,*,#4043,.T.);
#4043 = EDGE_CURVE('',#4016,#3953,#4044,.T.);
#4044 = SURFACE_CURVE('',#4045,(#4049,#4056),.PCURVE_S1.);
#4045 = LINE('',#4046,#4047);
#4046 = CARTESIAN_POINT('',(1.925,-0.835,0.77));
#4047 = VECTOR('',#4048,1.);
#4048 = DIRECTION('',(-0.,1.,-0.));
#4049 = PCURVE('',#3963,#4050);
#4050 = DEFINITIONAL_REPRESENTATION('',(#4051),#4055);
#4051 = LINE('',#4052,#4053);
#4052 = CARTESIAN_POINT('',(-0.,0.2));
#4053 = VECTOR('',#4054,1.);
#4054 = DIRECTION('',(-0.,-1.));
#4055 = ( GEOMETRIC_REPRESENTATION_CONTEXT(2) 
PARAMETRIC_REPRESENTATION_CONTEXT() REPRESENTATION_CONTEXT('2D SPACE',''
  ) );
#4056 = PCURVE('',#4057,#4062);
#4057 = PLANE('',#4058);
#4058 = AXIS2_PLACEMENT_3D('',#4059,#4060,#4061);
#4059 = CARTESIAN_POINT('',(1.925,-0.635,0.57));
#4060 = DIRECTION('',(-1.,-0.,-0.));
#4061 = DIRECTION('',(0.,0.,-1.));
#4062 = DEFINITIONAL_REPRESENTATION('',(#4063),#4067);
#4063 = LINE('',#4064,#4065);
#4064 = CARTESIAN_POINT('',(-0.2,0.2));
#4065 = VECTOR('',#4066,1.);
#4066 = DIRECTION('',(-0.,-1.));
#4067 = ( GEOMETRIC_REPRESENTATION_CONTEXT(2) 
PARAMETRIC_REPRESENTATION_CONTEXT() REPRESENTATION_CONTEXT('2D SPACE',''
  ) );
#4068 = ADVANCED_FACE('',(#4069),#4057,.T.);
#4069 = FACE_BOUND('',#4070,.F.);
#4070 = EDGE_LOOP('',(#4071,#4094,#4095,#4118));
#4071 = ORIENTED_EDGE('',*,*,#4072,.T.);
#4072 = EDGE_CURVE('',#4073,#3953,#4075,.T.);
#4073 = VERTEX_POINT('',#4074);
#4074 = CARTESIAN_POINT('',(1.925,-0.435,0.57));
#4075 = SURFACE_CURVE('',#4076,(#4080,#4087),.PCURVE_S1.);
#4076 = LINE('',#4077,#4078);
#4077 = CARTESIAN_POINT('',(1.925,-0.435,0.57));
#4078 = VECTOR('',#4079,1.);
#4079 = DIRECTION('',(-0.,-0.,1.));
#4080 = PCURVE('',#4057,#4081);
#4081 = DEFINITIONAL_REPRESENTATION('',(#4082),#4086);
#4082 = LINE('',#4083,#4084);
#4083 = CARTESIAN_POINT('',(-0.,-0.2));
#4084 = VECTOR('',#4085,1.);
#4085 = DIRECTION('',(-1.,-0.));
#4086 = ( GEOMETRIC_REPRESENTATION_CONTEXT(2) 
PARAMETRIC_REPRESENTATION_CONTEXT() REPRESENTATION_CONTEXT('2D SPACE',''
  ) );
#4087 = PCURVE('',#3975,#4088);
#4088 = DEFINITIONAL_REPRESENTATION('',(#4089),#4093);
#4089 = LINE('',#4090,#4091);
#4090 = CARTESIAN_POINT('',(-0.291076593519,-0.468026590766));
#4091 = VECTOR('',#4092,1.);
#4092 = DIRECTION('',(-1.,0.));
#4093 = ( GEOMETRIC_REPRESENTATION_CONTEXT(2) 
PARAMETRIC_REPRESENTATION_CONTEXT() REPRESENTATION_CONTEXT('2D SPACE',''
  ) );
#4094 = ORIENTED_EDGE('',*,*,#4043,.F.);
#4095 = ORIENTED_EDGE('',*,*,#4096,.F.);
#4096 = EDGE_CURVE('',#4097,#4016,#4099,.T.);
#4097 = VERTEX_POINT('',#4098);
#4098 = CARTESIAN_POINT('',(1.925,-0.835,0.57));
#4099 = SURFACE_CURVE('',#4100,(#4104,#4111),.PCURVE_S1.);
#4100 = LINE('',#4101,#4102);
#4101 = CARTESIAN_POINT('',(1.925,-0.835,0.57));
#4102 = VECTOR('',#4103,1.);
#4103 = DIRECTION('',(-0.,-0.,1.));
#4104 = PCURVE('',#4057,#4105);
#4105 = DEFINITIONAL_REPRESENTATION('',(#4106),#4110);
#4106 = LINE('',#4107,#4108);
#4107 = CARTESIAN_POINT('',(-0.,0.2));
#4108 = VECTOR('',#4109,1.);
#4109 = DIRECTION('',(-1.,-0.));
#4110 = ( GEOMETRIC_REPRESENTATION_CONTEXT(2) 
PARAMETRIC_REPRESENTATION_CONTEXT() REPRESENTATION_CONTEXT('2D SPACE',''
  ) );
#4111 = PCURVE('',#4031,#4112);
#4112 = DEFINITIONAL_REPRESENTATION('',(#4113),#4117);
#4113 = LINE('',#4114,#4115);
#4114 = CARTESIAN_POINT('',(-0.291076593519,-0.468026590766));
#4115 = VECTOR('',#4116,1.);
#4116 = DIRECTION('',(-1.,0.));
#4117 = ( GEOMETRIC_REPRESENTATION_CONTEXT(2) 
PARAMETRIC_REPRESENTATION_CONTEXT() REPRESENTATION_CONTEXT('2D SPACE',''
  ) );
#4118 = ORIENTED_EDGE('',*,*,#4119,.T.);
#4119 = EDGE_CURVE('',#4097,#4073,#4120,.T.);
#4120 = SURFACE_CURVE('',#4121,(#4125,#4132),.PCURVE_S1.);
#4121 = LINE('',#4122,#4123);
#4122 = CARTESIAN_POINT('',(1.925,-0.835,0.57));
#4123 = VECTOR('',#4124,1.);
#4124 = DIRECTION('',(-0.,1.,-0.));
#4125 = PCURVE('',#4057,#4126);
#4126 = DEFINITIONAL_REPRESENTATION('',(#4127),#4131);
#4127 = LINE('',#4128,#4129);
#4128 = CARTESIAN_POINT('',(-0.,0.2));
#4129 = VECTOR('',#4130,1.);
#4130 = DIRECTION('',(-0.,-1.));
#4131 = ( GEOMETRIC_REPRESENTATION_CONTEXT(2) 
PARAMETRIC_REPRESENTATION_CONTEXT() REPRESENTATION_CONTEXT('2D SPACE',''
  ) );
#4132 = PCURVE('',#4133,#4138);
#4133 = PLANE('',#4134);
#4134 = AXIS2_PLACEMENT_3D('',#4135,#4136,#4137);
#4135 = CARTESIAN_POINT('',(1.9615,-0.635,0.57));
#4136 = DIRECTION('',(-0.,0.,-1.));
#4137 = DIRECTION('',(1.,0.,0.));
#4138 = DEFINITIONAL_REPRESENTATION('',(#4139),#4143);
#4139 = LINE('',#4140,#4141);
#4140 = CARTESIAN_POINT('',(-3.65E-02,0.2));
#4141 = VECTOR('',#4142,1.);
#4142 = DIRECTION('',(-0.,-1.));
#4143 = ( GEOMETRIC_REPRESENTATION_CONTEXT(2) 
PARAMETRIC_REPRESENTATION_CONTEXT() REPRESENTATION_CONTEXT('2D SPACE',''
  ) );
#4144 = ADVANCED_FACE('',(#4145),#4133,.T.);
#4145 = FACE_BOUND('',#4146,.F.);
#4146 = EDGE_LOOP('',(#4147,#4170,#4171,#4194));
#4147 = ORIENTED_EDGE('',*,*,#4148,.T.);
#4148 = EDGE_CURVE('',#4149,#4073,#4151,.T.);
#4149 = VERTEX_POINT('',#4150);
#4150 = CARTESIAN_POINT('',(1.9615,-0.435,0.57));
#4151 = SURFACE_CURVE('',#4152,(#4156,#4163),.PCURVE_S1.);
#4152 = LINE('',#4153,#4154);
#4153 = CARTESIAN_POINT('',(1.9615,-0.435,0.57));
#4154 = VECTOR('',#4155,1.);
#4155 = DIRECTION('',(-1.,-0.,-0.));
#4156 = PCURVE('',#4133,#4157);
#4157 = DEFINITIONAL_REPRESENTATION('',(#4158),#4162);
#4158 = LINE('',#4159,#4160);
#4159 = CARTESIAN_POINT('',(-0.,-0.2));
#4160 = VECTOR('',#4161,1.);
#4161 = DIRECTION('',(-1.,0.));
#4162 = ( GEOMETRIC_REPRESENTATION_CONTEXT(2) 
PARAMETRIC_REPRESENTATION_CONTEXT() REPRESENTATION_CONTEXT('2D SPACE',''
  ) );
#4163 = PCURVE('',#3975,#4164);
#4164 = DEFINITIONAL_REPRESENTATION('',(#4165),#4169);
#4165 = LINE('',#4166,#4167);
#4166 = CARTESIAN_POINT('',(-0.291076593519,-0.431526590766));
#4167 = VECTOR('',#4168,1.);
#4168 = DIRECTION('',(-0.,-1.));
#4169 = ( GEOMETRIC_REPRESENTATION_CONTEXT(2) 
PARAMETRIC_REPRESENTATION_CONTEXT() REPRESENTATION_CONTEXT('2D SPACE',''
  ) );
#4170 = ORIENTED_EDGE('',*,*,#4119,.F.);
#4171 = ORIENTED_EDGE('',*,*,#4172,.F.);
#4172 = EDGE_CURVE('',#4173,#4097,#4175,.T.);
#4173 = VERTEX_POINT('',#4174);
#4174 = CARTESIAN_POINT('',(1.9615,-0.835,0.57));
#4175 = SURFACE_CURVE('',#4176,(#4180,#4187),.PCURVE_S1.);
#4176 = LINE('',#4177,#4178);
#4177 = CARTESIAN_POINT('',(1.9615,-0.835,0.57));
#4178 = VECTOR('',#4179,1.);
#4179 = DIRECTION('',(-1.,-0.,-0.));
#4180 = PCURVE('',#4133,#4181);
#4181 = DEFINITIONAL_REPRESENTATION('',(#4182),#4186);
#4182 = LINE('',#4183,#4184);
#4183 = CARTESIAN_POINT('',(-0.,0.2));
#4184 = VECTOR('',#4185,1.);
#4185 = DIRECTION('',(-1.,0.));
#4186 = ( GEOMETRIC_REPRESENTATION_CONTEXT(2) 
PARAMETRIC_REPRESENTATION_CONTEXT() REPRESENTATION_CONTEXT('2D SPACE',''
  ) );
#4187 = PCURVE('',#4031,#4188);
#4188 = DEFINITIONAL_REPRESENTATION('',(#4189),#4193);
#4189 = LINE('',#4190,#4191);
#4190 = CARTESIAN_POINT('',(-0.291076593519,-0.431526590766));
#4191 = VECTOR('',#4192,1.);
#4192 = DIRECTION('',(-0.,-1.));
#4193 = ( GEOMETRIC_REPRESENTATION_CONTEXT(2) 
PARAMETRIC_REPRESENTATION_CONTEXT() REPRESENTATION_CONTEXT('2D SPACE',''
  ) );
#4194 = ORIENTED_EDGE('',*,*,#4195,.T.);
#4195 = EDGE_CURVE('',#4173,#4149,#4196,.T.);
#4196 = SURFACE_CURVE('',#4197,(#4201,#4208),.PCURVE_S1.);
#4197 = LINE('',#4198,#4199);
#4198 = CARTESIAN_POINT('',(1.9615,-0.835,0.57));
#4199 = VECTOR('',#4200,1.);
#4200 = DIRECTION('',(-0.,1.,-0.));
#4201 = PCURVE('',#4133,#4202);
#4202 = DEFINITIONAL_REPRESENTATION('',(#4203),#4207);
#4203 = LINE('',#4204,#4205);
#4204 = CARTESIAN_POINT('',(-0.,0.2));
#4205 = VECTOR('',#4206,1.);
#4206 = DIRECTION('',(-0.,-1.));
#4207 = ( GEOMETRIC_REPRESENTATION_CONTEXT(2) 
PARAMETRIC_REPRESENTATION_CONTEXT() REPRESENTATION_CONTEXT('2D SPACE',''
  ) );
#4208 = PCURVE('',#4209,#4214);
#4209 = PLANE('',#4210);
#4210 = AXIS2_PLACEMENT_3D('',#4211,#4212,#4213);
#4211 = CARTESIAN_POINT('',(2.21,-0.635,0.));
#4212 = DIRECTION('',(-0.916673306291,0.,-0.399637397567));
#4213 = DIRECTION('',(0.399637397567,0.,-0.916673306291));
#4214 = DEFINITIONAL_REPRESENTATION('',(#4215),#4219);
#4215 = LINE('',#4216,#4217);
#4216 = CARTESIAN_POINT('',(-0.621813677881,0.2));
#4217 = VECTOR('',#4218,1.);
#4218 = DIRECTION('',(-0.,-1.));
#4219 = ( GEOMETRIC_REPRESENTATION_CONTEXT(2) 
PARAMETRIC_REPRESENTATION_CONTEXT() REPRESENTATION_CONTEXT('2D SPACE',''
  ) );
#4220 = ADVANCED_FACE('',(#4221),#4209,.T.);
#4221 = FACE_BOUND('',#4222,.F.);
#4222 = EDGE_LOOP('',(#4223,#4253,#4274,#4275));
#4223 = ORIENTED_EDGE('',*,*,#4224,.F.);
#4224 = EDGE_CURVE('',#4225,#4227,#4229,.T.);
#4225 = VERTEX_POINT('',#4226);
#4226 = CARTESIAN_POINT('',(2.21,-0.435,0.));
#4227 = VERTEX_POINT('',#4228);
#4228 = CARTESIAN_POINT('',(2.21,-0.835,0.));
#4229 = SURFACE_CURVE('',#4230,(#4234,#4241),.PCURVE_S1.);
#4230 = LINE('',#4231,#4232);
#4231 = CARTESIAN_POINT('',(2.21,-0.435,0.));
#4232 = VECTOR('',#4233,1.);
#4233 = DIRECTION('',(-0.,-1.,-0.));
#4234 = PCURVE('',#4209,#4235);
#4235 = DEFINITIONAL_REPRESENTATION('',(#4236),#4240);
#4236 = LINE('',#4237,#4238);
#4237 = CARTESIAN_POINT('',(-0.,-0.2));
#4238 = VECTOR('',#4239,1.);
#4239 = DIRECTION('',(-0.,1.));
#4240 = ( GEOMETRIC_REPRESENTATION_CONTEXT(2) 
PARAMETRIC_REPRESENTATION_CONTEXT() REPRESENTATION_CONTEXT('2D SPACE',''
  ) );
#4241 = PCURVE('',#4242,#4247);
#4242 = PLANE('',#4243);
#4243 = AXIS2_PLACEMENT_3D('',#4244,#4245,#4246);
#4244 = CARTESIAN_POINT('',(3.,-0.635,0.));
#4245 = DIRECTION('',(-0.,0.,-1.));
#4246 = DIRECTION('',(1.,0.,0.));
#4247 = DEFINITIONAL_REPRESENTATION('',(#4248),#4252);
#4248 = LINE('',#4249,#4250);
#4249 = CARTESIAN_POINT('',(-0.79,-0.2));
#4250 = VECTOR('',#4251,1.);
#4251 = DIRECTION('',(-0.,1.));
#4252 = ( GEOMETRIC_REPRESENTATION_CONTEXT(2) 
PARAMETRIC_REPRESENTATION_CONTEXT() REPRESENTATION_CONTEXT('2D SPACE',''
  ) );
#4253 = ORIENTED_EDGE('',*,*,#4254,.T.);
#4254 = EDGE_CURVE('',#4225,#4149,#4255,.T.);
#4255 = SURFACE_CURVE('',#4256,(#4260,#4267),.PCURVE_S1.);
#4256 = LINE('',#4257,#4258);
#4257 = CARTESIAN_POINT('',(2.21,-0.435,0.));
#4258 = VECTOR('',#4259,1.);
#4259 = DIRECTION('',(-0.399637397567,-0.,0.916673306291));
#4260 = PCURVE('',#4209,#4261);
#4261 = DEFINITIONAL_REPRESENTATION('',(#4262),#4266);
#4262 = LINE('',#4263,#4264);
#4263 = CARTESIAN_POINT('',(-0.,-0.2));
#4264 = VECTOR('',#4265,1.);
#4265 = DIRECTION('',(-1.,0.));
#4266 = ( GEOMETRIC_REPRESENTATION_CONTEXT(2) 
PARAMETRIC_REPRESENTATION_CONTEXT() REPRESENTATION_CONTEXT('2D SPACE',''
  ) );
#4267 = PCURVE('',#3975,#4268);
#4268 = DEFINITIONAL_REPRESENTATION('',(#4269),#4273);
#4269 = LINE('',#4270,#4271);
#4270 = CARTESIAN_POINT('',(0.278923406481,-0.183026590766));
#4271 = VECTOR('',#4272,1.);
#4272 = DIRECTION('',(-0.916673306291,-0.399637397567));
#4273 = ( GEOMETRIC_REPRESENTATION_CONTEXT(2) 
PARAMETRIC_REPRESENTATION_CONTEXT() REPRESENTATION_CONTEXT('2D SPACE',''
  ) );
#4274 = ORIENTED_EDGE('',*,*,#4195,.F.);
#4275 = ORIENTED_EDGE('',*,*,#4276,.F.);
#4276 = EDGE_CURVE('',#4227,#4173,#4277,.T.);
#4277 = SURFACE_CURVE('',#4278,(#4282,#4289),.PCURVE_S1.);
#4278 = LINE('',#4279,#4280);
#4279 = CARTESIAN_POINT('',(2.21,-0.835,0.));
#4280 = VECTOR('',#4281,1.);
#4281 = DIRECTION('',(-0.399637397567,-0.,0.916673306291));
#4282 = PCURVE('',#4209,#4283);
#4283 = DEFINITIONAL_REPRESENTATION('',(#4284),#4288);
#4284 = LINE('',#4285,#4286);
#4285 = CARTESIAN_POINT('',(-0.,0.2));
#4286 = VECTOR('',#4287,1.);
#4287 = DIRECTION('',(-1.,0.));
#4288 = ( GEOMETRIC_REPRESENTATION_CONTEXT(2) 
PARAMETRIC_REPRESENTATION_CONTEXT() REPRESENTATION_CONTEXT('2D SPACE',''
  ) );
#4289 = PCURVE('',#4031,#4290);
#4290 = DEFINITIONAL_REPRESENTATION('',(#4291),#4295);
#4291 = LINE('',#4292,#4293);
#4292 = CARTESIAN_POINT('',(0.278923406481,-0.183026590766));
#4293 = VECTOR('',#4294,1.);
#4294 = DIRECTION('',(-0.916673306291,-0.399637397567));
#4295 = ( GEOMETRIC_REPRESENTATION_CONTEXT(2) 
PARAMETRIC_REPRESENTATION_CONTEXT() REPRESENTATION_CONTEXT('2D SPACE',''
  ) );
#4296 = ADVANCED_FACE('',(#4297),#4242,.T.);
#4297 = FACE_BOUND('',#4298,.F.);
#4298 = EDGE_LOOP('',(#4299,#4329,#4350,#4351));
#4299 = ORIENTED_EDGE('',*,*,#4300,.F.);
#4300 = EDGE_CURVE('',#4301,#4303,#4305,.T.);
#4301 = VERTEX_POINT('',#4302);
#4302 = CARTESIAN_POINT('',(3.,-0.435,0.));
#4303 = VERTEX_POINT('',#4304);
#4304 = CARTESIAN_POINT('',(3.,-0.835,0.));
#4305 = SURFACE_CURVE('',#4306,(#4310,#4317),.PCURVE_S1.);
#4306 = LINE('',#4307,#4308);
#4307 = CARTESIAN_POINT('',(3.,-0.435,0.));
#4308 = VECTOR('',#4309,1.);
#4309 = DIRECTION('',(-0.,-1.,-0.));
#4310 = PCURVE('',#4242,#4311);
#4311 = DEFINITIONAL_REPRESENTATION('',(#4312),#4316);
#4312 = LINE('',#4313,#4314);
#4313 = CARTESIAN_POINT('',(-0.,-0.2));
#4314 = VECTOR('',#4315,1.);
#4315 = DIRECTION('',(-0.,1.));
#4316 = ( GEOMETRIC_REPRESENTATION_CONTEXT(2) 
PARAMETRIC_REPRESENTATION_CONTEXT() REPRESENTATION_CONTEXT('2D SPACE',''
  ) );
#4317 = PCURVE('',#4318,#4323);
#4318 = PLANE('',#4319);
#4319 = AXIS2_PLACEMENT_3D('',#4320,#4321,#4322);
#4320 = CARTESIAN_POINT('',(3.,-0.635,0.2));
#4321 = DIRECTION('',(1.,-0.,-0.));
#4322 = DIRECTION('',(0.,0.,1.));
#4323 = DEFINITIONAL_REPRESENTATION('',(#4324),#4328);
#4324 = LINE('',#4325,#4326);
#4325 = CARTESIAN_POINT('',(-0.2,-0.2));
#4326 = VECTOR('',#4327,1.);
#4327 = DIRECTION('',(-0.,1.));
#4328 = ( GEOMETRIC_REPRESENTATION_CONTEXT(2) 
PARAMETRIC_REPRESENTATION_CONTEXT() REPRESENTATION_CONTEXT('2D SPACE',''
  ) );
#4329 = ORIENTED_EDGE('',*,*,#4330,.T.);
#4330 = EDGE_CURVE('',#4301,#4225,#4331,.T.);
#4331 = SURFACE_CURVE('',#4332,(#4336,#4343),.PCURVE_S1.);
#4332 = LINE('',#4333,#4334);
#4333 = CARTESIAN_POINT('',(3.,-0.435,0.));
#4334 = VECTOR('',#4335,1.);
#4335 = DIRECTION('',(-1.,-0.,-0.));
#4336 = PCURVE('',#4242,#4337);
#4337 = DEFINITIONAL_REPRESENTATION('',(#4338),#4342);
#4338 = LINE('',#4339,#4340);
#4339 = CARTESIAN_POINT('',(-0.,-0.2));
#4340 = VECTOR('',#4341,1.);
#4341 = DIRECTION('',(-1.,0.));
#4342 = ( GEOMETRIC_REPRESENTATION_CONTEXT(2) 
PARAMETRIC_REPRESENTATION_CONTEXT() REPRESENTATION_CONTEXT('2D SPACE',''
  ) );
#4343 = PCURVE('',#3975,#4344);
#4344 = DEFINITIONAL_REPRESENTATION('',(#4345),#4349);
#4345 = LINE('',#4346,#4347);
#4346 = CARTESIAN_POINT('',(0.278923406481,0.606973409234));
#4347 = VECTOR('',#4348,1.);
#4348 = DIRECTION('',(-0.,-1.));
#4349 = ( GEOMETRIC_REPRESENTATION_CONTEXT(2) 
PARAMETRIC_REPRESENTATION_CONTEXT() REPRESENTATION_CONTEXT('2D SPACE',''
  ) );
#4350 = ORIENTED_EDGE('',*,*,#4224,.T.);
#4351 = ORIENTED_EDGE('',*,*,#4352,.F.);
#4352 = EDGE_CURVE('',#4303,#4227,#4353,.T.);
#4353 = SURFACE_CURVE('',#4354,(#4358,#4365),.PCURVE_S1.);
#4354 = LINE('',#4355,#4356);
#4355 = CARTESIAN_POINT('',(3.,-0.835,0.));
#4356 = VECTOR('',#4357,1.);
#4357 = DIRECTION('',(-1.,-0.,-0.));
#4358 = PCURVE('',#4242,#4359);
#4359 = DEFINITIONAL_REPRESENTATION('',(#4360),#4364);
#4360 = LINE('',#4361,#4362);
#4361 = CARTESIAN_POINT('',(-0.,0.2));
#4362 = VECTOR('',#4363,1.);
#4363 = DIRECTION('',(-1.,0.));
#4364 = ( GEOMETRIC_REPRESENTATION_CONTEXT(2) 
PARAMETRIC_REPRESENTATION_CONTEXT() REPRESENTATION_CONTEXT('2D SPACE',''
  ) );
#4365 = PCURVE('',#4031,#4366);
#4366 = DEFINITIONAL_REPRESENTATION('',(#4367),#4371);
#4367 = LINE('',#4368,#4369);
#4368 = CARTESIAN_POINT('',(0.278923406481,0.606973409234));
#4369 = VECTOR('',#4370,1.);
#4370 = DIRECTION('',(-0.,-1.));
#4371 = ( GEOMETRIC_REPRESENTATION_CONTEXT(2) 
PARAMETRIC_REPRESENTATION_CONTEXT() REPRESENTATION_CONTEXT('2D SPACE',''
  ) );
#4372 = ADVANCED_FACE('',(#4373),#4318,.T.);
#4373 = FACE_BOUND('',#4374,.F.);
#4374 = EDGE_LOOP('',(#4375,#4405,#4426,#4427));
#4375 = ORIENTED_EDGE('',*,*,#4376,.F.);
#4376 = EDGE_CURVE('',#4377,#4379,#4381,.T.);
#4377 = VERTEX_POINT('',#4378);
#4378 = CARTESIAN_POINT('',(3.,-0.435,0.2));
#4379 = VERTEX_POINT('',#4380);
#4380 = CARTESIAN_POINT('',(3.,-0.835,0.2));
#4381 = SURFACE_CURVE('',#4382,(#4386,#4393),.PCURVE_S1.);
#4382 = LINE('',#4383,#4384);
#4383 = CARTESIAN_POINT('',(3.,-0.435,0.2));
#4384 = VECTOR('',#4385,1.);
#4385 = DIRECTION('',(-0.,-1.,-0.));
#4386 = PCURVE('',#4318,#4387);
#4387 = DEFINITIONAL_REPRESENTATION('',(#4388),#4392);
#4388 = LINE('',#4389,#4390);
#4389 = CARTESIAN_POINT('',(-0.,-0.2));
#4390 = VECTOR('',#4391,1.);
#4391 = DIRECTION('',(-0.,1.));
#4392 = ( GEOMETRIC_REPRESENTATION_CONTEXT(2) 
PARAMETRIC_REPRESENTATION_CONTEXT() REPRESENTATION_CONTEXT('2D SPACE',''
  ) );
#4393 = PCURVE('',#4394,#4399);
#4394 = PLANE('',#4395);
#4395 = AXIS2_PLACEMENT_3D('',#4396,#4397,#4398);
#4396 = CARTESIAN_POINT('',(2.35,-0.635,0.2));
#4397 = DIRECTION('',(-0.,-0.,1.));
#4398 = DIRECTION('',(-1.,0.,0.));
#4399 = DEFINITIONAL_REPRESENTATION('',(#4400),#4404);
#4400 = LINE('',#4401,#4402);
#4401 = CARTESIAN_POINT('',(-0.65,-0.2));
#4402 = VECTOR('',#4403,1.);
#4403 = DIRECTION('',(-0.,1.));
#4404 = ( GEOMETRIC_REPRESENTATION_CONTEXT(2) 
PARAMETRIC_REPRESENTATION_CONTEXT() REPRESENTATION_CONTEXT('2D SPACE',''
  ) );
#4405 = ORIENTED_EDGE('',*,*,#4406,.T.);
#4406 = EDGE_CURVE('',#4377,#4301,#4407,.T.);
#4407 = SURFACE_CURVE('',#4408,(#4412,#4419),.PCURVE_S1.);
#4408 = LINE('',#4409,#4410);
#4409 = CARTESIAN_POINT('',(3.,-0.435,0.2));
#4410 = VECTOR('',#4411,1.);
#4411 = DIRECTION('',(-0.,-0.,-1.));
#4412 = PCURVE('',#4318,#4413);
#4413 = DEFINITIONAL_REPRESENTATION('',(#4414),#4418);
#4414 = LINE('',#4415,#4416);
#4415 = CARTESIAN_POINT('',(-0.,-0.2));
#4416 = VECTOR('',#4417,1.);
#4417 = DIRECTION('',(-1.,0.));
#4418 = ( GEOMETRIC_REPRESENTATION_CONTEXT(2) 
PARAMETRIC_REPRESENTATION_CONTEXT() REPRESENTATION_CONTEXT('2D SPACE',''
  ) );
#4419 = PCURVE('',#3975,#4420);
#4420 = DEFINITIONAL_REPRESENTATION('',(#4421),#4425);
#4421 = LINE('',#4422,#4423);
#4422 = CARTESIAN_POINT('',(7.892340648124E-02,0.606973409234));
#4423 = VECTOR('',#4424,1.);
#4424 = DIRECTION('',(1.,-0.));
#4425 = ( GEOMETRIC_REPRESENTATION_CONTEXT(2) 
PARAMETRIC_REPRESENTATION_CONTEXT() REPRESENTATION_CONTEXT('2D SPACE',''
  ) );
#4426 = ORIENTED_EDGE('',*,*,#4300,.T.);
#4427 = ORIENTED_EDGE('',*,*,#4428,.F.);
#4428 = EDGE_CURVE('',#4379,#4303,#4429,.T.);
#4429 = SURFACE_CURVE('',#4430,(#4434,#4441),.PCURVE_S1.);
#4430 = LINE('',#4431,#4432);
#4431 = CARTESIAN_POINT('',(3.,-0.835,0.2));
#4432 = VECTOR('',#4433,1.);
#4433 = DIRECTION('',(-0.,-0.,-1.));
#4434 = PCURVE('',#4318,#4435);
#4435 = DEFINITIONAL_REPRESENTATION('',(#4436),#4440);
#4436 = LINE('',#4437,#4438);
#4437 = CARTESIAN_POINT('',(-0.,0.2));
#4438 = VECTOR('',#4439,1.);
#4439 = DIRECTION('',(-1.,0.));
#4440 = ( GEOMETRIC_REPRESENTATION_CONTEXT(2) 
PARAMETRIC_REPRESENTATION_CONTEXT() REPRESENTATION_CONTEXT('2D SPACE',''
  ) );
#4441 = PCURVE('',#4031,#4442);
#4442 = DEFINITIONAL_REPRESENTATION('',(#4443),#4447);
#4443 = LINE('',#4444,#4445);
#4444 = CARTESIAN_POINT('',(7.892340648124E-02,0.606973409234));
#4445 = VECTOR('',#4446,1.);
#4446 = DIRECTION('',(1.,-0.));
#4447 = ( GEOMETRIC_REPRESENTATION_CONTEXT(2) 
PARAMETRIC_REPRESENTATION_CONTEXT() REPRESENTATION_CONTEXT('2D SPACE',''
  ) );
#4448 = ADVANCED_FACE('',(#4449),#4394,.T.);
#4449 = FACE_BOUND('',#4450,.F.);
#4450 = EDGE_LOOP('',(#4451,#4476,#4497,#4498));
#4451 = ORIENTED_EDGE('',*,*,#4452,.F.);
#4452 = EDGE_CURVE('',#4453,#4455,#4457,.T.);
#4453 = VERTEX_POINT('',#4454);
#4454 = CARTESIAN_POINT('',(2.35,-0.435,0.2));
#4455 = VERTEX_POINT('',#4456);
#4456 = CARTESIAN_POINT('',(2.35,-0.835,0.2));
#4457 = SURFACE_CURVE('',#4458,(#4462,#4469),.PCURVE_S1.);
#4458 = LINE('',#4459,#4460);
#4459 = CARTESIAN_POINT('',(2.35,-0.435,0.2));
#4460 = VECTOR('',#4461,1.);
#4461 = DIRECTION('',(-0.,-1.,-0.));
#4462 = PCURVE('',#4394,#4463);
#4463 = DEFINITIONAL_REPRESENTATION('',(#4464),#4468);
#4464 = LINE('',#4465,#4466);
#4465 = CARTESIAN_POINT('',(-0.,-0.2));
#4466 = VECTOR('',#4467,1.);
#4467 = DIRECTION('',(-0.,1.));
#4468 = ( GEOMETRIC_REPRESENTATION_CONTEXT(2) 
PARAMETRIC_REPRESENTATION_CONTEXT() REPRESENTATION_CONTEXT('2D SPACE',''
  ) );
#4469 = PCURVE('',#4003,#4470);
#4470 = DEFINITIONAL_REPRESENTATION('',(#4471),#4475);
#4471 = LINE('',#4472,#4473);
#4472 = CARTESIAN_POINT('',(-0.621813677881,-0.2));
#4473 = VECTOR('',#4474,1.);
#4474 = DIRECTION('',(-0.,1.));
#4475 = ( GEOMETRIC_REPRESENTATION_CONTEXT(2) 
PARAMETRIC_REPRESENTATION_CONTEXT() REPRESENTATION_CONTEXT('2D SPACE',''
  ) );
#4476 = ORIENTED_EDGE('',*,*,#4477,.T.);
#4477 = EDGE_CURVE('',#4453,#4377,#4478,.T.);
#4478 = SURFACE_CURVE('',#4479,(#4483,#4490),.PCURVE_S1.);
#4479 = LINE('',#4480,#4481);
#4480 = CARTESIAN_POINT('',(2.35,-0.435,0.2));
#4481 = VECTOR('',#4482,1.);
#4482 = DIRECTION('',(1.,-0.,-0.));
#4483 = PCURVE('',#4394,#4484);
#4484 = DEFINITIONAL_REPRESENTATION('',(#4485),#4489);
#4485 = LINE('',#4486,#4487);
#4486 = CARTESIAN_POINT('',(-0.,-0.2));
#4487 = VECTOR('',#4488,1.);
#4488 = DIRECTION('',(-1.,0.));
#4489 = ( GEOMETRIC_REPRESENTATION_CONTEXT(2) 
PARAMETRIC_REPRESENTATION_CONTEXT() REPRESENTATION_CONTEXT('2D SPACE',''
  ) );
#4490 = PCURVE('',#3975,#4491);
#4491 = DEFINITIONAL_REPRESENTATION('',(#4492),#4496);
#4492 = LINE('',#4493,#4494);
#4493 = CARTESIAN_POINT('',(7.892340648124E-02,-4.302659076564E-02));
#4494 = VECTOR('',#4495,1.);
#4495 = DIRECTION('',(-0.,1.));
#4496 = ( GEOMETRIC_REPRESENTATION_CONTEXT(2) 
PARAMETRIC_REPRESENTATION_CONTEXT() REPRESENTATION_CONTEXT('2D SPACE',''
  ) );
#4497 = ORIENTED_EDGE('',*,*,#4376,.T.);
#4498 = ORIENTED_EDGE('',*,*,#4499,.F.);
#4499 = EDGE_CURVE('',#4455,#4379,#4500,.T.);
#4500 = SURFACE_CURVE('',#4501,(#4505,#4512),.PCURVE_S1.);
#4501 = LINE('',#4502,#4503);
#4502 = CARTESIAN_POINT('',(2.35,-0.835,0.2));
#4503 = VECTOR('',#4504,1.);
#4504 = DIRECTION('',(1.,-0.,-0.));
#4505 = PCURVE('',#4394,#4506);
#4506 = DEFINITIONAL_REPRESENTATION('',(#4507),#4511);
#4507 = LINE('',#4508,#4509);
#4508 = CARTESIAN_POINT('',(-0.,0.2));
#4509 = VECTOR('',#4510,1.);
#4510 = DIRECTION('',(-1.,0.));
#4511 = ( GEOMETRIC_REPRESENTATION_CONTEXT(2) 
PARAMETRIC_REPRESENTATION_CONTEXT() REPRESENTATION_CONTEXT('2D SPACE',''
  ) );
#4512 = PCURVE('',#4031,#4513);
#4513 = DEFINITIONAL_REPRESENTATION('',(#4514),#4518);
#4514 = LINE('',#4515,#4516);
#4515 = CARTESIAN_POINT('',(7.892340648124E-02,-4.302659076564E-02));
#4516 = VECTOR('',#4517,1.);
#4517 = DIRECTION('',(-0.,1.));
#4518 = ( GEOMETRIC_REPRESENTATION_CONTEXT(2) 
PARAMETRIC_REPRESENTATION_CONTEXT() REPRESENTATION_CONTEXT('2D SPACE',''
  ) );
#4519 = ADVANCED_FACE('',(#4520),#4031,.T.);
#4520 = FACE_BOUND('',#4521,.F.);
#4521 = EDGE_LOOP('',(#4522,#4523,#4544,#4545,#4546,#4547,#4548,#4549));
#4522 = ORIENTED_EDGE('',*,*,#4015,.T.);
#4523 = ORIENTED_EDGE('',*,*,#4524,.T.);
#4524 = EDGE_CURVE('',#3988,#4455,#4525,.T.);
#4525 = SURFACE_CURVE('',#4526,(#4530,#4537),.PCURVE_S1.);
#4526 = LINE('',#4527,#4528);
#4527 = CARTESIAN_POINT('',(2.1015,-0.835,0.77));
#4528 = VECTOR('',#4529,1.);
#4529 = DIRECTION('',(0.399637397567,-0.,-0.916673306291));
#4530 = PCURVE('',#4031,#4531);
#4531 = DEFINITIONAL_REPRESENTATION('',(#4532),#4536);
#4532 = LINE('',#4533,#4534);
#4533 = CARTESIAN_POINT('',(-0.491076593519,-0.291526590766));
#4534 = VECTOR('',#4535,1.);
#4535 = DIRECTION('',(0.916673306291,0.399637397567));
#4536 = ( GEOMETRIC_REPRESENTATION_CONTEXT(2) 
PARAMETRIC_REPRESENTATION_CONTEXT() REPRESENTATION_CONTEXT('2D SPACE',''
  ) );
#4537 = PCURVE('',#4003,#4538);
#4538 = DEFINITIONAL_REPRESENTATION('',(#4539),#4543);
#4539 = LINE('',#4540,#4541);
#4540 = CARTESIAN_POINT('',(-0.,0.2));
#4541 = VECTOR('',#4542,1.);
#4542 = DIRECTION('',(-1.,0.));
#4543 = ( GEOMETRIC_REPRESENTATION_CONTEXT(2) 
PARAMETRIC_REPRESENTATION_CONTEXT() REPRESENTATION_CONTEXT('2D SPACE',''
  ) );
#4544 = ORIENTED_EDGE('',*,*,#4499,.T.);
#4545 = ORIENTED_EDGE('',*,*,#4428,.T.);
#4546 = ORIENTED_EDGE('',*,*,#4352,.T.);
#4547 = ORIENTED_EDGE('',*,*,#4276,.T.);
#4548 = ORIENTED_EDGE('',*,*,#4172,.T.);
#4549 = ORIENTED_EDGE('',*,*,#4096,.T.);
#4550 = ADVANCED_FACE('',(#4551),#4003,.T.);
#4551 = FACE_BOUND('',#4552,.F.);
#4552 = EDGE_LOOP('',(#4553,#4554,#4575,#4576));
#4553 = ORIENTED_EDGE('',*,*,#3987,.F.);
#4554 = ORIENTED_EDGE('',*,*,#4555,.T.);
#4555 = EDGE_CURVE('',#3955,#4453,#4556,.T.);
#4556 = SURFACE_CURVE('',#4557,(#4561,#4568),.PCURVE_S1.);
#4557 = LINE('',#4558,#4559);
#4558 = CARTESIAN_POINT('',(2.1015,-0.435,0.77));
#4559 = VECTOR('',#4560,1.);
#4560 = DIRECTION('',(0.399637397567,-0.,-0.916673306291));
#4561 = PCURVE('',#4003,#4562);
#4562 = DEFINITIONAL_REPRESENTATION('',(#4563),#4567);
#4563 = LINE('',#4564,#4565);
#4564 = CARTESIAN_POINT('',(-0.,-0.2));
#4565 = VECTOR('',#4566,1.);
#4566 = DIRECTION('',(-1.,0.));
#4567 = ( GEOMETRIC_REPRESENTATION_CONTEXT(2) 
PARAMETRIC_REPRESENTATION_CONTEXT() REPRESENTATION_CONTEXT('2D SPACE',''
  ) );
#4568 = PCURVE('',#3975,#4569);
#4569 = DEFINITIONAL_REPRESENTATION('',(#4570),#4574);
#4570 = LINE('',#4571,#4572);
#4571 = CARTESIAN_POINT('',(-0.491076593519,-0.291526590766));
#4572 = VECTOR('',#4573,1.);
#4573 = DIRECTION('',(0.916673306291,0.399637397567));
#4574 = ( GEOMETRIC_REPRESENTATION_CONTEXT(2) 
PARAMETRIC_REPRESENTATION_CONTEXT() REPRESENTATION_CONTEXT('2D SPACE',''
  ) );
#4575 = ORIENTED_EDGE('',*,*,#4452,.T.);
#4576 = ORIENTED_EDGE('',*,*,#4524,.F.);
#4577 = ADVANCED_FACE('',(#4578),#3975,.F.);
#4578 = FACE_BOUND('',#4579,.T.);
#4579 = EDGE_LOOP('',(#4580,#4581,#4582,#4583,#4584,#4585,#4586,#4587));
#4580 = ORIENTED_EDGE('',*,*,#3952,.T.);
#4581 = ORIENTED_EDGE('',*,*,#4555,.T.);
#4582 = ORIENTED_EDGE('',*,*,#4477,.T.);
#4583 = ORIENTED_EDGE('',*,*,#4406,.T.);
#4584 = ORIENTED_EDGE('',*,*,#4330,.T.);
#4585 = ORIENTED_EDGE('',*,*,#4254,.T.);
#4586 = ORIENTED_EDGE('',*,*,#4148,.T.);
#4587 = ORIENTED_EDGE('',*,*,#4072,.T.);
#4588 = ( GEOMETRIC_REPRESENTATION_CONTEXT(3) 
GLOBAL_UNCERTAINTY_ASSIGNED_CONTEXT((#4592)) 
GLOBAL_UNIT_ASSIGNED_CONTEXT((#4589,#4590,#4591)) REPRESENTATION_CONTEXT
('Context #1','3D Context with UNIT and UNCERTAINTY') );
#4589 = ( LENGTH_UNIT() NAMED_UNIT(*) SI_UNIT(.MILLI.,.METRE.) );
#4590 = ( NAMED_UNIT(*) PLANE_ANGLE_UNIT() SI_UNIT($,.RADIAN.) );
#4591 = ( NAMED_UNIT(*) SI_UNIT($,.STERADIAN.) SOLID_ANGLE_UNIT() );
#4592 = UNCERTAINTY_MEASURE_WITH_UNIT(LENGTH_MEASURE(1.E-07),#4589,
  'distance_accuracy_value','confusion accuracy');
#4593 = CONTEXT_DEPENDENT_SHAPE_REPRESENTATION(#4594,#4596);
#4594 = ( REPRESENTATION_RELATIONSHIP('','',#3945,#10) 
REPRESENTATION_RELATIONSHIP_WITH_TRANSFORMATION(#4595) 
SHAPE_REPRESENTATION_RELATIONSHIP() );
#4595 = ITEM_DEFINED_TRANSFORMATION('','',#11,#43);
#4596 = PRODUCT_DEFINITION_SHAPE('Placement','Placement of an item',
  #4597);
#4597 = NEXT_ASSEMBLY_USAGE_OCCURRENCE('21','pin6','',#5,#3940,$);
#4598 = PRODUCT_RELATED_PRODUCT_CATEGORY('part',$,(#3942));
#4599 = SHAPE_DEFINITION_REPRESENTATION(#4600,#4606);
#4600 = PRODUCT_DEFINITION_SHAPE('','',#4601);
#4601 = PRODUCT_DEFINITION('design','',#4602,#4605);
#4602 = PRODUCT_DEFINITION_FORMATION('','',#4603);
#4603 = PRODUCT('pin7','pin7','',(#4604));
#4604 = PRODUCT_CONTEXT('',#2,'mechanical');
#4605 = PRODUCT_DEFINITION_CONTEXT('part definition',#2,'design');
#4606 = ADVANCED_BREP_SHAPE_REPRESENTATION('',(#11,#4607),#5249);
#4607 = MANIFOLD_SOLID_BREP('',#4608);
#4608 = CLOSED_SHELL('',(#4609,#4729,#4805,#4881,#4957,#5033,#5109,#5180
    ,#5211,#5238));
#4609 = ADVANCED_FACE('',(#4610),#4624,.T.);
#4610 = FACE_BOUND('',#4611,.F.);
#4611 = EDGE_LOOP('',(#4612,#4647,#4675,#4703));
#4612 = ORIENTED_EDGE('',*,*,#4613,.T.);
#4613 = EDGE_CURVE('',#4614,#4616,#4618,.T.);
#4614 = VERTEX_POINT('',#4615);
#4615 = CARTESIAN_POINT('',(1.925,0.835,0.77));
#4616 = VERTEX_POINT('',#4617);
#4617 = CARTESIAN_POINT('',(2.1015,0.835,0.77));
#4618 = SURFACE_CURVE('',#4619,(#4623,#4635),.PCURVE_S1.);
#4619 = LINE('',#4620,#4621);
#4620 = CARTESIAN_POINT('',(1.925,0.835,0.77));
#4621 = VECTOR('',#4622,1.);
#4622 = DIRECTION('',(1.,-0.,-0.));
#4623 = PCURVE('',#4624,#4629);
#4624 = PLANE('',#4625);
#4625 = AXIS2_PLACEMENT_3D('',#4626,#4627,#4628);
#4626 = CARTESIAN_POINT('',(1.925,0.635,0.77));
#4627 = DIRECTION('',(-0.,-0.,1.));
#4628 = DIRECTION('',(-1.,0.,0.));
#4629 = DEFINITIONAL_REPRESENTATION('',(#4630),#4634);
#4630 = LINE('',#4631,#4632);
#4631 = CARTESIAN_POINT('',(-0.,-0.2));
#4632 = VECTOR('',#4633,1.);
#4633 = DIRECTION('',(-1.,0.));
#4634 = ( GEOMETRIC_REPRESENTATION_CONTEXT(2) 
PARAMETRIC_REPRESENTATION_CONTEXT() REPRESENTATION_CONTEXT('2D SPACE',''
  ) );
#4635 = PCURVE('',#4636,#4641);
#4636 = PLANE('',#4637);
#4637 = AXIS2_PLACEMENT_3D('',#4638,#4639,#4640);
#4638 = CARTESIAN_POINT('',(2.393026590766,0.835,0.278923406481));
#4639 = DIRECTION('',(-0.,-1.,-0.));
#4640 = DIRECTION('',(0.,0.,-1.));
#4641 = DEFINITIONAL_REPRESENTATION('',(#4642),#4646);
#4642 = LINE('',#4643,#4644);
#4643 = CARTESIAN_POINT('',(-0.491076593519,-0.468026590766));
#4644 = VECTOR('',#4645,1.);
#4645 = DIRECTION('',(-0.,1.));
#4646 = ( GEOMETRIC_REPRESENTATION_CONTEXT(2) 
PARAMETRIC_REPRESENTATION_CONTEXT() REPRESENTATION_CONTEXT('2D SPACE',''
  ) );
#4647 = ORIENTED_EDGE('',*,*,#4648,.T.);
#4648 = EDGE_CURVE('',#4616,#4649,#4651,.T.);
#4649 = VERTEX_POINT('',#4650);
#4650 = CARTESIAN_POINT('',(2.1015,0.435,0.77));
#4651 = SURFACE_CURVE('',#4652,(#4656,#4663),.PCURVE_S1.);
#4652 = LINE('',#4653,#4654);
#4653 = CARTESIAN_POINT('',(2.1015,0.835,0.77));
#4654 = VECTOR('',#4655,1.);
#4655 = DIRECTION('',(-0.,-1.,-0.));
#4656 = PCURVE('',#4624,#4657);
#4657 = DEFINITIONAL_REPRESENTATION('',(#4658),#4662);
#4658 = LINE('',#4659,#4660);
#4659 = CARTESIAN_POINT('',(-0.1765,-0.2));
#4660 = VECTOR('',#4661,1.);
#4661 = DIRECTION('',(-0.,1.));
#4662 = ( GEOMETRIC_REPRESENTATION_CONTEXT(2) 
PARAMETRIC_REPRESENTATION_CONTEXT() REPRESENTATION_CONTEXT('2D SPACE',''
  ) );
#4663 = PCURVE('',#4664,#4669);
#4664 = PLANE('',#4665);
#4665 = AXIS2_PLACEMENT_3D('',#4666,#4667,#4668);
#4666 = CARTESIAN_POINT('',(2.1015,0.635,0.77));
#4667 = DIRECTION('',(0.916673306291,-0.,0.399637397567));
#4668 = DIRECTION('',(-0.399637397567,0.,0.916673306291));
#4669 = DEFINITIONAL_REPRESENTATION('',(#4670),#4674);
#4670 = LINE('',#4671,#4672);
#4671 = CARTESIAN_POINT('',(-0.,-0.2));
#4672 = VECTOR('',#4673,1.);
#4673 = DIRECTION('',(-0.,1.));
#4674 = ( GEOMETRIC_REPRESENTATION_CONTEXT(2) 
PARAMETRIC_REPRESENTATION_CONTEXT() REPRESENTATION_CONTEXT('2D SPACE',''
  ) );
#4675 = ORIENTED_EDGE('',*,*,#4676,.F.);
#4676 = EDGE_CURVE('',#4677,#4649,#4679,.T.);
#4677 = VERTEX_POINT('',#4678);
#4678 = CARTESIAN_POINT('',(1.925,0.435,0.77));
#4679 = SURFACE_CURVE('',#4680,(#4684,#4691),.PCURVE_S1.);
#4680 = LINE('',#4681,#4682);
#4681 = CARTESIAN_POINT('',(1.925,0.435,0.77));
#4682 = VECTOR('',#4683,1.);
#4683 = DIRECTION('',(1.,-0.,-0.));
#4684 = PCURVE('',#4624,#4685);
#4685 = DEFINITIONAL_REPRESENTATION('',(#4686),#4690);
#4686 = LINE('',#4687,#4688);
#4687 = CARTESIAN_POINT('',(-0.,0.2));
#4688 = VECTOR('',#4689,1.);
#4689 = DIRECTION('',(-1.,0.));
#4690 = ( GEOMETRIC_REPRESENTATION_CONTEXT(2) 
PARAMETRIC_REPRESENTATION_CONTEXT() REPRESENTATION_CONTEXT('2D SPACE',''
  ) );
#4691 = PCURVE('',#4692,#4697);
#4692 = PLANE('',#4693);
#4693 = AXIS2_PLACEMENT_3D('',#4694,#4695,#4696);
#4694 = CARTESIAN_POINT('',(2.393026590766,0.435,0.278923406481));
#4695 = DIRECTION('',(-0.,-1.,-0.));
#4696 = DIRECTION('',(0.,0.,-1.));
#4697 = DEFINITIONAL_REPRESENTATION('',(#4698),#4702);
#4698 = LINE('',#4699,#4700);
#4699 = CARTESIAN_POINT('',(-0.491076593519,-0.468026590766));
#4700 = VECTOR('',#4701,1.);
#4701 = DIRECTION('',(-0.,1.));
#4702 = ( GEOMETRIC_REPRESENTATION_CONTEXT(2) 
PARAMETRIC_REPRESENTATION_CONTEXT() REPRESENTATION_CONTEXT('2D SPACE',''
  ) );
#4703 = ORIENTED_EDGE('',*,*,#4704,.T.);
#4704 = EDGE_CURVE('',#4677,#4614,#4705,.T.);
#4705 = SURFACE_CURVE('',#4706,(#4710,#4717),.PCURVE_S1.);
#4706 = LINE('',#4707,#4708);
#4707 = CARTESIAN_POINT('',(1.925,0.435,0.77));
#4708 = VECTOR('',#4709,1.);
#4709 = DIRECTION('',(-0.,1.,-0.));
#4710 = PCURVE('',#4624,#4711);
#4711 = DEFINITIONAL_REPRESENTATION('',(#4712),#4716);
#4712 = LINE('',#4713,#4714);
#4713 = CARTESIAN_POINT('',(-0.,0.2));
#4714 = VECTOR('',#4715,1.);
#4715 = DIRECTION('',(-0.,-1.));
#4716 = ( GEOMETRIC_REPRESENTATION_CONTEXT(2) 
PARAMETRIC_REPRESENTATION_CONTEXT() REPRESENTATION_CONTEXT('2D SPACE',''
  ) );
#4717 = PCURVE('',#4718,#4723);
#4718 = PLANE('',#4719);
#4719 = AXIS2_PLACEMENT_3D('',#4720,#4721,#4722);
#4720 = CARTESIAN_POINT('',(1.925,0.635,0.57));
#4721 = DIRECTION('',(-1.,-0.,-0.));
#4722 = DIRECTION('',(0.,0.,-1.));
#4723 = DEFINITIONAL_REPRESENTATION('',(#4724),#4728);
#4724 = LINE('',#4725,#4726);
#4725 = CARTESIAN_POINT('',(-0.2,0.2));
#4726 = VECTOR('',#4727,1.);
#4727 = DIRECTION('',(-0.,-1.));
#4728 = ( GEOMETRIC_REPRESENTATION_CONTEXT(2) 
PARAMETRIC_REPRESENTATION_CONTEXT() REPRESENTATION_CONTEXT('2D SPACE',''
  ) );
#4729 = ADVANCED_FACE('',(#4730),#4718,.T.);
#4730 = FACE_BOUND('',#4731,.F.);
#4731 = EDGE_LOOP('',(#4732,#4755,#4756,#4779));
#4732 = ORIENTED_EDGE('',*,*,#4733,.T.);
#4733 = EDGE_CURVE('',#4734,#4614,#4736,.T.);
#4734 = VERTEX_POINT('',#4735);
#4735 = CARTESIAN_POINT('',(1.925,0.835,0.57));
#4736 = SURFACE_CURVE('',#4737,(#4741,#4748),.PCURVE_S1.);
#4737 = LINE('',#4738,#4739);
#4738 = CARTESIAN_POINT('',(1.925,0.835,0.57));
#4739 = VECTOR('',#4740,1.);
#4740 = DIRECTION('',(-0.,-0.,1.));
#4741 = PCURVE('',#4718,#4742);
#4742 = DEFINITIONAL_REPRESENTATION('',(#4743),#4747);
#4743 = LINE('',#4744,#4745);
#4744 = CARTESIAN_POINT('',(-0.,-0.2));
#4745 = VECTOR('',#4746,1.);
#4746 = DIRECTION('',(-1.,-0.));
#4747 = ( GEOMETRIC_REPRESENTATION_CONTEXT(2) 
PARAMETRIC_REPRESENTATION_CONTEXT() REPRESENTATION_CONTEXT('2D SPACE',''
  ) );
#4748 = PCURVE('',#4636,#4749);
#4749 = DEFINITIONAL_REPRESENTATION('',(#4750),#4754);
#4750 = LINE('',#4751,#4752);
#4751 = CARTESIAN_POINT('',(-0.291076593519,-0.468026590766));
#4752 = VECTOR('',#4753,1.);
#4753 = DIRECTION('',(-1.,0.));
#4754 = ( GEOMETRIC_REPRESENTATION_CONTEXT(2) 
PARAMETRIC_REPRESENTATION_CONTEXT() REPRESENTATION_CONTEXT('2D SPACE',''
  ) );
#4755 = ORIENTED_EDGE('',*,*,#4704,.F.);
#4756 = ORIENTED_EDGE('',*,*,#4757,.F.);
#4757 = EDGE_CURVE('',#4758,#4677,#4760,.T.);
#4758 = VERTEX_POINT('',#4759);
#4759 = CARTESIAN_POINT('',(1.925,0.435,0.57));
#4760 = SURFACE_CURVE('',#4761,(#4765,#4772),.PCURVE_S1.);
#4761 = LINE('',#4762,#4763);
#4762 = CARTESIAN_POINT('',(1.925,0.435,0.57));
#4763 = VECTOR('',#4764,1.);
#4764 = DIRECTION('',(-0.,-0.,1.));
#4765 = PCURVE('',#4718,#4766);
#4766 = DEFINITIONAL_REPRESENTATION('',(#4767),#4771);
#4767 = LINE('',#4768,#4769);
#4768 = CARTESIAN_POINT('',(-0.,0.2));
#4769 = VECTOR('',#4770,1.);
#4770 = DIRECTION('',(-1.,-0.));
#4771 = ( GEOMETRIC_REPRESENTATION_CONTEXT(2) 
PARAMETRIC_REPRESENTATION_CONTEXT() REPRESENTATION_CONTEXT('2D SPACE',''
  ) );
#4772 = PCURVE('',#4692,#4773);
#4773 = DEFINITIONAL_REPRESENTATION('',(#4774),#4778);
#4774 = LINE('',#4775,#4776);
#4775 = CARTESIAN_POINT('',(-0.291076593519,-0.468026590766));
#4776 = VECTOR('',#4777,1.);
#4777 = DIRECTION('',(-1.,0.));
#4778 = ( GEOMETRIC_REPRESENTATION_CONTEXT(2) 
PARAMETRIC_REPRESENTATION_CONTEXT() REPRESENTATION_CONTEXT('2D SPACE',''
  ) );
#4779 = ORIENTED_EDGE('',*,*,#4780,.T.);
#4780 = EDGE_CURVE('',#4758,#4734,#4781,.T.);
#4781 = SURFACE_CURVE('',#4782,(#4786,#4793),.PCURVE_S1.);
#4782 = LINE('',#4783,#4784);
#4783 = CARTESIAN_POINT('',(1.925,0.435,0.57));
#4784 = VECTOR('',#4785,1.);
#4785 = DIRECTION('',(-0.,1.,-0.));
#4786 = PCURVE('',#4718,#4787);
#4787 = DEFINITIONAL_REPRESENTATION('',(#4788),#4792);
#4788 = LINE('',#4789,#4790);
#4789 = CARTESIAN_POINT('',(-0.,0.2));
#4790 = VECTOR('',#4791,1.);
#4791 = DIRECTION('',(-0.,-1.));
#4792 = ( GEOMETRIC_REPRESENTATION_CONTEXT(2) 
PARAMETRIC_REPRESENTATION_CONTEXT() REPRESENTATION_CONTEXT('2D SPACE',''
  ) );
#4793 = PCURVE('',#4794,#4799);
#4794 = PLANE('',#4795);
#4795 = AXIS2_PLACEMENT_3D('',#4796,#4797,#4798);
#4796 = CARTESIAN_POINT('',(1.9615,0.635,0.57));
#4797 = DIRECTION('',(-0.,0.,-1.));
#4798 = DIRECTION('',(1.,0.,0.));
#4799 = DEFINITIONAL_REPRESENTATION('',(#4800),#4804);
#4800 = LINE('',#4801,#4802);
#4801 = CARTESIAN_POINT('',(-3.65E-02,0.2));
#4802 = VECTOR('',#4803,1.);
#4803 = DIRECTION('',(-0.,-1.));
#4804 = ( GEOMETRIC_REPRESENTATION_CONTEXT(2) 
PARAMETRIC_REPRESENTATION_CONTEXT() REPRESENTATION_CONTEXT('2D SPACE',''
  ) );
#4805 = ADVANCED_FACE('',(#4806),#4794,.T.);
#4806 = FACE_BOUND('',#4807,.F.);
#4807 = EDGE_LOOP('',(#4808,#4831,#4832,#4855));
#4808 = ORIENTED_EDGE('',*,*,#4809,.T.);
#4809 = EDGE_CURVE('',#4810,#4734,#4812,.T.);
#4810 = VERTEX_POINT('',#4811);
#4811 = CARTESIAN_POINT('',(1.9615,0.835,0.57));
#4812 = SURFACE_CURVE('',#4813,(#4817,#4824),.PCURVE_S1.);
#4813 = LINE('',#4814,#4815);
#4814 = CARTESIAN_POINT('',(1.9615,0.835,0.57));
#4815 = VECTOR('',#4816,1.);
#4816 = DIRECTION('',(-1.,-0.,-0.));
#4817 = PCURVE('',#4794,#4818);
#4818 = DEFINITIONAL_REPRESENTATION('',(#4819),#4823);
#4819 = LINE('',#4820,#4821);
#4820 = CARTESIAN_POINT('',(-0.,-0.2));
#4821 = VECTOR('',#4822,1.);
#4822 = DIRECTION('',(-1.,0.));
#4823 = ( GEOMETRIC_REPRESENTATION_CONTEXT(2) 
PARAMETRIC_REPRESENTATION_CONTEXT() REPRESENTATION_CONTEXT('2D SPACE',''
  ) );
#4824 = PCURVE('',#4636,#4825);
#4825 = DEFINITIONAL_REPRESENTATION('',(#4826),#4830);
#4826 = LINE('',#4827,#4828);
#4827 = CARTESIAN_POINT('',(-0.291076593519,-0.431526590766));
#4828 = VECTOR('',#4829,1.);
#4829 = DIRECTION('',(-0.,-1.));
#4830 = ( GEOMETRIC_REPRESENTATION_CONTEXT(2) 
PARAMETRIC_REPRESENTATION_CONTEXT() REPRESENTATION_CONTEXT('2D SPACE',''
  ) );
#4831 = ORIENTED_EDGE('',*,*,#4780,.F.);
#4832 = ORIENTED_EDGE('',*,*,#4833,.F.);
#4833 = EDGE_CURVE('',#4834,#4758,#4836,.T.);
#4834 = VERTEX_POINT('',#4835);
#4835 = CARTESIAN_POINT('',(1.9615,0.435,0.57));
#4836 = SURFACE_CURVE('',#4837,(#4841,#4848),.PCURVE_S1.);
#4837 = LINE('',#4838,#4839);
#4838 = CARTESIAN_POINT('',(1.9615,0.435,0.57));
#4839 = VECTOR('',#4840,1.);
#4840 = DIRECTION('',(-1.,-0.,-0.));
#4841 = PCURVE('',#4794,#4842);
#4842 = DEFINITIONAL_REPRESENTATION('',(#4843),#4847);
#4843 = LINE('',#4844,#4845);
#4844 = CARTESIAN_POINT('',(-0.,0.2));
#4845 = VECTOR('',#4846,1.);
#4846 = DIRECTION('',(-1.,0.));
#4847 = ( GEOMETRIC_REPRESENTATION_CONTEXT(2) 
PARAMETRIC_REPRESENTATION_CONTEXT() REPRESENTATION_CONTEXT('2D SPACE',''
  ) );
#4848 = PCURVE('',#4692,#4849);
#4849 = DEFINITIONAL_REPRESENTATION('',(#4850),#4854);
#4850 = LINE('',#4851,#4852);
#4851 = CARTESIAN_POINT('',(-0.291076593519,-0.431526590766));
#4852 = VECTOR('',#4853,1.);
#4853 = DIRECTION('',(-0.,-1.));
#4854 = ( GEOMETRIC_REPRESENTATION_CONTEXT(2) 
PARAMETRIC_REPRESENTATION_CONTEXT() REPRESENTATION_CONTEXT('2D SPACE',''
  ) );
#4855 = ORIENTED_EDGE('',*,*,#4856,.T.);
#4856 = EDGE_CURVE('',#4834,#4810,#4857,.T.);
#4857 = SURFACE_CURVE('',#4858,(#4862,#4869),.PCURVE_S1.);
#4858 = LINE('',#4859,#4860);
#4859 = CARTESIAN_POINT('',(1.9615,0.435,0.57));
#4860 = VECTOR('',#4861,1.);
#4861 = DIRECTION('',(-0.,1.,-0.));
#4862 = PCURVE('',#4794,#4863);
#4863 = DEFINITIONAL_REPRESENTATION('',(#4864),#4868);
#4864 = LINE('',#4865,#4866);
#4865 = CARTESIAN_POINT('',(-0.,0.2));
#4866 = VECTOR('',#4867,1.);
#4867 = DIRECTION('',(-0.,-1.));
#4868 = ( GEOMETRIC_REPRESENTATION_CONTEXT(2) 
PARAMETRIC_REPRESENTATION_CONTEXT() REPRESENTATION_CONTEXT('2D SPACE',''
  ) );
#4869 = PCURVE('',#4870,#4875);
#4870 = PLANE('',#4871);
#4871 = AXIS2_PLACEMENT_3D('',#4872,#4873,#4874);
#4872 = CARTESIAN_POINT('',(2.21,0.635,0.));
#4873 = DIRECTION('',(-0.916673306291,0.,-0.399637397567));
#4874 = DIRECTION('',(0.399637397567,0.,-0.916673306291));
#4875 = DEFINITIONAL_REPRESENTATION('',(#4876),#4880);
#4876 = LINE('',#4877,#4878);
#4877 = CARTESIAN_POINT('',(-0.621813677881,0.2));
#4878 = VECTOR('',#4879,1.);
#4879 = DIRECTION('',(-0.,-1.));
#4880 = ( GEOMETRIC_REPRESENTATION_CONTEXT(2) 
PARAMETRIC_REPRESENTATION_CONTEXT() REPRESENTATION_CONTEXT('2D SPACE',''
  ) );
#4881 = ADVANCED_FACE('',(#4882),#4870,.T.);
#4882 = FACE_BOUND('',#4883,.F.);
#4883 = EDGE_LOOP('',(#4884,#4914,#4935,#4936));
#4884 = ORIENTED_EDGE('',*,*,#4885,.F.);
#4885 = EDGE_CURVE('',#4886,#4888,#4890,.T.);
#4886 = VERTEX_POINT('',#4887);
#4887 = CARTESIAN_POINT('',(2.21,0.835,0.));
#4888 = VERTEX_POINT('',#4889);
#4889 = CARTESIAN_POINT('',(2.21,0.435,0.));
#4890 = SURFACE_CURVE('',#4891,(#4895,#4902),.PCURVE_S1.);
#4891 = LINE('',#4892,#4893);
#4892 = CARTESIAN_POINT('',(2.21,0.835,0.));
#4893 = VECTOR('',#4894,1.);
#4894 = DIRECTION('',(-0.,-1.,-0.));
#4895 = PCURVE('',#4870,#4896);
#4896 = DEFINITIONAL_REPRESENTATION('',(#4897),#4901);
#4897 = LINE('',#4898,#4899);
#4898 = CARTESIAN_POINT('',(-0.,-0.2));
#4899 = VECTOR('',#4900,1.);
#4900 = DIRECTION('',(-0.,1.));
#4901 = ( GEOMETRIC_REPRESENTATION_CONTEXT(2) 
PARAMETRIC_REPRESENTATION_CONTEXT() REPRESENTATION_CONTEXT('2D SPACE',''
  ) );
#4902 = PCURVE('',#4903,#4908);
#4903 = PLANE('',#4904);
#4904 = AXIS2_PLACEMENT_3D('',#4905,#4906,#4907);
#4905 = CARTESIAN_POINT('',(3.,0.635,0.));
#4906 = DIRECTION('',(-0.,0.,-1.));
#4907 = DIRECTION('',(1.,0.,0.));
#4908 = DEFINITIONAL_REPRESENTATION('',(#4909),#4913);
#4909 = LINE('',#4910,#4911);
#4910 = CARTESIAN_POINT('',(-0.79,-0.2));
#4911 = VECTOR('',#4912,1.);
#4912 = DIRECTION('',(-0.,1.));
#4913 = ( GEOMETRIC_REPRESENTATION_CONTEXT(2) 
PARAMETRIC_REPRESENTATION_CONTEXT() REPRESENTATION_CONTEXT('2D SPACE',''
  ) );
#4914 = ORIENTED_EDGE('',*,*,#4915,.T.);
#4915 = EDGE_CURVE('',#4886,#4810,#4916,.T.);
#4916 = SURFACE_CURVE('',#4917,(#4921,#4928),.PCURVE_S1.);
#4917 = LINE('',#4918,#4919);
#4918 = CARTESIAN_POINT('',(2.21,0.835,0.));
#4919 = VECTOR('',#4920,1.);
#4920 = DIRECTION('',(-0.399637397567,-0.,0.916673306291));
#4921 = PCURVE('',#4870,#4922);
#4922 = DEFINITIONAL_REPRESENTATION('',(#4923),#4927);
#4923 = LINE('',#4924,#4925);
#4924 = CARTESIAN_POINT('',(-0.,-0.2));
#4925 = VECTOR('',#4926,1.);
#4926 = DIRECTION('',(-1.,0.));
#4927 = ( GEOMETRIC_REPRESENTATION_CONTEXT(2) 
PARAMETRIC_REPRESENTATION_CONTEXT() REPRESENTATION_CONTEXT('2D SPACE',''
  ) );
#4928 = PCURVE('',#4636,#4929);
#4929 = DEFINITIONAL_REPRESENTATION('',(#4930),#4934);
#4930 = LINE('',#4931,#4932);
#4931 = CARTESIAN_POINT('',(0.278923406481,-0.183026590766));
#4932 = VECTOR('',#4933,1.);
#4933 = DIRECTION('',(-0.916673306291,-0.399637397567));
#4934 = ( GEOMETRIC_REPRESENTATION_CONTEXT(2) 
PARAMETRIC_REPRESENTATION_CONTEXT() REPRESENTATION_CONTEXT('2D SPACE',''
  ) );
#4935 = ORIENTED_EDGE('',*,*,#4856,.F.);
#4936 = ORIENTED_EDGE('',*,*,#4937,.F.);
#4937 = EDGE_CURVE('',#4888,#4834,#4938,.T.);
#4938 = SURFACE_CURVE('',#4939,(#4943,#4950),.PCURVE_S1.);
#4939 = LINE('',#4940,#4941);
#4940 = CARTESIAN_POINT('',(2.21,0.435,0.));
#4941 = VECTOR('',#4942,1.);
#4942 = DIRECTION('',(-0.399637397567,-0.,0.916673306291));
#4943 = PCURVE('',#4870,#4944);
#4944 = DEFINITIONAL_REPRESENTATION('',(#4945),#4949);
#4945 = LINE('',#4946,#4947);
#4946 = CARTESIAN_POINT('',(-0.,0.2));
#4947 = VECTOR('',#4948,1.);
#4948 = DIRECTION('',(-1.,0.));
#4949 = ( GEOMETRIC_REPRESENTATION_CONTEXT(2) 
PARAMETRIC_REPRESENTATION_CONTEXT() REPRESENTATION_CONTEXT('2D SPACE',''
  ) );
#4950 = PCURVE('',#4692,#4951);
#4951 = DEFINITIONAL_REPRESENTATION('',(#4952),#4956);
#4952 = LINE('',#4953,#4954);
#4953 = CARTESIAN_POINT('',(0.278923406481,-0.183026590766));
#4954 = VECTOR('',#4955,1.);
#4955 = DIRECTION('',(-0.916673306291,-0.399637397567));
#4956 = ( GEOMETRIC_REPRESENTATION_CONTEXT(2) 
PARAMETRIC_REPRESENTATION_CONTEXT() REPRESENTATION_CONTEXT('2D SPACE',''
  ) );
#4957 = ADVANCED_FACE('',(#4958),#4903,.T.);
#4958 = FACE_BOUND('',#4959,.F.);
#4959 = EDGE_LOOP('',(#4960,#4990,#5011,#5012));
#4960 = ORIENTED_EDGE('',*,*,#4961,.F.);
#4961 = EDGE_CURVE('',#4962,#4964,#4966,.T.);
#4962 = VERTEX_POINT('',#4963);
#4963 = CARTESIAN_POINT('',(3.,0.835,0.));
#4964 = VERTEX_POINT('',#4965);
#4965 = CARTESIAN_POINT('',(3.,0.435,0.));
#4966 = SURFACE_CURVE('',#4967,(#4971,#4978),.PCURVE_S1.);
#4967 = LINE('',#4968,#4969);
#4968 = CARTESIAN_POINT('',(3.,0.835,0.));
#4969 = VECTOR('',#4970,1.);
#4970 = DIRECTION('',(-0.,-1.,-0.));
#4971 = PCURVE('',#4903,#4972);
#4972 = DEFINITIONAL_REPRESENTATION('',(#4973),#4977);
#4973 = LINE('',#4974,#4975);
#4974 = CARTESIAN_POINT('',(-0.,-0.2));
#4975 = VECTOR('',#4976,1.);
#4976 = DIRECTION('',(-0.,1.));
#4977 = ( GEOMETRIC_REPRESENTATION_CONTEXT(2) 
PARAMETRIC_REPRESENTATION_CONTEXT() REPRESENTATION_CONTEXT('2D SPACE',''
  ) );
#4978 = PCURVE('',#4979,#4984);
#4979 = PLANE('',#4980);
#4980 = AXIS2_PLACEMENT_3D('',#4981,#4982,#4983);
#4981 = CARTESIAN_POINT('',(3.,0.635,0.2));
#4982 = DIRECTION('',(1.,-0.,-0.));
#4983 = DIRECTION('',(0.,0.,1.));
#4984 = DEFINITIONAL_REPRESENTATION('',(#4985),#4989);
#4985 = LINE('',#4986,#4987);
#4986 = CARTESIAN_POINT('',(-0.2,-0.2));
#4987 = VECTOR('',#4988,1.);
#4988 = DIRECTION('',(-0.,1.));
#4989 = ( GEOMETRIC_REPRESENTATION_CONTEXT(2) 
PARAMETRIC_REPRESENTATION_CONTEXT() REPRESENTATION_CONTEXT('2D SPACE',''
  ) );
#4990 = ORIENTED_EDGE('',*,*,#4991,.T.);
#4991 = EDGE_CURVE('',#4962,#4886,#4992,.T.);
#4992 = SURFACE_CURVE('',#4993,(#4997,#5004),.PCURVE_S1.);
#4993 = LINE('',#4994,#4995);
#4994 = CARTESIAN_POINT('',(3.,0.835,0.));
#4995 = VECTOR('',#4996,1.);
#4996 = DIRECTION('',(-1.,-0.,-0.));
#4997 = PCURVE('',#4903,#4998);
#4998 = DEFINITIONAL_REPRESENTATION('',(#4999),#5003);
#4999 = LINE('',#5000,#5001);
#5000 = CARTESIAN_POINT('',(-0.,-0.2));
#5001 = VECTOR('',#5002,1.);
#5002 = DIRECTION('',(-1.,0.));
#5003 = ( GEOMETRIC_REPRESENTATION_CONTEXT(2) 
PARAMETRIC_REPRESENTATION_CONTEXT() REPRESENTATION_CONTEXT('2D SPACE',''
  ) );
#5004 = PCURVE('',#4636,#5005);
#5005 = DEFINITIONAL_REPRESENTATION('',(#5006),#5010);
#5006 = LINE('',#5007,#5008);
#5007 = CARTESIAN_POINT('',(0.278923406481,0.606973409234));
#5008 = VECTOR('',#5009,1.);
#5009 = DIRECTION('',(-0.,-1.));
#5010 = ( GEOMETRIC_REPRESENTATION_CONTEXT(2) 
PARAMETRIC_REPRESENTATION_CONTEXT() REPRESENTATION_CONTEXT('2D SPACE',''
  ) );
#5011 = ORIENTED_EDGE('',*,*,#4885,.T.);
#5012 = ORIENTED_EDGE('',*,*,#5013,.F.);
#5013 = EDGE_CURVE('',#4964,#4888,#5014,.T.);
#5014 = SURFACE_CURVE('',#5015,(#5019,#5026),.PCURVE_S1.);
#5015 = LINE('',#5016,#5017);
#5016 = CARTESIAN_POINT('',(3.,0.435,0.));
#5017 = VECTOR('',#5018,1.);
#5018 = DIRECTION('',(-1.,-0.,-0.));
#5019 = PCURVE('',#4903,#5020);
#5020 = DEFINITIONAL_REPRESENTATION('',(#5021),#5025);
#5021 = LINE('',#5022,#5023);
#5022 = CARTESIAN_POINT('',(-0.,0.2));
#5023 = VECTOR('',#5024,1.);
#5024 = DIRECTION('',(-1.,0.));
#5025 = ( GEOMETRIC_REPRESENTATION_CONTEXT(2) 
PARAMETRIC_REPRESENTATION_CONTEXT() REPRESENTATION_CONTEXT('2D SPACE',''
  ) );
#5026 = PCURVE('',#4692,#5027);
#5027 = DEFINITIONAL_REPRESENTATION('',(#5028),#5032);
#5028 = LINE('',#5029,#5030);
#5029 = CARTESIAN_POINT('',(0.278923406481,0.606973409234));
#5030 = VECTOR('',#5031,1.);
#5031 = DIRECTION('',(-0.,-1.));
#5032 = ( GEOMETRIC_REPRESENTATION_CONTEXT(2) 
PARAMETRIC_REPRESENTATION_CONTEXT() REPRESENTATION_CONTEXT('2D SPACE',''
  ) );
#5033 = ADVANCED_FACE('',(#5034),#4979,.T.);
#5034 = FACE_BOUND('',#5035,.F.);
#5035 = EDGE_LOOP('',(#5036,#5066,#5087,#5088));
#5036 = ORIENTED_EDGE('',*,*,#5037,.F.);
#5037 = EDGE_CURVE('',#5038,#5040,#5042,.T.);
#5038 = VERTEX_POINT('',#5039);
#5039 = CARTESIAN_POINT('',(3.,0.835,0.2));
#5040 = VERTEX_POINT('',#5041);
#5041 = CARTESIAN_POINT('',(3.,0.435,0.2));
#5042 = SURFACE_CURVE('',#5043,(#5047,#5054),.PCURVE_S1.);
#5043 = LINE('',#5044,#5045);
#5044 = CARTESIAN_POINT('',(3.,0.835,0.2));
#5045 = VECTOR('',#5046,1.);
#5046 = DIRECTION('',(-0.,-1.,-0.));
#5047 = PCURVE('',#4979,#5048);
#5048 = DEFINITIONAL_REPRESENTATION('',(#5049),#5053);
#5049 = LINE('',#5050,#5051);
#5050 = CARTESIAN_POINT('',(-0.,-0.2));
#5051 = VECTOR('',#5052,1.);
#5052 = DIRECTION('',(-0.,1.));
#5053 = ( GEOMETRIC_REPRESENTATION_CONTEXT(2) 
PARAMETRIC_REPRESENTATION_CONTEXT() REPRESENTATION_CONTEXT('2D SPACE',''
  ) );
#5054 = PCURVE('',#5055,#5060);
#5055 = PLANE('',#5056);
#5056 = AXIS2_PLACEMENT_3D('',#5057,#5058,#5059);
#5057 = CARTESIAN_POINT('',(2.35,0.635,0.2));
#5058 = DIRECTION('',(-0.,-0.,1.));
#5059 = DIRECTION('',(-1.,0.,0.));
#5060 = DEFINITIONAL_REPRESENTATION('',(#5061),#5065);
#5061 = LINE('',#5062,#5063);
#5062 = CARTESIAN_POINT('',(-0.65,-0.2));
#5063 = VECTOR('',#5064,1.);
#5064 = DIRECTION('',(-0.,1.));
#5065 = ( GEOMETRIC_REPRESENTATION_CONTEXT(2) 
PARAMETRIC_REPRESENTATION_CONTEXT() REPRESENTATION_CONTEXT('2D SPACE',''
  ) );
#5066 = ORIENTED_EDGE('',*,*,#5067,.T.);
#5067 = EDGE_CURVE('',#5038,#4962,#5068,.T.);
#5068 = SURFACE_CURVE('',#5069,(#5073,#5080),.PCURVE_S1.);
#5069 = LINE('',#5070,#5071);
#5070 = CARTESIAN_POINT('',(3.,0.835,0.2));
#5071 = VECTOR('',#5072,1.);
#5072 = DIRECTION('',(-0.,-0.,-1.));
#5073 = PCURVE('',#4979,#5074);
#5074 = DEFINITIONAL_REPRESENTATION('',(#5075),#5079);
#5075 = LINE('',#5076,#5077);
#5076 = CARTESIAN_POINT('',(-0.,-0.2));
#5077 = VECTOR('',#5078,1.);
#5078 = DIRECTION('',(-1.,0.));
#5079 = ( GEOMETRIC_REPRESENTATION_CONTEXT(2) 
PARAMETRIC_REPRESENTATION_CONTEXT() REPRESENTATION_CONTEXT('2D SPACE',''
  ) );
#5080 = PCURVE('',#4636,#5081);
#5081 = DEFINITIONAL_REPRESENTATION('',(#5082),#5086);
#5082 = LINE('',#5083,#5084);
#5083 = CARTESIAN_POINT('',(7.892340648124E-02,0.606973409234));
#5084 = VECTOR('',#5085,1.);
#5085 = DIRECTION('',(1.,-0.));
#5086 = ( GEOMETRIC_REPRESENTATION_CONTEXT(2) 
PARAMETRIC_REPRESENTATION_CONTEXT() REPRESENTATION_CONTEXT('2D SPACE',''
  ) );
#5087 = ORIENTED_EDGE('',*,*,#4961,.T.);
#5088 = ORIENTED_EDGE('',*,*,#5089,.F.);
#5089 = EDGE_CURVE('',#5040,#4964,#5090,.T.);
#5090 = SURFACE_CURVE('',#5091,(#5095,#5102),.PCURVE_S1.);
#5091 = LINE('',#5092,#5093);
#5092 = CARTESIAN_POINT('',(3.,0.435,0.2));
#5093 = VECTOR('',#5094,1.);
#5094 = DIRECTION('',(-0.,-0.,-1.));
#5095 = PCURVE('',#4979,#5096);
#5096 = DEFINITIONAL_REPRESENTATION('',(#5097),#5101);
#5097 = LINE('',#5098,#5099);
#5098 = CARTESIAN_POINT('',(-0.,0.2));
#5099 = VECTOR('',#5100,1.);
#5100 = DIRECTION('',(-1.,0.));
#5101 = ( GEOMETRIC_REPRESENTATION_CONTEXT(2) 
PARAMETRIC_REPRESENTATION_CONTEXT() REPRESENTATION_CONTEXT('2D SPACE',''
  ) );
#5102 = PCURVE('',#4692,#5103);
#5103 = DEFINITIONAL_REPRESENTATION('',(#5104),#5108);
#5104 = LINE('',#5105,#5106);
#5105 = CARTESIAN_POINT('',(7.892340648124E-02,0.606973409234));
#5106 = VECTOR('',#5107,1.);
#5107 = DIRECTION('',(1.,-0.));
#5108 = ( GEOMETRIC_REPRESENTATION_CONTEXT(2) 
PARAMETRIC_REPRESENTATION_CONTEXT() REPRESENTATION_CONTEXT('2D SPACE',''
  ) );
#5109 = ADVANCED_FACE('',(#5110),#5055,.T.);
#5110 = FACE_BOUND('',#5111,.F.);
#5111 = EDGE_LOOP('',(#5112,#5137,#5158,#5159));
#5112 = ORIENTED_EDGE('',*,*,#5113,.F.);
#5113 = EDGE_CURVE('',#5114,#5116,#5118,.T.);
#5114 = VERTEX_POINT('',#5115);
#5115 = CARTESIAN_POINT('',(2.35,0.835,0.2));
#5116 = VERTEX_POINT('',#5117);
#5117 = CARTESIAN_POINT('',(2.35,0.435,0.2));
#5118 = SURFACE_CURVE('',#5119,(#5123,#5130),.PCURVE_S1.);
#5119 = LINE('',#5120,#5121);
#5120 = CARTESIAN_POINT('',(2.35,0.835,0.2));
#5121 = VECTOR('',#5122,1.);
#5122 = DIRECTION('',(-0.,-1.,-0.));
#5123 = PCURVE('',#5055,#5124);
#5124 = DEFINITIONAL_REPRESENTATION('',(#5125),#5129);
#5125 = LINE('',#5126,#5127);
#5126 = CARTESIAN_POINT('',(-0.,-0.2));
#5127 = VECTOR('',#5128,1.);
#5128 = DIRECTION('',(-0.,1.));
#5129 = ( GEOMETRIC_REPRESENTATION_CONTEXT(2) 
PARAMETRIC_REPRESENTATION_CONTEXT() REPRESENTATION_CONTEXT('2D SPACE',''
  ) );
#5130 = PCURVE('',#4664,#5131);
#5131 = DEFINITIONAL_REPRESENTATION('',(#5132),#5136);
#5132 = LINE('',#5133,#5134);
#5133 = CARTESIAN_POINT('',(-0.621813677881,-0.2));
#5134 = VECTOR('',#5135,1.);
#5135 = DIRECTION('',(-0.,1.));
#5136 = ( GEOMETRIC_REPRESENTATION_CONTEXT(2) 
PARAMETRIC_REPRESENTATION_CONTEXT() REPRESENTATION_CONTEXT('2D SPACE',''
  ) );
#5137 = ORIENTED_EDGE('',*,*,#5138,.T.);
#5138 = EDGE_CURVE('',#5114,#5038,#5139,.T.);
#5139 = SURFACE_CURVE('',#5140,(#5144,#5151),.PCURVE_S1.);
#5140 = LINE('',#5141,#5142);
#5141 = CARTESIAN_POINT('',(2.35,0.835,0.2));
#5142 = VECTOR('',#5143,1.);
#5143 = DIRECTION('',(1.,-0.,-0.));
#5144 = PCURVE('',#5055,#5145);
#5145 = DEFINITIONAL_REPRESENTATION('',(#5146),#5150);
#5146 = LINE('',#5147,#5148);
#5147 = CARTESIAN_POINT('',(-0.,-0.2));
#5148 = VECTOR('',#5149,1.);
#5149 = DIRECTION('',(-1.,0.));
#5150 = ( GEOMETRIC_REPRESENTATION_CONTEXT(2) 
PARAMETRIC_REPRESENTATION_CONTEXT() REPRESENTATION_CONTEXT('2D SPACE',''
  ) );
#5151 = PCURVE('',#4636,#5152);
#5152 = DEFINITIONAL_REPRESENTATION('',(#5153),#5157);
#5153 = LINE('',#5154,#5155);
#5154 = CARTESIAN_POINT('',(7.892340648124E-02,-4.302659076564E-02));
#5155 = VECTOR('',#5156,1.);
#5156 = DIRECTION('',(-0.,1.));
#5157 = ( GEOMETRIC_REPRESENTATION_CONTEXT(2) 
PARAMETRIC_REPRESENTATION_CONTEXT() REPRESENTATION_CONTEXT('2D SPACE',''
  ) );
#5158 = ORIENTED_EDGE('',*,*,#5037,.T.);
#5159 = ORIENTED_EDGE('',*,*,#5160,.F.);
#5160 = EDGE_CURVE('',#5116,#5040,#5161,.T.);
#5161 = SURFACE_CURVE('',#5162,(#5166,#5173),.PCURVE_S1.);
#5162 = LINE('',#5163,#5164);
#5163 = CARTESIAN_POINT('',(2.35,0.435,0.2));
#5164 = VECTOR('',#5165,1.);
#5165 = DIRECTION('',(1.,-0.,-0.));
#5166 = PCURVE('',#5055,#5167);
#5167 = DEFINITIONAL_REPRESENTATION('',(#5168),#5172);
#5168 = LINE('',#5169,#5170);
#5169 = CARTESIAN_POINT('',(-0.,0.2));
#5170 = VECTOR('',#5171,1.);
#5171 = DIRECTION('',(-1.,0.));
#5172 = ( GEOMETRIC_REPRESENTATION_CONTEXT(2) 
PARAMETRIC_REPRESENTATION_CONTEXT() REPRESENTATION_CONTEXT('2D SPACE',''
  ) );
#5173 = PCURVE('',#4692,#5174);
#5174 = DEFINITIONAL_REPRESENTATION('',(#5175),#5179);
#5175 = LINE('',#5176,#5177);
#5176 = CARTESIAN_POINT('',(7.892340648124E-02,-4.302659076564E-02));
#5177 = VECTOR('',#5178,1.);
#5178 = DIRECTION('',(-0.,1.));
#5179 = ( GEOMETRIC_REPRESENTATION_CONTEXT(2) 
PARAMETRIC_REPRESENTATION_CONTEXT() REPRESENTATION_CONTEXT('2D SPACE',''
  ) );
#5180 = ADVANCED_FACE('',(#5181),#4692,.T.);
#5181 = FACE_BOUND('',#5182,.F.);
#5182 = EDGE_LOOP('',(#5183,#5184,#5205,#5206,#5207,#5208,#5209,#5210));
#5183 = ORIENTED_EDGE('',*,*,#4676,.T.);
#5184 = ORIENTED_EDGE('',*,*,#5185,.T.);
#5185 = EDGE_CURVE('',#4649,#5116,#5186,.T.);
#5186 = SURFACE_CURVE('',#5187,(#5191,#5198),.PCURVE_S1.);
#5187 = LINE('',#5188,#5189);
#5188 = CARTESIAN_POINT('',(2.1015,0.435,0.77));
#5189 = VECTOR('',#5190,1.);
#5190 = DIRECTION('',(0.399637397567,-0.,-0.916673306291));
#5191 = PCURVE('',#4692,#5192);
#5192 = DEFINITIONAL_REPRESENTATION('',(#5193),#5197);
#5193 = LINE('',#5194,#5195);
#5194 = CARTESIAN_POINT('',(-0.491076593519,-0.291526590766));
#5195 = VECTOR('',#5196,1.);
#5196 = DIRECTION('',(0.916673306291,0.399637397567));
#5197 = ( GEOMETRIC_REPRESENTATION_CONTEXT(2) 
PARAMETRIC_REPRESENTATION_CONTEXT() REPRESENTATION_CONTEXT('2D SPACE',''
  ) );
#5198 = PCURVE('',#4664,#5199);
#5199 = DEFINITIONAL_REPRESENTATION('',(#5200),#5204);
#5200 = LINE('',#5201,#5202);
#5201 = CARTESIAN_POINT('',(-0.,0.2));
#5202 = VECTOR('',#5203,1.);
#5203 = DIRECTION('',(-1.,0.));
#5204 = ( GEOMETRIC_REPRESENTATION_CONTEXT(2) 
PARAMETRIC_REPRESENTATION_CONTEXT() REPRESENTATION_CONTEXT('2D SPACE',''
  ) );
#5205 = ORIENTED_EDGE('',*,*,#5160,.T.);
#5206 = ORIENTED_EDGE('',*,*,#5089,.T.);
#5207 = ORIENTED_EDGE('',*,*,#5013,.T.);
#5208 = ORIENTED_EDGE('',*,*,#4937,.T.);
#5209 = ORIENTED_EDGE('',*,*,#4833,.T.);
#5210 = ORIENTED_EDGE('',*,*,#4757,.T.);
#5211 = ADVANCED_FACE('',(#5212),#4664,.T.);
#5212 = FACE_BOUND('',#5213,.F.);
#5213 = EDGE_LOOP('',(#5214,#5215,#5236,#5237));
#5214 = ORIENTED_EDGE('',*,*,#4648,.F.);
#5215 = ORIENTED_EDGE('',*,*,#5216,.T.);
#5216 = EDGE_CURVE('',#4616,#5114,#5217,.T.);
#5217 = SURFACE_CURVE('',#5218,(#5222,#5229),.PCURVE_S1.);
#5218 = LINE('',#5219,#5220);
#5219 = CARTESIAN_POINT('',(2.1015,0.835,0.77));
#5220 = VECTOR('',#5221,1.);
#5221 = DIRECTION('',(0.399637397567,-0.,-0.916673306291));
#5222 = PCURVE('',#4664,#5223);
#5223 = DEFINITIONAL_REPRESENTATION('',(#5224),#5228);
#5224 = LINE('',#5225,#5226);
#5225 = CARTESIAN_POINT('',(-0.,-0.2));
#5226 = VECTOR('',#5227,1.);
#5227 = DIRECTION('',(-1.,0.));
#5228 = ( GEOMETRIC_REPRESENTATION_CONTEXT(2) 
PARAMETRIC_REPRESENTATION_CONTEXT() REPRESENTATION_CONTEXT('2D SPACE',''
  ) );
#5229 = PCURVE('',#4636,#5230);
#5230 = DEFINITIONAL_REPRESENTATION('',(#5231),#5235);
#5231 = LINE('',#5232,#5233);
#5232 = CARTESIAN_POINT('',(-0.491076593519,-0.291526590766));
#5233 = VECTOR('',#5234,1.);
#5234 = DIRECTION('',(0.916673306291,0.399637397567));
#5235 = ( GEOMETRIC_REPRESENTATION_CONTEXT(2) 
PARAMETRIC_REPRESENTATION_CONTEXT() REPRESENTATION_CONTEXT('2D SPACE',''
  ) );
#5236 = ORIENTED_EDGE('',*,*,#5113,.T.);
#5237 = ORIENTED_EDGE('',*,*,#5185,.F.);
#5238 = ADVANCED_FACE('',(#5239),#4636,.F.);
#5239 = FACE_BOUND('',#5240,.T.);
#5240 = EDGE_LOOP('',(#5241,#5242,#5243,#5244,#5245,#5246,#5247,#5248));
#5241 = ORIENTED_EDGE('',*,*,#4613,.T.);
#5242 = ORIENTED_EDGE('',*,*,#5216,.T.);
#5243 = ORIENTED_EDGE('',*,*,#5138,.T.);
#5244 = ORIENTED_EDGE('',*,*,#5067,.T.);
#5245 = ORIENTED_EDGE('',*,*,#4991,.T.);
#5246 = ORIENTED_EDGE('',*,*,#4915,.T.);
#5247 = ORIENTED_EDGE('',*,*,#4809,.T.);
#5248 = ORIENTED_EDGE('',*,*,#4733,.T.);
#5249 = ( GEOMETRIC_REPRESENTATION_CONTEXT(3) 
GLOBAL_UNCERTAINTY_ASSIGNED_CONTEXT((#5253)) 
GLOBAL_UNIT_ASSIGNED_CONTEXT((#5250,#5251,#5252)) REPRESENTATION_CONTEXT
('Context #1','3D Context with UNIT and UNCERTAINTY') );
#5250 = ( LENGTH_UNIT() NAMED_UNIT(*) SI_UNIT(.MILLI.,.METRE.) );
#5251 = ( NAMED_UNIT(*) PLANE_ANGLE_UNIT() SI_UNIT($,.RADIAN.) );
#5252 = ( NAMED_UNIT(*) SI_UNIT($,.STERADIAN.) SOLID_ANGLE_UNIT() );
#5253 = UNCERTAINTY_MEASURE_WITH_UNIT(LENGTH_MEASURE(1.E-07),#5250,
  'distance_accuracy_value','confusion accuracy');
#5254 = CONTEXT_DEPENDENT_SHAPE_REPRESENTATION(#5255,#5257);
#5255 = ( REPRESENTATION_RELATIONSHIP('','',#4606,#10) 
REPRESENTATION_RELATIONSHIP_WITH_TRANSFORMATION(#5256) 
SHAPE_REPRESENTATION_RELATIONSHIP() );
#5256 = ITEM_DEFINED_TRANSFORMATION('','',#11,#47);
#5257 = PRODUCT_DEFINITION_SHAPE('Placement','Placement of an item',
  #5258);
#5258 = NEXT_ASSEMBLY_USAGE_OCCURRENCE('22','pin7','',#5,#4601,$);
#5259 = PRODUCT_RELATED_PRODUCT_CATEGORY('part',$,(#4603));
#5260 = SHAPE_DEFINITION_REPRESENTATION(#5261,#5267);
#5261 = PRODUCT_DEFINITION_SHAPE('','',#5262);
#5262 = PRODUCT_DEFINITION('design','',#5263,#5266);
#5263 = PRODUCT_DEFINITION_FORMATION('','',#5264);
#5264 = PRODUCT('pin8','pin8','',(#5265));
#5265 = PRODUCT_CONTEXT('',#2,'mechanical');
#5266 = PRODUCT_DEFINITION_CONTEXT('part definition',#2,'design');
#5267 = ADVANCED_BREP_SHAPE_REPRESENTATION('',(#11,#5268),#5910);
#5268 = MANIFOLD_SOLID_BREP('',#5269);
#5269 = CLOSED_SHELL('',(#5270,#5390,#5466,#5542,#5618,#5694,#5770,#5841
    ,#5872,#5899));
#5270 = ADVANCED_FACE('',(#5271),#5285,.T.);
#5271 = FACE_BOUND('',#5272,.F.);
#5272 = EDGE_LOOP('',(#5273,#5308,#5336,#5364));
#5273 = ORIENTED_EDGE('',*,*,#5274,.T.);
#5274 = EDGE_CURVE('',#5275,#5277,#5279,.T.);
#5275 = VERTEX_POINT('',#5276);
#5276 = CARTESIAN_POINT('',(1.925,2.105,0.77));
#5277 = VERTEX_POINT('',#5278);
#5278 = CARTESIAN_POINT('',(2.1015,2.105,0.77));
#5279 = SURFACE_CURVE('',#5280,(#5284,#5296),.PCURVE_S1.);
#5280 = LINE('',#5281,#5282);
#5281 = CARTESIAN_POINT('',(1.925,2.105,0.77));
#5282 = VECTOR('',#5283,1.);
#5283 = DIRECTION('',(1.,-0.,-0.));
#5284 = PCURVE('',#5285,#5290);
#5285 = PLANE('',#5286);
#5286 = AXIS2_PLACEMENT_3D('',#5287,#5288,#5289);
#5287 = CARTESIAN_POINT('',(1.925,1.905,0.77));
#5288 = DIRECTION('',(-0.,-0.,1.));
#5289 = DIRECTION('',(-1.,0.,0.));
#5290 = DEFINITIONAL_REPRESENTATION('',(#5291),#5295);
#5291 = LINE('',#5292,#5293);
#5292 = CARTESIAN_POINT('',(-0.,-0.2));
#5293 = VECTOR('',#5294,1.);
#5294 = DIRECTION('',(-1.,0.));
#5295 = ( GEOMETRIC_REPRESENTATION_CONTEXT(2) 
PARAMETRIC_REPRESENTATION_CONTEXT() REPRESENTATION_CONTEXT('2D SPACE',''
  ) );
#5296 = PCURVE('',#5297,#5302);
#5297 = PLANE('',#5298);
#5298 = AXIS2_PLACEMENT_3D('',#5299,#5300,#5301);
#5299 = CARTESIAN_POINT('',(2.393026590766,2.105,0.278923406481));
#5300 = DIRECTION('',(-0.,-1.,-0.));
#5301 = DIRECTION('',(0.,0.,-1.));
#5302 = DEFINITIONAL_REPRESENTATION('',(#5303),#5307);
#5303 = LINE('',#5304,#5305);
#5304 = CARTESIAN_POINT('',(-0.491076593519,-0.468026590766));
#5305 = VECTOR('',#5306,1.);
#5306 = DIRECTION('',(-0.,1.));
#5307 = ( GEOMETRIC_REPRESENTATION_CONTEXT(2) 
PARAMETRIC_REPRESENTATION_CONTEXT() REPRESENTATION_CONTEXT('2D SPACE',''
  ) );
#5308 = ORIENTED_EDGE('',*,*,#5309,.T.);
#5309 = EDGE_CURVE('',#5277,#5310,#5312,.T.);
#5310 = VERTEX_POINT('',#5311);
#5311 = CARTESIAN_POINT('',(2.1015,1.705,0.77));
#5312 = SURFACE_CURVE('',#5313,(#5317,#5324),.PCURVE_S1.);
#5313 = LINE('',#5314,#5315);
#5314 = CARTESIAN_POINT('',(2.1015,2.105,0.77));
#5315 = VECTOR('',#5316,1.);
#5316 = DIRECTION('',(-0.,-1.,-0.));
#5317 = PCURVE('',#5285,#5318);
#5318 = DEFINITIONAL_REPRESENTATION('',(#5319),#5323);
#5319 = LINE('',#5320,#5321);
#5320 = CARTESIAN_POINT('',(-0.1765,-0.2));
#5321 = VECTOR('',#5322,1.);
#5322 = DIRECTION('',(-0.,1.));
#5323 = ( GEOMETRIC_REPRESENTATION_CONTEXT(2) 
PARAMETRIC_REPRESENTATION_CONTEXT() REPRESENTATION_CONTEXT('2D SPACE',''
  ) );
#5324 = PCURVE('',#5325,#5330);
#5325 = PLANE('',#5326);
#5326 = AXIS2_PLACEMENT_3D('',#5327,#5328,#5329);
#5327 = CARTESIAN_POINT('',(2.1015,1.905,0.77));
#5328 = DIRECTION('',(0.916673306291,-0.,0.399637397567));
#5329 = DIRECTION('',(-0.399637397567,0.,0.916673306291));
#5330 = DEFINITIONAL_REPRESENTATION('',(#5331),#5335);
#5331 = LINE('',#5332,#5333);
#5332 = CARTESIAN_POINT('',(-0.,-0.2));
#5333 = VECTOR('',#5334,1.);
#5334 = DIRECTION('',(-0.,1.));
#5335 = ( GEOMETRIC_REPRESENTATION_CONTEXT(2) 
PARAMETRIC_REPRESENTATION_CONTEXT() REPRESENTATION_CONTEXT('2D SPACE',''
  ) );
#5336 = ORIENTED_EDGE('',*,*,#5337,.F.);
#5337 = EDGE_CURVE('',#5338,#5310,#5340,.T.);
#5338 = VERTEX_POINT('',#5339);
#5339 = CARTESIAN_POINT('',(1.925,1.705,0.77));
#5340 = SURFACE_CURVE('',#5341,(#5345,#5352),.PCURVE_S1.);
#5341 = LINE('',#5342,#5343);
#5342 = CARTESIAN_POINT('',(1.925,1.705,0.77));
#5343 = VECTOR('',#5344,1.);
#5344 = DIRECTION('',(1.,-0.,-0.));
#5345 = PCURVE('',#5285,#5346);
#5346 = DEFINITIONAL_REPRESENTATION('',(#5347),#5351);
#5347 = LINE('',#5348,#5349);
#5348 = CARTESIAN_POINT('',(-0.,0.2));
#5349 = VECTOR('',#5350,1.);
#5350 = DIRECTION('',(-1.,0.));
#5351 = ( GEOMETRIC_REPRESENTATION_CONTEXT(2) 
PARAMETRIC_REPRESENTATION_CONTEXT() REPRESENTATION_CONTEXT('2D SPACE',''
  ) );
#5352 = PCURVE('',#5353,#5358);
#5353 = PLANE('',#5354);
#5354 = AXIS2_PLACEMENT_3D('',#5355,#5356,#5357);
#5355 = CARTESIAN_POINT('',(2.393026590766,1.705,0.278923406481));
#5356 = DIRECTION('',(-0.,-1.,-0.));
#5357 = DIRECTION('',(0.,0.,-1.));
#5358 = DEFINITIONAL_REPRESENTATION('',(#5359),#5363);
#5359 = LINE('',#5360,#5361);
#5360 = CARTESIAN_POINT('',(-0.491076593519,-0.468026590766));
#5361 = VECTOR('',#5362,1.);
#5362 = DIRECTION('',(-0.,1.));
#5363 = ( GEOMETRIC_REPRESENTATION_CONTEXT(2) 
PARAMETRIC_REPRESENTATION_CONTEXT() REPRESENTATION_CONTEXT('2D SPACE',''
  ) );
#5364 = ORIENTED_EDGE('',*,*,#5365,.T.);
#5365 = EDGE_CURVE('',#5338,#5275,#5366,.T.);
#5366 = SURFACE_CURVE('',#5367,(#5371,#5378),.PCURVE_S1.);
#5367 = LINE('',#5368,#5369);
#5368 = CARTESIAN_POINT('',(1.925,1.705,0.77));
#5369 = VECTOR('',#5370,1.);
#5370 = DIRECTION('',(-0.,1.,-0.));
#5371 = PCURVE('',#5285,#5372);
#5372 = DEFINITIONAL_REPRESENTATION('',(#5373),#5377);
#5373 = LINE('',#5374,#5375);
#5374 = CARTESIAN_POINT('',(-0.,0.2));
#5375 = VECTOR('',#5376,1.);
#5376 = DIRECTION('',(-0.,-1.));
#5377 = ( GEOMETRIC_REPRESENTATION_CONTEXT(2) 
PARAMETRIC_REPRESENTATION_CONTEXT() REPRESENTATION_CONTEXT('2D SPACE',''
  ) );
#5378 = PCURVE('',#5379,#5384);
#5379 = PLANE('',#5380);
#5380 = AXIS2_PLACEMENT_3D('',#5381,#5382,#5383);
#5381 = CARTESIAN_POINT('',(1.925,1.905,0.57));
#5382 = DIRECTION('',(-1.,-0.,-0.));
#5383 = DIRECTION('',(0.,0.,-1.));
#5384 = DEFINITIONAL_REPRESENTATION('',(#5385),#5389);
#5385 = LINE('',#5386,#5387);
#5386 = CARTESIAN_POINT('',(-0.2,0.2));
#5387 = VECTOR('',#5388,1.);
#5388 = DIRECTION('',(-0.,-1.));
#5389 = ( GEOMETRIC_REPRESENTATION_CONTEXT(2) 
PARAMETRIC_REPRESENTATION_CONTEXT() REPRESENTATION_CONTEXT('2D SPACE',''
  ) );
#5390 = ADVANCED_FACE('',(#5391),#5379,.T.);
#5391 = FACE_BOUND('',#5392,.F.);
#5392 = EDGE_LOOP('',(#5393,#5416,#5417,#5440));
#5393 = ORIENTED_EDGE('',*,*,#5394,.T.);
#5394 = EDGE_CURVE('',#5395,#5275,#5397,.T.);
#5395 = VERTEX_POINT('',#5396);
#5396 = CARTESIAN_POINT('',(1.925,2.105,0.57));
#5397 = SURFACE_CURVE('',#5398,(#5402,#5409),.PCURVE_S1.);
#5398 = LINE('',#5399,#5400);
#5399 = CARTESIAN_POINT('',(1.925,2.105,0.57));
#5400 = VECTOR('',#5401,1.);
#5401 = DIRECTION('',(-0.,-0.,1.));
#5402 = PCURVE('',#5379,#5403);
#5403 = DEFINITIONAL_REPRESENTATION('',(#5404),#5408);
#5404 = LINE('',#5405,#5406);
#5405 = CARTESIAN_POINT('',(-0.,-0.2));
#5406 = VECTOR('',#5407,1.);
#5407 = DIRECTION('',(-1.,-0.));
#5408 = ( GEOMETRIC_REPRESENTATION_CONTEXT(2) 
PARAMETRIC_REPRESENTATION_CONTEXT() REPRESENTATION_CONTEXT('2D SPACE',''
  ) );
#5409 = PCURVE('',#5297,#5410);
#5410 = DEFINITIONAL_REPRESENTATION('',(#5411),#5415);
#5411 = LINE('',#5412,#5413);
#5412 = CARTESIAN_POINT('',(-0.291076593519,-0.468026590766));
#5413 = VECTOR('',#5414,1.);
#5414 = DIRECTION('',(-1.,0.));
#5415 = ( GEOMETRIC_REPRESENTATION_CONTEXT(2) 
PARAMETRIC_REPRESENTATION_CONTEXT() REPRESENTATION_CONTEXT('2D SPACE',''
  ) );
#5416 = ORIENTED_EDGE('',*,*,#5365,.F.);
#5417 = ORIENTED_EDGE('',*,*,#5418,.F.);
#5418 = EDGE_CURVE('',#5419,#5338,#5421,.T.);
#5419 = VERTEX_POINT('',#5420);
#5420 = CARTESIAN_POINT('',(1.925,1.705,0.57));
#5421 = SURFACE_CURVE('',#5422,(#5426,#5433),.PCURVE_S1.);
#5422 = LINE('',#5423,#5424);
#5423 = CARTESIAN_POINT('',(1.925,1.705,0.57));
#5424 = VECTOR('',#5425,1.);
#5425 = DIRECTION('',(-0.,-0.,1.));
#5426 = PCURVE('',#5379,#5427);
#5427 = DEFINITIONAL_REPRESENTATION('',(#5428),#5432);
#5428 = LINE('',#5429,#5430);
#5429 = CARTESIAN_POINT('',(-0.,0.2));
#5430 = VECTOR('',#5431,1.);
#5431 = DIRECTION('',(-1.,-0.));
#5432 = ( GEOMETRIC_REPRESENTATION_CONTEXT(2) 
PARAMETRIC_REPRESENTATION_CONTEXT() REPRESENTATION_CONTEXT('2D SPACE',''
  ) );
#5433 = PCURVE('',#5353,#5434);
#5434 = DEFINITIONAL_REPRESENTATION('',(#5435),#5439);
#5435 = LINE('',#5436,#5437);
#5436 = CARTESIAN_POINT('',(-0.291076593519,-0.468026590766));
#5437 = VECTOR('',#5438,1.);
#5438 = DIRECTION('',(-1.,0.));
#5439 = ( GEOMETRIC_REPRESENTATION_CONTEXT(2) 
PARAMETRIC_REPRESENTATION_CONTEXT() REPRESENTATION_CONTEXT('2D SPACE',''
  ) );
#5440 = ORIENTED_EDGE('',*,*,#5441,.T.);
#5441 = EDGE_CURVE('',#5419,#5395,#5442,.T.);
#5442 = SURFACE_CURVE('',#5443,(#5447,#5454),.PCURVE_S1.);
#5443 = LINE('',#5444,#5445);
#5444 = CARTESIAN_POINT('',(1.925,1.705,0.57));
#5445 = VECTOR('',#5446,1.);
#5446 = DIRECTION('',(-0.,1.,-0.));
#5447 = PCURVE('',#5379,#5448);
#5448 = DEFINITIONAL_REPRESENTATION('',(#5449),#5453);
#5449 = LINE('',#5450,#5451);
#5450 = CARTESIAN_POINT('',(-0.,0.2));
#5451 = VECTOR('',#5452,1.);
#5452 = DIRECTION('',(-0.,-1.));
#5453 = ( GEOMETRIC_REPRESENTATION_CONTEXT(2) 
PARAMETRIC_REPRESENTATION_CONTEXT() REPRESENTATION_CONTEXT('2D SPACE',''
  ) );
#5454 = PCURVE('',#5455,#5460);
#5455 = PLANE('',#5456);
#5456 = AXIS2_PLACEMENT_3D('',#5457,#5458,#5459);
#5457 = CARTESIAN_POINT('',(1.9615,1.905,0.57));
#5458 = DIRECTION('',(-0.,0.,-1.));
#5459 = DIRECTION('',(1.,0.,0.));
#5460 = DEFINITIONAL_REPRESENTATION('',(#5461),#5465);
#5461 = LINE('',#5462,#5463);
#5462 = CARTESIAN_POINT('',(-3.65E-02,0.2));
#5463 = VECTOR('',#5464,1.);
#5464 = DIRECTION('',(-0.,-1.));
#5465 = ( GEOMETRIC_REPRESENTATION_CONTEXT(2) 
PARAMETRIC_REPRESENTATION_CONTEXT() REPRESENTATION_CONTEXT('2D SPACE',''
  ) );
#5466 = ADVANCED_FACE('',(#5467),#5455,.T.);
#5467 = FACE_BOUND('',#5468,.F.);
#5468 = EDGE_LOOP('',(#5469,#5492,#5493,#5516));
#5469 = ORIENTED_EDGE('',*,*,#5470,.T.);
#5470 = EDGE_CURVE('',#5471,#5395,#5473,.T.);
#5471 = VERTEX_POINT('',#5472);
#5472 = CARTESIAN_POINT('',(1.9615,2.105,0.57));
#5473 = SURFACE_CURVE('',#5474,(#5478,#5485),.PCURVE_S1.);
#5474 = LINE('',#5475,#5476);
#5475 = CARTESIAN_POINT('',(1.9615,2.105,0.57));
#5476 = VECTOR('',#5477,1.);
#5477 = DIRECTION('',(-1.,-0.,-0.));
#5478 = PCURVE('',#5455,#5479);
#5479 = DEFINITIONAL_REPRESENTATION('',(#5480),#5484);
#5480 = LINE('',#5481,#5482);
#5481 = CARTESIAN_POINT('',(-0.,-0.2));
#5482 = VECTOR('',#5483,1.);
#5483 = DIRECTION('',(-1.,0.));
#5484 = ( GEOMETRIC_REPRESENTATION_CONTEXT(2) 
PARAMETRIC_REPRESENTATION_CONTEXT() REPRESENTATION_CONTEXT('2D SPACE',''
  ) );
#5485 = PCURVE('',#5297,#5486);
#5486 = DEFINITIONAL_REPRESENTATION('',(#5487),#5491);
#5487 = LINE('',#5488,#5489);
#5488 = CARTESIAN_POINT('',(-0.291076593519,-0.431526590766));
#5489 = VECTOR('',#5490,1.);
#5490 = DIRECTION('',(-0.,-1.));
#5491 = ( GEOMETRIC_REPRESENTATION_CONTEXT(2) 
PARAMETRIC_REPRESENTATION_CONTEXT() REPRESENTATION_CONTEXT('2D SPACE',''
  ) );
#5492 = ORIENTED_EDGE('',*,*,#5441,.F.);
#5493 = ORIENTED_EDGE('',*,*,#5494,.F.);
#5494 = EDGE_CURVE('',#5495,#5419,#5497,.T.);
#5495 = VERTEX_POINT('',#5496);
#5496 = CARTESIAN_POINT('',(1.9615,1.705,0.57));
#5497 = SURFACE_CURVE('',#5498,(#5502,#5509),.PCURVE_S1.);
#5498 = LINE('',#5499,#5500);
#5499 = CARTESIAN_POINT('',(1.9615,1.705,0.57));
#5500 = VECTOR('',#5501,1.);
#5501 = DIRECTION('',(-1.,-0.,-0.));
#5502 = PCURVE('',#5455,#5503);
#5503 = DEFINITIONAL_REPRESENTATION('',(#5504),#5508);
#5504 = LINE('',#5505,#5506);
#5505 = CARTESIAN_POINT('',(-0.,0.2));
#5506 = VECTOR('',#5507,1.);
#5507 = DIRECTION('',(-1.,0.));
#5508 = ( GEOMETRIC_REPRESENTATION_CONTEXT(2) 
PARAMETRIC_REPRESENTATION_CONTEXT() REPRESENTATION_CONTEXT('2D SPACE',''
  ) );
#5509 = PCURVE('',#5353,#5510);
#5510 = DEFINITIONAL_REPRESENTATION('',(#5511),#5515);
#5511 = LINE('',#5512,#5513);
#5512 = CARTESIAN_POINT('',(-0.291076593519,-0.431526590766));
#5513 = VECTOR('',#5514,1.);
#5514 = DIRECTION('',(-0.,-1.));
#5515 = ( GEOMETRIC_REPRESENTATION_CONTEXT(2) 
PARAMETRIC_REPRESENTATION_CONTEXT() REPRESENTATION_CONTEXT('2D SPACE',''
  ) );
#5516 = ORIENTED_EDGE('',*,*,#5517,.T.);
#5517 = EDGE_CURVE('',#5495,#5471,#5518,.T.);
#5518 = SURFACE_CURVE('',#5519,(#5523,#5530),.PCURVE_S1.);
#5519 = LINE('',#5520,#5521);
#5520 = CARTESIAN_POINT('',(1.9615,1.705,0.57));
#5521 = VECTOR('',#5522,1.);
#5522 = DIRECTION('',(-0.,1.,-0.));
#5523 = PCURVE('',#5455,#5524);
#5524 = DEFINITIONAL_REPRESENTATION('',(#5525),#5529);
#5525 = LINE('',#5526,#5527);
#5526 = CARTESIAN_POINT('',(-0.,0.2));
#5527 = VECTOR('',#5528,1.);
#5528 = DIRECTION('',(-0.,-1.));
#5529 = ( GEOMETRIC_REPRESENTATION_CONTEXT(2) 
PARAMETRIC_REPRESENTATION_CONTEXT() REPRESENTATION_CONTEXT('2D SPACE',''
  ) );
#5530 = PCURVE('',#5531,#5536);
#5531 = PLANE('',#5532);
#5532 = AXIS2_PLACEMENT_3D('',#5533,#5534,#5535);
#5533 = CARTESIAN_POINT('',(2.21,1.905,0.));
#5534 = DIRECTION('',(-0.916673306291,0.,-0.399637397567));
#5535 = DIRECTION('',(0.399637397567,0.,-0.916673306291));
#5536 = DEFINITIONAL_REPRESENTATION('',(#5537),#5541);
#5537 = LINE('',#5538,#5539);
#5538 = CARTESIAN_POINT('',(-0.621813677881,0.2));
#5539 = VECTOR('',#5540,1.);
#5540 = DIRECTION('',(-0.,-1.));
#5541 = ( GEOMETRIC_REPRESENTATION_CONTEXT(2) 
PARAMETRIC_REPRESENTATION_CONTEXT() REPRESENTATION_CONTEXT('2D SPACE',''
  ) );
#5542 = ADVANCED_FACE('',(#5543),#5531,.T.);
#5543 = FACE_BOUND('',#5544,.F.);
#5544 = EDGE_LOOP('',(#5545,#5575,#5596,#5597));
#5545 = ORIENTED_EDGE('',*,*,#5546,.F.);
#5546 = EDGE_CURVE('',#5547,#5549,#5551,.T.);
#5547 = VERTEX_POINT('',#5548);
#5548 = CARTESIAN_POINT('',(2.21,2.105,0.));
#5549 = VERTEX_POINT('',#5550);
#5550 = CARTESIAN_POINT('',(2.21,1.705,0.));
#5551 = SURFACE_CURVE('',#5552,(#5556,#5563),.PCURVE_S1.);
#5552 = LINE('',#5553,#5554);
#5553 = CARTESIAN_POINT('',(2.21,2.105,0.));
#5554 = VECTOR('',#5555,1.);
#5555 = DIRECTION('',(-0.,-1.,-0.));
#5556 = PCURVE('',#5531,#5557);
#5557 = DEFINITIONAL_REPRESENTATION('',(#5558),#5562);
#5558 = LINE('',#5559,#5560);
#5559 = CARTESIAN_POINT('',(-0.,-0.2));
#5560 = VECTOR('',#5561,1.);
#5561 = DIRECTION('',(-0.,1.));
#5562 = ( GEOMETRIC_REPRESENTATION_CONTEXT(2) 
PARAMETRIC_REPRESENTATION_CONTEXT() REPRESENTATION_CONTEXT('2D SPACE',''
  ) );
#5563 = PCURVE('',#5564,#5569);
#5564 = PLANE('',#5565);
#5565 = AXIS2_PLACEMENT_3D('',#5566,#5567,#5568);
#5566 = CARTESIAN_POINT('',(3.,1.905,0.));
#5567 = DIRECTION('',(-0.,0.,-1.));
#5568 = DIRECTION('',(1.,0.,0.));
#5569 = DEFINITIONAL_REPRESENTATION('',(#5570),#5574);
#5570 = LINE('',#5571,#5572);
#5571 = CARTESIAN_POINT('',(-0.79,-0.2));
#5572 = VECTOR('',#5573,1.);
#5573 = DIRECTION('',(-0.,1.));
#5574 = ( GEOMETRIC_REPRESENTATION_CONTEXT(2) 
PARAMETRIC_REPRESENTATION_CONTEXT() REPRESENTATION_CONTEXT('2D SPACE',''
  ) );
#5575 = ORIENTED_EDGE('',*,*,#5576,.T.);
#5576 = EDGE_CURVE('',#5547,#5471,#5577,.T.);
#5577 = SURFACE_CURVE('',#5578,(#5582,#5589),.PCURVE_S1.);
#5578 = LINE('',#5579,#5580);
#5579 = CARTESIAN_POINT('',(2.21,2.105,0.));
#5580 = VECTOR('',#5581,1.);
#5581 = DIRECTION('',(-0.399637397567,-0.,0.916673306291));
#5582 = PCURVE('',#5531,#5583);
#5583 = DEFINITIONAL_REPRESENTATION('',(#5584),#5588);
#5584 = LINE('',#5585,#5586);
#5585 = CARTESIAN_POINT('',(-0.,-0.2));
#5586 = VECTOR('',#5587,1.);
#5587 = DIRECTION('',(-1.,0.));
#5588 = ( GEOMETRIC_REPRESENTATION_CONTEXT(2) 
PARAMETRIC_REPRESENTATION_CONTEXT() REPRESENTATION_CONTEXT('2D SPACE',''
  ) );
#5589 = PCURVE('',#5297,#5590);
#5590 = DEFINITIONAL_REPRESENTATION('',(#5591),#5595);
#5591 = LINE('',#5592,#5593);
#5592 = CARTESIAN_POINT('',(0.278923406481,-0.183026590766));
#5593 = VECTOR('',#5594,1.);
#5594 = DIRECTION('',(-0.916673306291,-0.399637397567));
#5595 = ( GEOMETRIC_REPRESENTATION_CONTEXT(2) 
PARAMETRIC_REPRESENTATION_CONTEXT() REPRESENTATION_CONTEXT('2D SPACE',''
  ) );
#5596 = ORIENTED_EDGE('',*,*,#5517,.F.);
#5597 = ORIENTED_EDGE('',*,*,#5598,.F.);
#5598 = EDGE_CURVE('',#5549,#5495,#5599,.T.);
#5599 = SURFACE_CURVE('',#5600,(#5604,#5611),.PCURVE_S1.);
#5600 = LINE('',#5601,#5602);
#5601 = CARTESIAN_POINT('',(2.21,1.705,0.));
#5602 = VECTOR('',#5603,1.);
#5603 = DIRECTION('',(-0.399637397567,-0.,0.916673306291));
#5604 = PCURVE('',#5531,#5605);
#5605 = DEFINITIONAL_REPRESENTATION('',(#5606),#5610);
#5606 = LINE('',#5607,#5608);
#5607 = CARTESIAN_POINT('',(-0.,0.2));
#5608 = VECTOR('',#5609,1.);
#5609 = DIRECTION('',(-1.,0.));
#5610 = ( GEOMETRIC_REPRESENTATION_CONTEXT(2) 
PARAMETRIC_REPRESENTATION_CONTEXT() REPRESENTATION_CONTEXT('2D SPACE',''
  ) );
#5611 = PCURVE('',#5353,#5612);
#5612 = DEFINITIONAL_REPRESENTATION('',(#5613),#5617);
#5613 = LINE('',#5614,#5615);
#5614 = CARTESIAN_POINT('',(0.278923406481,-0.183026590766));
#5615 = VECTOR('',#5616,1.);
#5616 = DIRECTION('',(-0.916673306291,-0.399637397567));
#5617 = ( GEOMETRIC_REPRESENTATION_CONTEXT(2) 
PARAMETRIC_REPRESENTATION_CONTEXT() REPRESENTATION_CONTEXT('2D SPACE',''
  ) );
#5618 = ADVANCED_FACE('',(#5619),#5564,.T.);
#5619 = FACE_BOUND('',#5620,.F.);
#5620 = EDGE_LOOP('',(#5621,#5651,#5672,#5673));
#5621 = ORIENTED_EDGE('',*,*,#5622,.F.);
#5622 = EDGE_CURVE('',#5623,#5625,#5627,.T.);
#5623 = VERTEX_POINT('',#5624);
#5624 = CARTESIAN_POINT('',(3.,2.105,0.));
#5625 = VERTEX_POINT('',#5626);
#5626 = CARTESIAN_POINT('',(3.,1.705,0.));
#5627 = SURFACE_CURVE('',#5628,(#5632,#5639),.PCURVE_S1.);
#5628 = LINE('',#5629,#5630);
#5629 = CARTESIAN_POINT('',(3.,2.105,0.));
#5630 = VECTOR('',#5631,1.);
#5631 = DIRECTION('',(-0.,-1.,-0.));
#5632 = PCURVE('',#5564,#5633);
#5633 = DEFINITIONAL_REPRESENTATION('',(#5634),#5638);
#5634 = LINE('',#5635,#5636);
#5635 = CARTESIAN_POINT('',(-0.,-0.2));
#5636 = VECTOR('',#5637,1.);
#5637 = DIRECTION('',(-0.,1.));
#5638 = ( GEOMETRIC_REPRESENTATION_CONTEXT(2) 
PARAMETRIC_REPRESENTATION_CONTEXT() REPRESENTATION_CONTEXT('2D SPACE',''
  ) );
#5639 = PCURVE('',#5640,#5645);
#5640 = PLANE('',#5641);
#5641 = AXIS2_PLACEMENT_3D('',#5642,#5643,#5644);
#5642 = CARTESIAN_POINT('',(3.,1.905,0.2));
#5643 = DIRECTION('',(1.,-0.,-0.));
#5644 = DIRECTION('',(0.,0.,1.));
#5645 = DEFINITIONAL_REPRESENTATION('',(#5646),#5650);
#5646 = LINE('',#5647,#5648);
#5647 = CARTESIAN_POINT('',(-0.2,-0.2));
#5648 = VECTOR('',#5649,1.);
#5649 = DIRECTION('',(-0.,1.));
#5650 = ( GEOMETRIC_REPRESENTATION_CONTEXT(2) 
PARAMETRIC_REPRESENTATION_CONTEXT() REPRESENTATION_CONTEXT('2D SPACE',''
  ) );
#5651 = ORIENTED_EDGE('',*,*,#5652,.T.);
#5652 = EDGE_CURVE('',#5623,#5547,#5653,.T.);
#5653 = SURFACE_CURVE('',#5654,(#5658,#5665),.PCURVE_S1.);
#5654 = LINE('',#5655,#5656);
#5655 = CARTESIAN_POINT('',(3.,2.105,0.));
#5656 = VECTOR('',#5657,1.);
#5657 = DIRECTION('',(-1.,-0.,-0.));
#5658 = PCURVE('',#5564,#5659);
#5659 = DEFINITIONAL_REPRESENTATION('',(#5660),#5664);
#5660 = LINE('',#5661,#5662);
#5661 = CARTESIAN_POINT('',(-0.,-0.2));
#5662 = VECTOR('',#5663,1.);
#5663 = DIRECTION('',(-1.,0.));
#5664 = ( GEOMETRIC_REPRESENTATION_CONTEXT(2) 
PARAMETRIC_REPRESENTATION_CONTEXT() REPRESENTATION_CONTEXT('2D SPACE',''
  ) );
#5665 = PCURVE('',#5297,#5666);
#5666 = DEFINITIONAL_REPRESENTATION('',(#5667),#5671);
#5667 = LINE('',#5668,#5669);
#5668 = CARTESIAN_POINT('',(0.278923406481,0.606973409234));
#5669 = VECTOR('',#5670,1.);
#5670 = DIRECTION('',(-0.,-1.));
#5671 = ( GEOMETRIC_REPRESENTATION_CONTEXT(2) 
PARAMETRIC_REPRESENTATION_CONTEXT() REPRESENTATION_CONTEXT('2D SPACE',''
  ) );
#5672 = ORIENTED_EDGE('',*,*,#5546,.T.);
#5673 = ORIENTED_EDGE('',*,*,#5674,.F.);
#5674 = EDGE_CURVE('',#5625,#5549,#5675,.T.);
#5675 = SURFACE_CURVE('',#5676,(#5680,#5687),.PCURVE_S1.);
#5676 = LINE('',#5677,#5678);
#5677 = CARTESIAN_POINT('',(3.,1.705,0.));
#5678 = VECTOR('',#5679,1.);
#5679 = DIRECTION('',(-1.,-0.,-0.));
#5680 = PCURVE('',#5564,#5681);
#5681 = DEFINITIONAL_REPRESENTATION('',(#5682),#5686);
#5682 = LINE('',#5683,#5684);
#5683 = CARTESIAN_POINT('',(-0.,0.2));
#5684 = VECTOR('',#5685,1.);
#5685 = DIRECTION('',(-1.,0.));
#5686 = ( GEOMETRIC_REPRESENTATION_CONTEXT(2) 
PARAMETRIC_REPRESENTATION_CONTEXT() REPRESENTATION_CONTEXT('2D SPACE',''
  ) );
#5687 = PCURVE('',#5353,#5688);
#5688 = DEFINITIONAL_REPRESENTATION('',(#5689),#5693);
#5689 = LINE('',#5690,#5691);
#5690 = CARTESIAN_POINT('',(0.278923406481,0.606973409234));
#5691 = VECTOR('',#5692,1.);
#5692 = DIRECTION('',(-0.,-1.));
#5693 = ( GEOMETRIC_REPRESENTATION_CONTEXT(2) 
PARAMETRIC_REPRESENTATION_CONTEXT() REPRESENTATION_CONTEXT('2D SPACE',''
  ) );
#5694 = ADVANCED_FACE('',(#5695),#5640,.T.);
#5695 = FACE_BOUND('',#5696,.F.);
#5696 = EDGE_LOOP('',(#5697,#5727,#5748,#5749));
#5697 = ORIENTED_EDGE('',*,*,#5698,.F.);
#5698 = EDGE_CURVE('',#5699,#5701,#5703,.T.);
#5699 = VERTEX_POINT('',#5700);
#5700 = CARTESIAN_POINT('',(3.,2.105,0.2));
#5701 = VERTEX_POINT('',#5702);
#5702 = CARTESIAN_POINT('',(3.,1.705,0.2));
#5703 = SURFACE_CURVE('',#5704,(#5708,#5715),.PCURVE_S1.);
#5704 = LINE('',#5705,#5706);
#5705 = CARTESIAN_POINT('',(3.,2.105,0.2));
#5706 = VECTOR('',#5707,1.);
#5707 = DIRECTION('',(-0.,-1.,-0.));
#5708 = PCURVE('',#5640,#5709);
#5709 = DEFINITIONAL_REPRESENTATION('',(#5710),#5714);
#5710 = LINE('',#5711,#5712);
#5711 = CARTESIAN_POINT('',(-0.,-0.2));
#5712 = VECTOR('',#5713,1.);
#5713 = DIRECTION('',(-0.,1.));
#5714 = ( GEOMETRIC_REPRESENTATION_CONTEXT(2) 
PARAMETRIC_REPRESENTATION_CONTEXT() REPRESENTATION_CONTEXT('2D SPACE',''
  ) );
#5715 = PCURVE('',#5716,#5721);
#5716 = PLANE('',#5717);
#5717 = AXIS2_PLACEMENT_3D('',#5718,#5719,#5720);
#5718 = CARTESIAN_POINT('',(2.35,1.905,0.2));
#5719 = DIRECTION('',(-0.,-0.,1.));
#5720 = DIRECTION('',(-1.,0.,0.));
#5721 = DEFINITIONAL_REPRESENTATION('',(#5722),#5726);
#5722 = LINE('',#5723,#5724);
#5723 = CARTESIAN_POINT('',(-0.65,-0.2));
#5724 = VECTOR('',#5725,1.);
#5725 = DIRECTION('',(-0.,1.));
#5726 = ( GEOMETRIC_REPRESENTATION_CONTEXT(2) 
PARAMETRIC_REPRESENTATION_CONTEXT() REPRESENTATION_CONTEXT('2D SPACE',''
  ) );
#5727 = ORIENTED_EDGE('',*,*,#5728,.T.);
#5728 = EDGE_CURVE('',#5699,#5623,#5729,.T.);
#5729 = SURFACE_CURVE('',#5730,(#5734,#5741),.PCURVE_S1.);
#5730 = LINE('',#5731,#5732);
#5731 = CARTESIAN_POINT('',(3.,2.105,0.2));
#5732 = VECTOR('',#5733,1.);
#5733 = DIRECTION('',(-0.,-0.,-1.));
#5734 = PCURVE('',#5640,#5735);
#5735 = DEFINITIONAL_REPRESENTATION('',(#5736),#5740);
#5736 = LINE('',#5737,#5738);
#5737 = CARTESIAN_POINT('',(-0.,-0.2));
#5738 = VECTOR('',#5739,1.);
#5739 = DIRECTION('',(-1.,0.));
#5740 = ( GEOMETRIC_REPRESENTATION_CONTEXT(2) 
PARAMETRIC_REPRESENTATION_CONTEXT() REPRESENTATION_CONTEXT('2D SPACE',''
  ) );
#5741 = PCURVE('',#5297,#5742);
#5742 = DEFINITIONAL_REPRESENTATION('',(#5743),#5747);
#5743 = LINE('',#5744,#5745);
#5744 = CARTESIAN_POINT('',(7.892340648124E-02,0.606973409234));
#5745 = VECTOR('',#5746,1.);
#5746 = DIRECTION('',(1.,-0.));
#5747 = ( GEOMETRIC_REPRESENTATION_CONTEXT(2) 
PARAMETRIC_REPRESENTATION_CONTEXT() REPRESENTATION_CONTEXT('2D SPACE',''
  ) );
#5748 = ORIENTED_EDGE('',*,*,#5622,.T.);
#5749 = ORIENTED_EDGE('',*,*,#5750,.F.);
#5750 = EDGE_CURVE('',#5701,#5625,#5751,.T.);
#5751 = SURFACE_CURVE('',#5752,(#5756,#5763),.PCURVE_S1.);
#5752 = LINE('',#5753,#5754);
#5753 = CARTESIAN_POINT('',(3.,1.705,0.2));
#5754 = VECTOR('',#5755,1.);
#5755 = DIRECTION('',(-0.,-0.,-1.));
#5756 = PCURVE('',#5640,#5757);
#5757 = DEFINITIONAL_REPRESENTATION('',(#5758),#5762);
#5758 = LINE('',#5759,#5760);
#5759 = CARTESIAN_POINT('',(-0.,0.2));
#5760 = VECTOR('',#5761,1.);
#5761 = DIRECTION('',(-1.,0.));
#5762 = ( GEOMETRIC_REPRESENTATION_CONTEXT(2) 
PARAMETRIC_REPRESENTATION_CONTEXT() REPRESENTATION_CONTEXT('2D SPACE',''
  ) );
#5763 = PCURVE('',#5353,#5764);
#5764 = DEFINITIONAL_REPRESENTATION('',(#5765),#5769);
#5765 = LINE('',#5766,#5767);
#5766 = CARTESIAN_POINT('',(7.892340648124E-02,0.606973409234));
#5767 = VECTOR('',#5768,1.);
#5768 = DIRECTION('',(1.,-0.));
#5769 = ( GEOMETRIC_REPRESENTATION_CONTEXT(2) 
PARAMETRIC_REPRESENTATION_CONTEXT() REPRESENTATION_CONTEXT('2D SPACE',''
  ) );
#5770 = ADVANCED_FACE('',(#5771),#5716,.T.);
#5771 = FACE_BOUND('',#5772,.F.);
#5772 = EDGE_LOOP('',(#5773,#5798,#5819,#5820));
#5773 = ORIENTED_EDGE('',*,*,#5774,.F.);
#5774 = EDGE_CURVE('',#5775,#5777,#5779,.T.);
#5775 = VERTEX_POINT('',#5776);
#5776 = CARTESIAN_POINT('',(2.35,2.105,0.2));
#5777 = VERTEX_POINT('',#5778);
#5778 = CARTESIAN_POINT('',(2.35,1.705,0.2));
#5779 = SURFACE_CURVE('',#5780,(#5784,#5791),.PCURVE_S1.);
#5780 = LINE('',#5781,#5782);
#5781 = CARTESIAN_POINT('',(2.35,2.105,0.2));
#5782 = VECTOR('',#5783,1.);
#5783 = DIRECTION('',(-0.,-1.,-0.));
#5784 = PCURVE('',#5716,#5785);
#5785 = DEFINITIONAL_REPRESENTATION('',(#5786),#5790);
#5786 = LINE('',#5787,#5788);
#5787 = CARTESIAN_POINT('',(-0.,-0.2));
#5788 = VECTOR('',#5789,1.);
#5789 = DIRECTION('',(-0.,1.));
#5790 = ( GEOMETRIC_REPRESENTATION_CONTEXT(2) 
PARAMETRIC_REPRESENTATION_CONTEXT() REPRESENTATION_CONTEXT('2D SPACE',''
  ) );
#5791 = PCURVE('',#5325,#5792);
#5792 = DEFINITIONAL_REPRESENTATION('',(#5793),#5797);
#5793 = LINE('',#5794,#5795);
#5794 = CARTESIAN_POINT('',(-0.621813677881,-0.2));
#5795 = VECTOR('',#5796,1.);
#5796 = DIRECTION('',(-0.,1.));
#5797 = ( GEOMETRIC_REPRESENTATION_CONTEXT(2) 
PARAMETRIC_REPRESENTATION_CONTEXT() REPRESENTATION_CONTEXT('2D SPACE',''
  ) );
#5798 = ORIENTED_EDGE('',*,*,#5799,.T.);
#5799 = EDGE_CURVE('',#5775,#5699,#5800,.T.);
#5800 = SURFACE_CURVE('',#5801,(#5805,#5812),.PCURVE_S1.);
#5801 = LINE('',#5802,#5803);
#5802 = CARTESIAN_POINT('',(2.35,2.105,0.2));
#5803 = VECTOR('',#5804,1.);
#5804 = DIRECTION('',(1.,-0.,-0.));
#5805 = PCURVE('',#5716,#5806);
#5806 = DEFINITIONAL_REPRESENTATION('',(#5807),#5811);
#5807 = LINE('',#5808,#5809);
#5808 = CARTESIAN_POINT('',(-0.,-0.2));
#5809 = VECTOR('',#5810,1.);
#5810 = DIRECTION('',(-1.,0.));
#5811 = ( GEOMETRIC_REPRESENTATION_CONTEXT(2) 
PARAMETRIC_REPRESENTATION_CONTEXT() REPRESENTATION_CONTEXT('2D SPACE',''
  ) );
#5812 = PCURVE('',#5297,#5813);
#5813 = DEFINITIONAL_REPRESENTATION('',(#5814),#5818);
#5814 = LINE('',#5815,#5816);
#5815 = CARTESIAN_POINT('',(7.892340648124E-02,-4.302659076564E-02));
#5816 = VECTOR('',#5817,1.);
#5817 = DIRECTION('',(-0.,1.));
#5818 = ( GEOMETRIC_REPRESENTATION_CONTEXT(2) 
PARAMETRIC_REPRESENTATION_CONTEXT() REPRESENTATION_CONTEXT('2D SPACE',''
  ) );
#5819 = ORIENTED_EDGE('',*,*,#5698,.T.);
#5820 = ORIENTED_EDGE('',*,*,#5821,.F.);
#5821 = EDGE_CURVE('',#5777,#5701,#5822,.T.);
#5822 = SURFACE_CURVE('',#5823,(#5827,#5834),.PCURVE_S1.);
#5823 = LINE('',#5824,#5825);
#5824 = CARTESIAN_POINT('',(2.35,1.705,0.2));
#5825 = VECTOR('',#5826,1.);
#5826 = DIRECTION('',(1.,-0.,-0.));
#5827 = PCURVE('',#5716,#5828);
#5828 = DEFINITIONAL_REPRESENTATION('',(#5829),#5833);
#5829 = LINE('',#5830,#5831);
#5830 = CARTESIAN_POINT('',(-0.,0.2));
#5831 = VECTOR('',#5832,1.);
#5832 = DIRECTION('',(-1.,0.));
#5833 = ( GEOMETRIC_REPRESENTATION_CONTEXT(2) 
PARAMETRIC_REPRESENTATION_CONTEXT() REPRESENTATION_CONTEXT('2D SPACE',''
  ) );
#5834 = PCURVE('',#5353,#5835);
#5835 = DEFINITIONAL_REPRESENTATION('',(#5836),#5840);
#5836 = LINE('',#5837,#5838);
#5837 = CARTESIAN_POINT('',(7.892340648124E-02,-4.302659076564E-02));
#5838 = VECTOR('',#5839,1.);
#5839 = DIRECTION('',(-0.,1.));
#5840 = ( GEOMETRIC_REPRESENTATION_CONTEXT(2) 
PARAMETRIC_REPRESENTATION_CONTEXT() REPRESENTATION_CONTEXT('2D SPACE',''
  ) );
#5841 = ADVANCED_FACE('',(#5842),#5353,.T.);
#5842 = FACE_BOUND('',#5843,.F.);
#5843 = EDGE_LOOP('',(#5844,#5845,#5866,#5867,#5868,#5869,#5870,#5871));
#5844 = ORIENTED_EDGE('',*,*,#5337,.T.);
#5845 = ORIENTED_EDGE('',*,*,#5846,.T.);
#5846 = EDGE_CURVE('',#5310,#5777,#5847,.T.);
#5847 = SURFACE_CURVE('',#5848,(#5852,#5859),.PCURVE_S1.);
#5848 = LINE('',#5849,#5850);
#5849 = CARTESIAN_POINT('',(2.1015,1.705,0.77));
#5850 = VECTOR('',#5851,1.);
#5851 = DIRECTION('',(0.399637397567,-0.,-0.916673306291));
#5852 = PCURVE('',#5353,#5853);
#5853 = DEFINITIONAL_REPRESENTATION('',(#5854),#5858);
#5854 = LINE('',#5855,#5856);
#5855 = CARTESIAN_POINT('',(-0.491076593519,-0.291526590766));
#5856 = VECTOR('',#5857,1.);
#5857 = DIRECTION('',(0.916673306291,0.399637397567));
#5858 = ( GEOMETRIC_REPRESENTATION_CONTEXT(2) 
PARAMETRIC_REPRESENTATION_CONTEXT() REPRESENTATION_CONTEXT('2D SPACE',''
  ) );
#5859 = PCURVE('',#5325,#5860);
#5860 = DEFINITIONAL_REPRESENTATION('',(#5861),#5865);
#5861 = LINE('',#5862,#5863);
#5862 = CARTESIAN_POINT('',(-0.,0.2));
#5863 = VECTOR('',#5864,1.);
#5864 = DIRECTION('',(-1.,0.));
#5865 = ( GEOMETRIC_REPRESENTATION_CONTEXT(2) 
PARAMETRIC_REPRESENTATION_CONTEXT() REPRESENTATION_CONTEXT('2D SPACE',''
  ) );
#5866 = ORIENTED_EDGE('',*,*,#5821,.T.);
#5867 = ORIENTED_EDGE('',*,*,#5750,.T.);
#5868 = ORIENTED_EDGE('',*,*,#5674,.T.);
#5869 = ORIENTED_EDGE('',*,*,#5598,.T.);
#5870 = ORIENTED_EDGE('',*,*,#5494,.T.);
#5871 = ORIENTED_EDGE('',*,*,#5418,.T.);
#5872 = ADVANCED_FACE('',(#5873),#5325,.T.);
#5873 = FACE_BOUND('',#5874,.F.);
#5874 = EDGE_LOOP('',(#5875,#5876,#5897,#5898));
#5875 = ORIENTED_EDGE('',*,*,#5309,.F.);
#5876 = ORIENTED_EDGE('',*,*,#5877,.T.);
#5877 = EDGE_CURVE('',#5277,#5775,#5878,.T.);
#5878 = SURFACE_CURVE('',#5879,(#5883,#5890),.PCURVE_S1.);
#5879 = LINE('',#5880,#5881);
#5880 = CARTESIAN_POINT('',(2.1015,2.105,0.77));
#5881 = VECTOR('',#5882,1.);
#5882 = DIRECTION('',(0.399637397567,-0.,-0.916673306291));
#5883 = PCURVE('',#5325,#5884);
#5884 = DEFINITIONAL_REPRESENTATION('',(#5885),#5889);
#5885 = LINE('',#5886,#5887);
#5886 = CARTESIAN_POINT('',(-0.,-0.2));
#5887 = VECTOR('',#5888,1.);
#5888 = DIRECTION('',(-1.,0.));
#5889 = ( GEOMETRIC_REPRESENTATION_CONTEXT(2) 
PARAMETRIC_REPRESENTATION_CONTEXT() REPRESENTATION_CONTEXT('2D SPACE',''
  ) );
#5890 = PCURVE('',#5297,#5891);
#5891 = DEFINITIONAL_REPRESENTATION('',(#5892),#5896);
#5892 = LINE('',#5893,#5894);
#5893 = CARTESIAN_POINT('',(-0.491076593519,-0.291526590766));
#5894 = VECTOR('',#5895,1.);
#5895 = DIRECTION('',(0.916673306291,0.399637397567));
#5896 = ( GEOMETRIC_REPRESENTATION_CONTEXT(2) 
PARAMETRIC_REPRESENTATION_CONTEXT() REPRESENTATION_CONTEXT('2D SPACE',''
  ) );
#5897 = ORIENTED_EDGE('',*,*,#5774,.T.);
#5898 = ORIENTED_EDGE('',*,*,#5846,.F.);
#5899 = ADVANCED_FACE('',(#5900),#5297,.F.);
#5900 = FACE_BOUND('',#5901,.T.);
#5901 = EDGE_LOOP('',(#5902,#5903,#5904,#5905,#5906,#5907,#5908,#5909));
#5902 = ORIENTED_EDGE('',*,*,#5274,.T.);
#5903 = ORIENTED_EDGE('',*,*,#5877,.T.);
#5904 = ORIENTED_EDGE('',*,*,#5799,.T.);
#5905 = ORIENTED_EDGE('',*,*,#5728,.T.);
#5906 = ORIENTED_EDGE('',*,*,#5652,.T.);
#5907 = ORIENTED_EDGE('',*,*,#5576,.T.);
#5908 = ORIENTED_EDGE('',*,*,#5470,.T.);
#5909 = ORIENTED_EDGE('',*,*,#5394,.T.);
#5910 = ( GEOMETRIC_REPRESENTATION_CONTEXT(3) 
GLOBAL_UNCERTAINTY_ASSIGNED_CONTEXT((#5914)) 
GLOBAL_UNIT_ASSIGNED_CONTEXT((#5911,#5912,#5913)) REPRESENTATION_CONTEXT
('Context #1','3D Context with UNIT and UNCERTAINTY') );
#5911 = ( LENGTH_UNIT() NAMED_UNIT(*) SI_UNIT(.MILLI.,.METRE.) );
#5912 = ( NAMED_UNIT(*) PLANE_ANGLE_UNIT() SI_UNIT($,.RADIAN.) );
#5913 = ( NAMED_UNIT(*) SI_UNIT($,.STERADIAN.) SOLID_ANGLE_UNIT() );
#5914 = UNCERTAINTY_MEASURE_WITH_UNIT(LENGTH_MEASURE(1.E-07),#5911,
  'distance_accuracy_value','confusion accuracy');
#5915 = CONTEXT_DEPENDENT_SHAPE_REPRESENTATION(#5916,#5918);
#5916 = ( REPRESENTATION_RELATIONSHIP('','',#5267,#10) 
REPRESENTATION_RELATIONSHIP_WITH_TRANSFORMATION(#5917) 
SHAPE_REPRESENTATION_RELATIONSHIP() );
#5917 = ITEM_DEFINED_TRANSFORMATION('','',#11,#51);
#5918 = PRODUCT_DEFINITION_SHAPE('Placement','Placement of an item',
  #5919);
#5919 = NEXT_ASSEMBLY_USAGE_OCCURRENCE('23','pin8','',#5,#5262,$);
#5920 = PRODUCT_RELATED_PRODUCT_CATEGORY('part',$,(#5264));
#5921 = MECHANICAL_DESIGN_GEOMETRIC_PRESENTATION_REPRESENTATION('',(
    #5922),#2605);
#5922 = STYLED_ITEM('color',(#5923),#1963);
#5923 = PRESENTATION_STYLE_ASSIGNMENT((#5924));
#5924 = SURFACE_STYLE_USAGE(.BOTH.,#5925);
#5925 = SURFACE_SIDE_STYLE('',(#5926));
#5926 = SURFACE_STYLE_FILL_AREA(#5927);
#5927 = FILL_AREA_STYLE('',(#5928));
#5928 = FILL_AREA_STYLE_COLOUR('',#5929);
#5929 = COLOUR_RGB('',0.819999987296,0.819999987296,0.839999997739);
#5930 = MECHANICAL_DESIGN_GEOMETRIC_PRESENTATION_REPRESENTATION('',(
    #5931),#497);
#5931 = STYLED_ITEM('color',(#5932),#69);
#5932 = PRESENTATION_STYLE_ASSIGNMENT((#5933));
#5933 = SURFACE_STYLE_USAGE(.BOTH.,#5934);
#5934 = SURFACE_SIDE_STYLE('',(#5935));
#5935 = SURFACE_STYLE_FILL_AREA(#5936);
#5936 = FILL_AREA_STYLE('',(#5937));
#5937 = FILL_AREA_STYLE_COLOUR('',#5938);
#5938 = COLOUR_RGB('',0.139999997847,0.139999997847,0.149999997808);
#5939 = MECHANICAL_DESIGN_GEOMETRIC_PRESENTATION_REPRESENTATION('',(
    #5940),#5249);
#5940 = STYLED_ITEM('color',(#5941),#4607);
#5941 = PRESENTATION_STYLE_ASSIGNMENT((#5942));
#5942 = SURFACE_STYLE_USAGE(.BOTH.,#5943);
#5943 = SURFACE_SIDE_STYLE('',(#5944));
#5944 = SURFACE_STYLE_FILL_AREA(#5945);
#5945 = FILL_AREA_STYLE('',(#5946));
#5946 = FILL_AREA_STYLE_COLOUR('',#5929);
#5947 = MECHANICAL_DESIGN_GEOMETRIC_PRESENTATION_REPRESENTATION('',(
    #5948),#622);
#5948 = STYLED_ITEM('color',(#5949),#516);
#5949 = PRESENTATION_STYLE_ASSIGNMENT((#5950));
#5950 = SURFACE_STYLE_USAGE(.BOTH.,#5951);
#5951 = SURFACE_SIDE_STYLE('',(#5952));
#5952 = SURFACE_STYLE_FILL_AREA(#5953);
#5953 = FILL_AREA_STYLE('',(#5954));
#5954 = FILL_AREA_STYLE_COLOUR('',#5955);
#5955 = COLOUR_RGB('',0.45000000386,0.45000000386,0.47000000295);
#5956 = MECHANICAL_DESIGN_GEOMETRIC_PRESENTATION_REPRESENTATION('',(
    #5957),#5910);
#5957 = STYLED_ITEM('color',(#5958),#5268);
#5958 = PRESENTATION_STYLE_ASSIGNMENT((#5959));
#5959 = SURFACE_STYLE_USAGE(.BOTH.,#5960);
#5960 = SURFACE_SIDE_STYLE('',(#5961));
#5961 = SURFACE_STYLE_FILL_AREA(#5962);
#5962 = FILL_AREA_STYLE('',(#5963));
#5963 = FILL_AREA_STYLE_COLOUR('',#5929);
#5964 = MECHANICAL_DESIGN_GEOMETRIC_PRESENTATION_REPRESENTATION('',(
    #5965),#3266);
#5965 = STYLED_ITEM('color',(#5966),#2624);
#5966 = PRESENTATION_STYLE_ASSIGNMENT((#5967));
#5967 = SURFACE_STYLE_USAGE(.BOTH.,#5968);
#5968 = SURFACE_SIDE_STYLE('',(#5969));
#5969 = SURFACE_STYLE_FILL_AREA(#5970);
#5970 = FILL_AREA_STYLE('',(#5971));
#5971 = FILL_AREA_STYLE_COLOUR('',#5929);
#5972 = MECHANICAL_DESIGN_GEOMETRIC_PRESENTATION_REPRESENTATION('',(
    #5973),#1944);
#5973 = STYLED_ITEM('color',(#5974),#1302);
#5974 = PRESENTATION_STYLE_ASSIGNMENT((#5975));
#5975 = SURFACE_STYLE_USAGE(.BOTH.,#5976);
#5976 = SURFACE_SIDE_STYLE('',(#5977));
#5977 = SURFACE_STYLE_FILL_AREA(#5978);
#5978 = FILL_AREA_STYLE('',(#5979));
#5979 = FILL_AREA_STYLE_COLOUR('',#5929);
#5980 = MECHANICAL_DESIGN_GEOMETRIC_PRESENTATION_REPRESENTATION('',(
    #5981),#1283);
#5981 = STYLED_ITEM('color',(#5982),#641);
#5982 = PRESENTATION_STYLE_ASSIGNMENT((#5983));
#5983 = SURFACE_STYLE_USAGE(.BOTH.,#5984);
#5984 = SURFACE_SIDE_STYLE('',(#5985));
#5985 = SURFACE_STYLE_FILL_AREA(#5986);
#5986 = FILL_AREA_STYLE('',(#5987));
#5987 = FILL_AREA_STYLE_COLOUR('',#5929);
#5988 = MECHANICAL_DESIGN_GEOMETRIC_PRESENTATION_REPRESENTATION('',(
    #5989),#3927);
#5989 = STYLED_ITEM('color',(#5990),#3285);
#5990 = PRESENTATION_STYLE_ASSIGNMENT((#5991));
#5991 = SURFACE_STYLE_USAGE(.BOTH.,#5992);
#5992 = SURFACE_SIDE_STYLE('',(#5993));
#5993 = SURFACE_STYLE_FILL_AREA(#5994);
#5994 = FILL_AREA_STYLE('',(#5995));
#5995 = FILL_AREA_STYLE_COLOUR('',#5929);
#5996 = MECHANICAL_DESIGN_GEOMETRIC_PRESENTATION_REPRESENTATION('',(
    #5997),#4588);
#5997 = STYLED_ITEM('color',(#5998),#3946);
#5998 = PRESENTATION_STYLE_ASSIGNMENT((#5999));
#5999 = SURFACE_STYLE_USAGE(.BOTH.,#6000);
#6000 = SURFACE_SIDE_STYLE('',(#6001));
#6001 = SURFACE_STYLE_FILL_AREA(#6002);
#6002 = FILL_AREA_STYLE('',(#6003));
#6003 = FILL_AREA_STYLE_COLOUR('',#5929);
ENDSEC;
END-ISO-10303-21;
