ISO-10303-21;
HEADER;
FILE_DESCRIPTION(('Open CASCADE Model'),'2;1');
FILE_NAME('Open CASCADE Shape Model','2026-09-26T23:59:48',('Author'),(
    'Open CASCADE'),'Open CASCADE STEP processor 7.9','Open CASCADE 7.9'
  ,'Unknown');
FILE_SCHEMA(('AUTOMOTIVE_DESIGN { 1 0 10303 214 1 1 1 1 }'));
ENDSEC;
DATA;
#1 = APPLICATION_PROTOCOL_DEFINITION('international standard',
  'automotive_design',2000,#2);
#2 = APPLICATION_CONTEXT(
  'core data for automotive mechanical design processes');
#3 = SHAPE_DEFINITION_REPRESENTATION(#4,#10);
#4 = PRODUCT_DEFINITION_SHAPE('','',#5);
#5 = PRODUCT_DEFINITION('design','',#6,#9);
#6 = PRODUCT_DEFINITION_FORMATION('','',#7);
#7 = PRODUCT('RES_0402','RES_0402','',(#8));
#8 = PRODUCT_CONTEXT('',#2,'mechanical');
#9 = PRODUCT_DEFINITION_CONTEXT('part definition',#2,'design');
#10 = SHAPE_REPRESENTATION('',(#11,#15,#19,#23),#27);
#11 = AXIS2_PLACEMENT_3D('',#12,#13,#14);
#12 = CARTESIAN_POINT('',(0.,0.,0.));
#13 = DIRECTION('',(0.,0.,1.));
#14 = DIRECTION('',(1.,0.,-0.));
#15 = AXIS2_PLACEMENT_3D('',#16,#17,#18);
#16 = CARTESIAN_POINT('',(0.,0.,0.));
#17 = DIRECTION('',(0.,0.,1.));
#18 = DIRECTION('',(1.,0.,-0.));
#19 = AXIS2_PLACEMENT_3D('',#20,#21,#22);
#20 = CARTESIAN_POINT('',(0.,0.,0.));
#21 = DIRECTION('',(0.,0.,1.));
#22 = DIRECTION('',(1.,0.,-0.));
#23 = AXIS2_PLACEMENT_3D('',#24,#25,#26);
#24 = CARTESIAN_POINT('',(0.,0.,0.));
#25 = DIRECTION('',(0.,0.,1.));
#26 = DIRECTION('',(1.,0.,-0.));
#27 = ( GEOMETRIC_REPRESENTATION_CONTEXT(3) 
GLOBAL_UNCERTAINTY_ASSIGNED_CONTEXT((#31)) GLOBAL_UNIT_ASSIGNED_CONTEXT(
(#28,#29,#30)) REPRESENTATION_CONTEXT('Context #1',
  '3D Context with UNIT and UNCERTAINTY') );
#28 = ( LENGTH_UNIT() NAMED_UNIT(*) SI_UNIT(.MILLI.,.METRE.) );
#29 = ( NAMED_UNIT(*) PLANE_ANGLE_UNIT() SI_UNIT($,.RADIAN.) );
#30 = ( NAMED_UNIT(*) SI_UNIT($,.STERADIAN.) SOLID_ANGLE_UNIT() );
#31 = UNCERTAINTY_MEASURE_WITH_UNIT(LENGTH_MEASURE(1.E-07),#28,
  'distance_accuracy_value','confusion accuracy');
#32 = PRODUCT_RELATED_PRODUCT_CATEGORY('part',$,(#7));
#33 = SHAPE_DEFINITION_REPRESENTATION(#34,#40);
#34 = PRODUCT_DEFINITION_SHAPE('','',#35);
#35 = PRODUCT_DEFINITION('design','',#36,#39);
#36 = PRODUCT_DEFINITION_FORMATION('','',#37);
#37 = PRODUCT('body','body','',(#38));
#38 = PRODUCT_CONTEXT('',#2,'mechanical');
#39 = PRODUCT_DEFINITION_CONTEXT('part definition',#2,'design');
#40 = ADVANCED_BREP_SHAPE_REPRESENTATION('',(#11,#41),#371);
#41 = MANIFOLD_SOLID_BREP('',#42);
#42 = CLOSED_SHELL('',(#43,#163,#263,#310,#357,#364));
#43 = ADVANCED_FACE('',(#44),#58,.F.);
#44 = FACE_BOUND('',#45,.F.);
#45 = EDGE_LOOP('',(#46,#81,#109,#137));
#46 = ORIENTED_EDGE('',*,*,#47,.F.);
#47 = EDGE_CURVE('',#48,#50,#52,.T.);
#48 = VERTEX_POINT('',#49);
#49 = CARTESIAN_POINT('',(-0.28,-0.25,0.));
#50 = VERTEX_POINT('',#51);
#51 = CARTESIAN_POINT('',(-0.28,-0.25,0.35));
#52 = SURFACE_CURVE('',#53,(#57,#69),.PCURVE_S1.);
#53 = LINE('',#54,#55);
#54 = CARTESIAN_POINT('',(-0.28,-0.25,0.));
#55 = VECTOR('',#56,1.);
#56 = DIRECTION('',(0.,0.,1.));
#57 = PCURVE('',#58,#63);
#58 = PLANE('',#59);
#59 = AXIS2_PLACEMENT_3D('',#60,#61,#62);
#60 = CARTESIAN_POINT('',(-0.28,-0.25,0.));
#61 = DIRECTION('',(1.,0.,0.));
#62 = DIRECTION('',(0.,0.,1.));
#63 = DEFINITIONAL_REPRESENTATION('',(#64),#68);
#64 = LINE('',#65,#66);
#65 = CARTESIAN_POINT('',(0.,0.));
#66 = VECTOR('',#67,1.);
#67 = DIRECTION('',(1.,0.));
#68 = ( GEOMETRIC_REPRESENTATION_CONTEXT(2) 
PARAMETRIC_REPRESENTATION_CONTEXT() REPRESENTATION_CONTEXT('2D SPACE',''
  ) );
#69 = PCURVE('',#70,#75);
#70 = PLANE('',#71);
#71 = AXIS2_PLACEMENT_3D('',#72,#73,#74);
#72 = CARTESIAN_POINT('',(-0.28,-0.25,0.));
#73 = DIRECTION('',(0.,1.,0.));
#74 = DIRECTION('',(0.,0.,1.));
#75 = DEFINITIONAL_REPRESENTATION('',(#76),#80);
#76 = LINE('',#77,#78);
#77 = CARTESIAN_POINT('',(0.,0.));
#78 = VECTOR('',#79,1.);
#79 = DIRECTION('',(1.,0.));
#80 = ( GEOMETRIC_REPRESENTATION_CONTEXT(2) 
PARAMETRIC_REPRESENTATION_CONTEXT() REPRESENTATION_CONTEXT('2D SPACE',''
  ) );
#81 = ORIENTED_EDGE('',*,*,#82,.T.);
#82 = EDGE_CURVE('',#48,#83,#85,.T.);
#83 = VERTEX_POINT('',#84);
#84 = CARTESIAN_POINT('',(-0.28,0.25,0.));
#85 = SURFACE_CURVE('',#86,(#90,#97),.PCURVE_S1.);
#86 = LINE('',#87,#88);
#87 = CARTESIAN_POINT('',(-0.28,-0.25,0.));
#88 = VECTOR('',#89,1.);
#89 = DIRECTION('',(0.,1.,0.));
#90 = PCURVE('',#58,#91);
#91 = DEFINITIONAL_REPRESENTATION('',(#92),#96);
#92 = LINE('',#93,#94);
#93 = CARTESIAN_POINT('',(0.,0.));
#94 = VECTOR('',#95,1.);
#95 = DIRECTION('',(0.,-1.));
#96 = ( GEOMETRIC_REPRESENTATION_CONTEXT(2) 
PARAMETRIC_REPRESENTATION_CONTEXT() REPRESENTATION_CONTEXT('2D SPACE',''
  ) );
#97 = PCURVE('',#98,#103);
#98 = PLANE('',#99);
#99 = AXIS2_PLACEMENT_3D('',#100,#101,#102);
#100 = CARTESIAN_POINT('',(-0.28,-0.25,0.));
#101 = DIRECTION('',(0.,0.,1.));
#102 = DIRECTION('',(1.,0.,0.));
#103 = DEFINITIONAL_REPRESENTATION('',(#104),#108);
#104 = LINE('',#105,#106);
#105 = CARTESIAN_POINT('',(0.,0.));
#106 = VECTOR('',#107,1.);
#107 = DIRECTION('',(0.,1.));
#108 = ( GEOMETRIC_REPRESENTATION_CONTEXT(2) 
PARAMETRIC_REPRESENTATION_CONTEXT() REPRESENTATION_CONTEXT('2D SPACE',''
  ) );
#109 = ORIENTED_EDGE('',*,*,#110,.T.);
#110 = EDGE_CURVE('',#83,#111,#113,.T.);
#111 = VERTEX_POINT('',#112);
#112 = CARTESIAN_POINT('',(-0.28,0.25,0.35));
#113 = SURFACE_CURVE('',#114,(#118,#125),.PCURVE_S1.);
#114 = LINE('',#115,#116);
#115 = CARTESIAN_POINT('',(-0.28,0.25,0.));
#116 = VECTOR('',#117,1.);
#117 = DIRECTION('',(0.,0.,1.));
#118 = PCURVE('',#58,#119);
#119 = DEFINITIONAL_REPRESENTATION('',(#120),#124);
#120 = LINE('',#121,#122);
#121 = CARTESIAN_POINT('',(0.,-0.5));
#122 = VECTOR('',#123,1.);
#123 = DIRECTION('',(1.,0.));
#124 = ( GEOMETRIC_REPRESENTATION_CONTEXT(2) 
PARAMETRIC_REPRESENTATION_CONTEXT() REPRESENTATION_CONTEXT('2D SPACE',''
  ) );
#125 = PCURVE('',#126,#131);
#126 = PLANE('',#127);
#127 = AXIS2_PLACEMENT_3D('',#128,#129,#130);
#128 = CARTESIAN_POINT('',(-0.28,0.25,0.));
#129 = DIRECTION('',(0.,1.,0.));
#130 = DIRECTION('',(0.,0.,1.));
#131 = DEFINITIONAL_REPRESENTATION('',(#132),#136);
#132 = LINE('',#133,#134);
#133 = CARTESIAN_POINT('',(0.,0.));
#134 = VECTOR('',#135,1.);
#135 = DIRECTION('',(1.,0.));
#136 = ( GEOMETRIC_REPRESENTATION_CONTEXT(2) 
PARAMETRIC_REPRESENTATION_CONTEXT() REPRESENTATION_CONTEXT('2D SPACE',''
  ) );
#137 = ORIENTED_EDGE('',*,*,#138,.F.);
#138 = EDGE_CURVE('',#50,#111,#139,.T.);
#139 = SURFACE_CURVE('',#140,(#144,#151),.PCURVE_S1.);
#140 = LINE('',#141,#142);
#141 = CARTESIAN_POINT('',(-0.28,-0.25,0.35));
#142 = VECTOR('',#143,1.);
#143 = DIRECTION('',(0.,1.,0.));
#144 = PCURVE('',#58,#145);
#145 = DEFINITIONAL_REPRESENTATION('',(#146),#150);
#146 = LINE('',#147,#148);
#147 = CARTESIAN_POINT('',(0.35,0.));
#148 = VECTOR('',#149,1.);
#149 = DIRECTION('',(0.,-1.));
#150 = ( GEOMETRIC_REPRESENTATION_CONTEXT(2) 
PARAMETRIC_REPRESENTATION_CONTEXT() REPRESENTATION_CONTEXT('2D SPACE',''
  ) );
#151 = PCURVE('',#152,#157);
#152 = PLANE('',#153);
#153 = AXIS2_PLACEMENT_3D('',#154,#155,#156);
#154 = CARTESIAN_POINT('',(-0.28,-0.25,0.35));
#155 = DIRECTION('',(0.,0.,1.));
#156 = DIRECTION('',(1.,0.,0.));
#157 = DEFINITIONAL_REPRESENTATION('',(#158),#162);
#158 = LINE('',#159,#160);
#159 = CARTESIAN_POINT('',(0.,0.));
#160 = VECTOR('',#161,1.);
#161 = DIRECTION('',(0.,1.));
#162 = ( GEOMETRIC_REPRESENTATION_CONTEXT(2) 
PARAMETRIC_REPRESENTATION_CONTEXT() REPRESENTATION_CONTEXT('2D SPACE',''
  ) );
#163 = ADVANCED_FACE('',(#164),#178,.T.);
#164 = FACE_BOUND('',#165,.T.);
#165 = EDGE_LOOP('',(#166,#196,#219,#242));
#166 = ORIENTED_EDGE('',*,*,#167,.F.);
#167 = EDGE_CURVE('',#168,#170,#172,.T.);
#168 = VERTEX_POINT('',#169);
#169 = CARTESIAN_POINT('',(0.28,-0.25,0.));
#170 = VERTEX_POINT('',#171);
#171 = CARTESIAN_POINT('',(0.28,-0.25,0.35));
#172 = SURFACE_CURVE('',#173,(#177,#189),.PCURVE_S1.);
#173 = LINE('',#174,#175);
#174 = CARTESIAN_POINT('',(0.28,-0.25,0.));
#175 = VECTOR('',#176,1.);
#176 = DIRECTION('',(0.,0.,1.));
#177 = PCURVE('',#178,#183);
#178 = PLANE('',#179);
#179 = AXIS2_PLACEMENT_3D('',#180,#181,#182);
#180 = CARTESIAN_POINT('',(0.28,-0.25,0.));
#181 = DIRECTION('',(1.,0.,0.));
#182 = DIRECTION('',(0.,0.,1.));
#183 = DEFINITIONAL_REPRESENTATION('',(#184),#188);
#184 = LINE('',#185,#186);
#185 = CARTESIAN_POINT('',(0.,0.));
#186 = VECTOR('',#187,1.);
#187 = DIRECTION('',(1.,0.));
#188 = ( GEOMETRIC_REPRESENTATION_CONTEXT(2) 
PARAMETRIC_REPRESENTATION_CONTEXT() REPRESENTATION_CONTEXT('2D SPACE',''
  ) );
#189 = PCURVE('',#70,#190);
#190 = DEFINITIONAL_REPRESENTATION('',(#191),#195);
#191 = LINE('',#192,#193);
#192 = CARTESIAN_POINT('',(0.,0.56));
#193 = VECTOR('',#194,1.);
#194 = DIRECTION('',(1.,0.));
#195 = ( GEOMETRIC_REPRESENTATION_CONTEXT(2) 
PARAMETRIC_REPRESENTATION_CONTEXT() REPRESENTATION_CONTEXT('2D SPACE',''
  ) );
#196 = ORIENTED_EDGE('',*,*,#197,.T.);
#197 = EDGE_CURVE('',#168,#198,#200,.T.);
#198 = VERTEX_POINT('',#199);
#199 = CARTESIAN_POINT('',(0.28,0.25,0.));
#200 = SURFACE_CURVE('',#201,(#205,#212),.PCURVE_S1.);
#201 = LINE('',#202,#203);
#202 = CARTESIAN_POINT('',(0.28,-0.25,0.));
#203 = VECTOR('',#204,1.);
#204 = DIRECTION('',(0.,1.,0.));
#205 = PCURVE('',#178,#206);
#206 = DEFINITIONAL_REPRESENTATION('',(#207),#211);
#207 = LINE('',#208,#209);
#208 = CARTESIAN_POINT('',(0.,0.));
#209 = VECTOR('',#210,1.);
#210 = DIRECTION('',(0.,-1.));
#211 = ( GEOMETRIC_REPRESENTATION_CONTEXT(2) 
PARAMETRIC_REPRESENTATION_CONTEXT() REPRESENTATION_CONTEXT('2D SPACE',''
  ) );
#212 = PCURVE('',#98,#213);
#213 = DEFINITIONAL_REPRESENTATION('',(#214),#218);
#214 = LINE('',#215,#216);
#215 = CARTESIAN_POINT('',(0.56,0.));
#216 = VECTOR('',#217,1.);
#217 = DIRECTION('',(0.,1.));
#218 = ( GEOMETRIC_REPRESENTATION_CONTEXT(2) 
PARAMETRIC_REPRESENTATION_CONTEXT() REPRESENTATION_CONTEXT('2D SPACE',''
  ) );
#219 = ORIENTED_EDGE('',*,*,#220,.T.);
#220 = EDGE_CURVE('',#198,#221,#223,.T.);
#221 = VERTEX_POINT('',#222);
#222 = CARTESIAN_POINT('',(0.28,0.25,0.35));
#223 = SURFACE_CURVE('',#224,(#228,#235),.PCURVE_S1.);
#224 = LINE('',#225,#226);
#225 = CARTESIAN_POINT('',(0.28,0.25,0.));
#226 = VECTOR('',#227,1.);
#227 = DIRECTION('',(0.,0.,1.));
#228 = PCURVE('',#178,#229);
#229 = DEFINITIONAL_REPRESENTATION('',(#230),#234);
#230 = LINE('',#231,#232);
#231 = CARTESIAN_POINT('',(0.,-0.5));
#232 = VECTOR('',#233,1.);
#233 = DIRECTION('',(1.,0.));
#234 = ( GEOMETRIC_REPRESENTATION_CONTEXT(2) 
PARAMETRIC_REPRESENTATION_CONTEXT() REPRESENTATION_CONTEXT('2D SPACE',''
  ) );
#235 = PCURVE('',#126,#236);
#236 = DEFINITIONAL_REPRESENTATION('',(#237),#241);
#237 = LINE('',#238,#239);
#238 = CARTESIAN_POINT('',(0.,0.56));
#239 = VECTOR('',#240,1.);
#240 = DIRECTION('',(1.,0.));
#241 = ( GEOMETRIC_REPRESENTATION_CONTEXT(2) 
PARAMETRIC_REPRESENTATION_CONTEXT() REPRESENTATION_CONTEXT('2D SPACE',''
  ) );
#242 = ORIENTED_EDGE('',*,*,#243,.F.);
#243 = EDGE_CURVE('',#170,#221,#244,.T.);
#244 = SURFACE_CURVE('',#245,(#249,#256),.PCURVE_S1.);
#245 = LINE('',#246,#247);
#246 = CARTESIAN_POINT('',(0.28,-0.25,0.35));
#247 = VECTOR('',#248,1.);
#248 = DIRECTION('',(0.,1.,0.));
#249 = PCURVE('',#178,#250);
#250 = DEFINITIONAL_REPRESENTATION('',(#251),#255);
#251 = LINE('',#252,#253);
#252 = CARTESIAN_POINT('',(0.35,0.));
#253 = VECTOR('',#254,1.);
#254 = DIRECTION('',(0.,-1.));
#255 = ( GEOMETRIC_REPRESENTATION_CONTEXT(2) 
PARAMETRIC_REPRESENTATION_CONTEXT() REPRESENTATION_CONTEXT('2D SPACE',''
  ) );
#256 = PCURVE('',#152,#257);
#257 = DEFINITIONAL_REPRESENTATION('',(#258),#262);
#258 = LINE('',#259,#260);
#259 = CARTESIAN_POINT('',(0.56,0.));
#260 = VECTOR('',#261,1.);
#261 = DIRECTION('',(0.,1.));
#262 = ( GEOMETRIC_REPRESENTATION_CONTEXT(2) 
PARAMETRIC_REPRESENTATION_CONTEXT() REPRESENTATION_CONTEXT('2D SPACE',''
  ) );
#263 = ADVANCED_FACE('',(#264),#70,.F.);
#264 = FACE_BOUND('',#265,.F.);
#265 = EDGE_LOOP('',(#266,#287,#288,#309));
#266 = ORIENTED_EDGE('',*,*,#267,.F.);
#267 = EDGE_CURVE('',#48,#168,#268,.T.);
#268 = SURFACE_CURVE('',#269,(#273,#280),.PCURVE_S1.);
#269 = LINE('',#270,#271);
#270 = CARTESIAN_POINT('',(-0.28,-0.25,0.));
#271 = VECTOR('',#272,1.);
#272 = DIRECTION('',(1.,0.,0.));
#273 = PCURVE('',#70,#274);
#274 = DEFINITIONAL_REPRESENTATION('',(#275),#279);
#275 = LINE('',#276,#277);
#276 = CARTESIAN_POINT('',(0.,0.));
#277 = VECTOR('',#278,1.);
#278 = DIRECTION('',(0.,1.));
#279 = ( GEOMETRIC_REPRESENTATION_CONTEXT(2) 
PARAMETRIC_REPRESENTATION_CONTEXT() REPRESENTATION_CONTEXT('2D SPACE',''
  ) );
#280 = PCURVE('',#98,#281);
#281 = DEFINITIONAL_REPRESENTATION('',(#282),#286);
#282 = LINE('',#283,#284);
#283 = CARTESIAN_POINT('',(0.,0.));
#284 = VECTOR('',#285,1.);
#285 = DIRECTION('',(1.,0.));
#286 = ( GEOMETRIC_REPRESENTATION_CONTEXT(2) 
PARAMETRIC_REPRESENTATION_CONTEXT() REPRESENTATION_CONTEXT('2D SPACE',''
  ) );
#287 = ORIENTED_EDGE('',*,*,#47,.T.);
#288 = ORIENTED_EDGE('',*,*,#289,.T.);
#289 = EDGE_CURVE('',#50,#170,#290,.T.);
#290 = SURFACE_CURVE('',#291,(#295,#302),.PCURVE_S1.);
#291 = LINE('',#292,#293);
#292 = CARTESIAN_POINT('',(-0.28,-0.25,0.35));
#293 = VECTOR('',#294,1.);
#294 = DIRECTION('',(1.,0.,0.));
#295 = PCURVE('',#70,#296);
#296 = DEFINITIONAL_REPRESENTATION('',(#297),#301);
#297 = LINE('',#298,#299);
#298 = CARTESIAN_POINT('',(0.35,0.));
#299 = VECTOR('',#300,1.);
#300 = DIRECTION('',(0.,1.));
#301 = ( GEOMETRIC_REPRESENTATION_CONTEXT(2) 
PARAMETRIC_REPRESENTATION_CONTEXT() REPRESENTATION_CONTEXT('2D SPACE',''
  ) );
#302 = PCURVE('',#152,#303);
#303 = DEFINITIONAL_REPRESENTATION('',(#304),#308);
#304 = LINE('',#305,#306);
#305 = CARTESIAN_POINT('',(0.,0.));
#306 = VECTOR('',#307,1.);
#307 = DIRECTION('',(1.,0.));
#308 = ( GEOMETRIC_REPRESENTATION_CONTEXT(2) 
PARAMETRIC_REPRESENTATION_CONTEXT() REPRESENTATION_CONTEXT('2D SPACE',''
  ) );
#309 = ORIENTED_EDGE('',*,*,#167,.F.);
#310 = ADVANCED_FACE('',(#311),#126,.T.);
#311 = FACE_BOUND('',#312,.T.);
#312 = EDGE_LOOP('',(#313,#334,#335,#356));
#313 = ORIENTED_EDGE('',*,*,#314,.F.);
#314 = EDGE_CURVE('',#83,#198,#315,.T.);
#315 = SURFACE_CURVE('',#316,(#320,#327),.PCURVE_S1.);
#316 = LINE('',#317,#318);
#317 = CARTESIAN_POINT('',(-0.28,0.25,0.));
#318 = VECTOR('',#319,1.);
#319 = DIRECTION('',(1.,0.,0.));
#320 = PCURVE('',#126,#321);
#321 = DEFINITIONAL_REPRESENTATION('',(#322),#326);
#322 = LINE('',#323,#324);
#323 = CARTESIAN_POINT('',(0.,0.));
#324 = VECTOR('',#325,1.);
#325 = DIRECTION('',(0.,1.));
#326 = ( GEOMETRIC_REPRESENTATION_CONTEXT(2) 
PARAMETRIC_REPRESENTATION_CONTEXT() REPRESENTATION_CONTEXT('2D SPACE',''
  ) );
#327 = PCURVE('',#98,#328);
#328 = DEFINITIONAL_REPRESENTATION('',(#329),#333);
#329 = LINE('',#330,#331);
#330 = CARTESIAN_POINT('',(0.,0.5));
#331 = VECTOR('',#332,1.);
#332 = DIRECTION('',(1.,0.));
#333 = ( GEOMETRIC_REPRESENTATION_CONTEXT(2) 
PARAMETRIC_REPRESENTATION_CONTEXT() REPRESENTATION_CONTEXT('2D SPACE',''
  ) );
#334 = ORIENTED_EDGE('',*,*,#110,.T.);
#335 = ORIENTED_EDGE('',*,*,#336,.T.);
#336 = EDGE_CURVE('',#111,#221,#337,.T.);
#337 = SURFACE_CURVE('',#338,(#342,#349),.PCURVE_S1.);
#338 = LINE('',#339,#340);
#339 = CARTESIAN_POINT('',(-0.28,0.25,0.35));
#340 = VECTOR('',#341,1.);
#341 = DIRECTION('',(1.,0.,0.));
#342 = PCURVE('',#126,#343);
#343 = DEFINITIONAL_REPRESENTATION('',(#344),#348);
#344 = LINE('',#345,#346);
#345 = CARTESIAN_POINT('',(0.35,0.));
#346 = VECTOR('',#347,1.);
#347 = DIRECTION('',(0.,1.));
#348 = ( GEOMETRIC_REPRESENTATION_CONTEXT(2) 
PARAMETRIC_REPRESENTATION_CONTEXT() REPRESENTATION_CONTEXT('2D SPACE',''
  ) );
#349 = PCURVE('',#152,#350);
#350 = DEFINITIONAL_REPRESENTATION('',(#351),#355);
#351 = LINE('',#352,#353);
#352 = CARTESIAN_POINT('',(0.,0.5));
#353 = VECTOR('',#354,1.);
#354 = DIRECTION('',(1.,0.));
#355 = ( GEOMETRIC_REPRESENTATION_CONTEXT(2) 
PARAMETRIC_REPRESENTATION_CONTEXT() REPRESENTATION_CONTEXT('2D SPACE',''
  ) );
#356 = ORIENTED_EDGE('',*,*,#220,.F.);
#357 = ADVANCED_FACE('',(#358),#98,.F.);
#358 = FACE_BOUND('',#359,.F.);
#359 = EDGE_LOOP('',(#360,#361,#362,#363));
#360 = ORIENTED_EDGE('',*,*,#82,.F.);
#361 = ORIENTED_EDGE('',*,*,#267,.T.);
#362 = ORIENTED_EDGE('',*,*,#197,.T.);
#363 = ORIENTED_EDGE('',*,*,#314,.F.);
#364 = ADVANCED_FACE('',(#365),#152,.T.);
#365 = FACE_BOUND('',#366,.T.);
#366 = EDGE_LOOP('',(#367,#368,#369,#370));
#367 = ORIENTED_EDGE('',*,*,#138,.F.);
#368 = ORIENTED_EDGE('',*,*,#289,.T.);
#369 = ORIENTED_EDGE('',*,*,#243,.T.);
#370 = ORIENTED_EDGE('',*,*,#336,.F.);
#371 = ( GEOMETRIC_REPRESENTATION_CONTEXT(3) 
GLOBAL_UNCERTAINTY_ASSIGNED_CONTEXT((#375)) GLOBAL_UNIT_ASSIGNED_CONTEXT
((#372,#373,#374)) REPRESENTATION_CONTEXT('Context #1',
  '3D Context with UNIT and UNCERTAINTY') );
#372 = ( LENGTH_UNIT() NAMED_UNIT(*) SI_UNIT(.MILLI.,.METRE.) );
#373 = ( NAMED_UNIT(*) PLANE_ANGLE_UNIT() SI_UNIT($,.RADIAN.) );
#374 = ( NAMED_UNIT(*) SI_UNIT($,.STERADIAN.) SOLID_ANGLE_UNIT() );
#375 = UNCERTAINTY_MEASURE_WITH_UNIT(LENGTH_MEASURE(1.E-07),#372,
  'distance_accuracy_value','confusion accuracy');
#376 = CONTEXT_DEPENDENT_SHAPE_REPRESENTATION(#377,#379);
#377 = ( REPRESENTATION_RELATIONSHIP('','',#40,#10) 
REPRESENTATION_RELATIONSHIP_WITH_TRANSFORMATION(#378) 
SHAPE_REPRESENTATION_RELATIONSHIP() );
#378 = ITEM_DEFINED_TRANSFORMATION('','',#11,#15);
#379 = PRODUCT_DEFINITION_SHAPE('Placement','Placement of an item',#380
  );
#380 = NEXT_ASSEMBLY_USAGE_OCCURRENCE('4','body','',#5,#35,$);
#381 = PRODUCT_RELATED_PRODUCT_CATEGORY('part',$,(#37));
#382 = SHAPE_DEFINITION_REPRESENTATION(#383,#389);
#383 = PRODUCT_DEFINITION_SHAPE('','',#384);
#384 = PRODUCT_DEFINITION('design','',#385,#388);
#385 = PRODUCT_DEFINITION_FORMATION('','',#386);
#386 = PRODUCT('contacts','contacts','',(#387));
#387 = PRODUCT_CONTEXT('',#2,'mechanical');
#388 = PRODUCT_DEFINITION_CONTEXT('part definition',#2,'design');
#389 = SHAPE_REPRESENTATION('',(#11,#390,#1696),#3002);
#390 = MANIFOLD_SOLID_BREP('',#391);
#391 = CLOSED_SHELL('',(#392,#512,#600,#679,#760,#836,#866,#896,#972,
    #1053,#1078,#1159,#1184,#1260,#1291,#1322,#1400,#1431,#1498,#1529,
    #1598,#1665,#1671,#1677,#1684,#1690));
#392 = ADVANCED_FACE('',(#393),#407,.F.);
#393 = FACE_BOUND('',#394,.F.);
#394 = EDGE_LOOP('',(#395,#430,#458,#486));
#395 = ORIENTED_EDGE('',*,*,#396,.F.);
#396 = EDGE_CURVE('',#397,#399,#401,.T.);
#397 = VERTEX_POINT('',#398);
#398 = CARTESIAN_POINT('',(-0.5,-0.229,2.1E-02));
#399 = VERTEX_POINT('',#400);
#400 = CARTESIAN_POINT('',(-0.5,-0.229,0.329));
#401 = SURFACE_CURVE('',#402,(#406,#418),.PCURVE_S1.);
#402 = LINE('',#403,#404);
#403 = CARTESIAN_POINT('',(-0.5,-0.229,0.));
#404 = VECTOR('',#405,1.);
#405 = DIRECTION('',(0.,0.,1.));
#406 = PCURVE('',#407,#412);
#407 = PLANE('',#408);
#408 = AXIS2_PLACEMENT_3D('',#409,#410,#411);
#409 = CARTESIAN_POINT('',(-0.5,-0.25,0.));
#410 = DIRECTION('',(1.,0.,0.));
#411 = DIRECTION('',(0.,0.,1.));
#412 = DEFINITIONAL_REPRESENTATION('',(#413),#417);
#413 = LINE('',#414,#415);
#414 = CARTESIAN_POINT('',(0.,-2.1E-02));
#415 = VECTOR('',#416,1.);
#416 = DIRECTION('',(1.,0.));
#417 = ( GEOMETRIC_REPRESENTATION_CONTEXT(2) 
PARAMETRIC_REPRESENTATION_CONTEXT() REPRESENTATION_CONTEXT('2D SPACE',''
  ) );
#418 = PCURVE('',#419,#424);
#419 = CYLINDRICAL_SURFACE('',#420,2.1E-02);
#420 = AXIS2_PLACEMENT_3D('',#421,#422,#423);
#421 = CARTESIAN_POINT('',(-0.479,-0.229,0.));
#422 = DIRECTION('',(0.,0.,1.));
#423 = DIRECTION('',(-1.,-0.,0.));
#424 = DEFINITIONAL_REPRESENTATION('',(#425),#429);
#425 = LINE('',#426,#427);
#426 = CARTESIAN_POINT('',(0.,0.));
#427 = VECTOR('',#428,1.);
#428 = DIRECTION('',(0.,1.));
#429 = ( GEOMETRIC_REPRESENTATION_CONTEXT(2) 
PARAMETRIC_REPRESENTATION_CONTEXT() REPRESENTATION_CONTEXT('2D SPACE',''
  ) );
#430 = ORIENTED_EDGE('',*,*,#431,.T.);
#431 = EDGE_CURVE('',#397,#432,#434,.T.);
#432 = VERTEX_POINT('',#433);
#433 = CARTESIAN_POINT('',(-0.5,0.229,2.1E-02));
#434 = SURFACE_CURVE('',#435,(#439,#446),.PCURVE_S1.);
#435 = LINE('',#436,#437);
#436 = CARTESIAN_POINT('',(-0.5,-0.25,2.1E-02));
#437 = VECTOR('',#438,1.);
#438 = DIRECTION('',(0.,1.,0.));
#439 = PCURVE('',#407,#440);
#440 = DEFINITIONAL_REPRESENTATION('',(#441),#445);
#441 = LINE('',#442,#443);
#442 = CARTESIAN_POINT('',(2.1E-02,0.));
#443 = VECTOR('',#444,1.);
#444 = DIRECTION('',(0.,-1.));
#445 = ( GEOMETRIC_REPRESENTATION_CONTEXT(2) 
PARAMETRIC_REPRESENTATION_CONTEXT() REPRESENTATION_CONTEXT('2D SPACE',''
  ) );
#446 = PCURVE('',#447,#452);
#447 = CYLINDRICAL_SURFACE('',#448,2.1E-02);
#448 = AXIS2_PLACEMENT_3D('',#449,#450,#451);
#449 = CARTESIAN_POINT('',(-0.479,-0.25,2.1E-02));
#450 = DIRECTION('',(0.,1.,0.));
#451 = DIRECTION('',(-1.,0.,0.));
#452 = DEFINITIONAL_REPRESENTATION('',(#453),#457);
#453 = LINE('',#454,#455);
#454 = CARTESIAN_POINT('',(-0.,0.));
#455 = VECTOR('',#456,1.);
#456 = DIRECTION('',(-0.,1.));
#457 = ( GEOMETRIC_REPRESENTATION_CONTEXT(2) 
PARAMETRIC_REPRESENTATION_CONTEXT() REPRESENTATION_CONTEXT('2D SPACE',''
  ) );
#458 = ORIENTED_EDGE('',*,*,#459,.T.);
#459 = EDGE_CURVE('',#432,#460,#462,.T.);
#460 = VERTEX_POINT('',#461);
#461 = CARTESIAN_POINT('',(-0.5,0.229,0.329));
#462 = SURFACE_CURVE('',#463,(#467,#474),.PCURVE_S1.);
#463 = LINE('',#464,#465);
#464 = CARTESIAN_POINT('',(-0.5,0.229,0.));
#465 = VECTOR('',#466,1.);
#466 = DIRECTION('',(0.,0.,1.));
#467 = PCURVE('',#407,#468);
#468 = DEFINITIONAL_REPRESENTATION('',(#469),#473);
#469 = LINE('',#470,#471);
#470 = CARTESIAN_POINT('',(0.,-0.479));
#471 = VECTOR('',#472,1.);
#472 = DIRECTION('',(1.,0.));
#473 = ( GEOMETRIC_REPRESENTATION_CONTEXT(2) 
PARAMETRIC_REPRESENTATION_CONTEXT() REPRESENTATION_CONTEXT('2D SPACE',''
  ) );
#474 = PCURVE('',#475,#480);
#475 = CYLINDRICAL_SURFACE('',#476,2.1E-02);
#476 = AXIS2_PLACEMENT_3D('',#477,#478,#479);
#477 = CARTESIAN_POINT('',(-0.479,0.229,0.));
#478 = DIRECTION('',(0.,0.,1.));
#479 = DIRECTION('',(-1.,-0.,0.));
#480 = DEFINITIONAL_REPRESENTATION('',(#481),#485);
#481 = LINE('',#482,#483);
#482 = CARTESIAN_POINT('',(-0.,0.));
#483 = VECTOR('',#484,1.);
#484 = DIRECTION('',(-0.,1.));
#485 = ( GEOMETRIC_REPRESENTATION_CONTEXT(2) 
PARAMETRIC_REPRESENTATION_CONTEXT() REPRESENTATION_CONTEXT('2D SPACE',''
  ) );
#486 = ORIENTED_EDGE('',*,*,#487,.F.);
#487 = EDGE_CURVE('',#399,#460,#488,.T.);
#488 = SURFACE_CURVE('',#489,(#493,#500),.PCURVE_S1.);
#489 = LINE('',#490,#491);
#490 = CARTESIAN_POINT('',(-0.5,-0.25,0.329));
#491 = VECTOR('',#492,1.);
#492 = DIRECTION('',(0.,1.,0.));
#493 = PCURVE('',#407,#494);
#494 = DEFINITIONAL_REPRESENTATION('',(#495),#499);
#495 = LINE('',#496,#497);
#496 = CARTESIAN_POINT('',(0.329,0.));
#497 = VECTOR('',#498,1.);
#498 = DIRECTION('',(0.,-1.));
#499 = ( GEOMETRIC_REPRESENTATION_CONTEXT(2) 
PARAMETRIC_REPRESENTATION_CONTEXT() REPRESENTATION_CONTEXT('2D SPACE',''
  ) );
#500 = PCURVE('',#501,#506);
#501 = CYLINDRICAL_SURFACE('',#502,2.1E-02);
#502 = AXIS2_PLACEMENT_3D('',#503,#504,#505);
#503 = CARTESIAN_POINT('',(-0.479,-0.25,0.329));
#504 = DIRECTION('',(0.,1.,0.));
#505 = DIRECTION('',(-1.,0.,0.));
#506 = DEFINITIONAL_REPRESENTATION('',(#507),#511);
#507 = LINE('',#508,#509);
#508 = CARTESIAN_POINT('',(0.,0.));
#509 = VECTOR('',#510,1.);
#510 = DIRECTION('',(0.,1.));
#511 = ( GEOMETRIC_REPRESENTATION_CONTEXT(2) 
PARAMETRIC_REPRESENTATION_CONTEXT() REPRESENTATION_CONTEXT('2D SPACE',''
  ) );
#512 = ADVANCED_FACE('',(#513),#419,.T.);
#513 = FACE_BOUND('',#514,.T.);
#514 = EDGE_LOOP('',(#515,#516,#545,#573));
#515 = ORIENTED_EDGE('',*,*,#396,.F.);
#516 = ORIENTED_EDGE('',*,*,#517,.T.);
#517 = EDGE_CURVE('',#397,#518,#520,.T.);
#518 = VERTEX_POINT('',#519);
#519 = CARTESIAN_POINT('',(-0.479,-0.25,2.1E-02));
#520 = SURFACE_CURVE('',#521,(#526,#533),.PCURVE_S1.);
#521 = CIRCLE('',#522,2.1E-02);
#522 = AXIS2_PLACEMENT_3D('',#523,#524,#525);
#523 = CARTESIAN_POINT('',(-0.479,-0.229,2.1E-02));
#524 = DIRECTION('',(0.,0.,1.));
#525 = DIRECTION('',(-1.,0.,0.));
#526 = PCURVE('',#419,#527);
#527 = DEFINITIONAL_REPRESENTATION('',(#528),#532);
#528 = LINE('',#529,#530);
#529 = CARTESIAN_POINT('',(0.,2.1E-02));
#530 = VECTOR('',#531,1.);
#531 = DIRECTION('',(1.,0.));
#532 = ( GEOMETRIC_REPRESENTATION_CONTEXT(2) 
PARAMETRIC_REPRESENTATION_CONTEXT() REPRESENTATION_CONTEXT('2D SPACE',''
  ) );
#533 = PCURVE('',#534,#539);
#534 = SPHERICAL_SURFACE('',#535,2.1E-02);
#535 = AXIS2_PLACEMENT_3D('',#536,#537,#538);
#536 = CARTESIAN_POINT('',(-0.479,-0.229,2.1E-02));
#537 = DIRECTION('',(0.,0.,1.));
#538 = DIRECTION('',(-1.,0.,0.));
#539 = DEFINITIONAL_REPRESENTATION('',(#540),#544);
#540 = LINE('',#541,#542);
#541 = CARTESIAN_POINT('',(0.,0.));
#542 = VECTOR('',#543,1.);
#543 = DIRECTION('',(1.,0.));
#544 = ( GEOMETRIC_REPRESENTATION_CONTEXT(2) 
PARAMETRIC_REPRESENTATION_CONTEXT() REPRESENTATION_CONTEXT('2D SPACE',''
  ) );
#545 = ORIENTED_EDGE('',*,*,#546,.T.);
#546 = EDGE_CURVE('',#518,#547,#549,.T.);
#547 = VERTEX_POINT('',#548);
#548 = CARTESIAN_POINT('',(-0.479,-0.25,0.329));
#549 = SURFACE_CURVE('',#550,(#554,#561),.PCURVE_S1.);
#550 = LINE('',#551,#552);
#551 = CARTESIAN_POINT('',(-0.479,-0.25,0.));
#552 = VECTOR('',#553,1.);
#553 = DIRECTION('',(0.,0.,1.));
#554 = PCURVE('',#419,#555);
#555 = DEFINITIONAL_REPRESENTATION('',(#556),#560);
#556 = LINE('',#557,#558);
#557 = CARTESIAN_POINT('',(1.570796326795,0.));
#558 = VECTOR('',#559,1.);
#559 = DIRECTION('',(0.,1.));
#560 = ( GEOMETRIC_REPRESENTATION_CONTEXT(2) 
PARAMETRIC_REPRESENTATION_CONTEXT() REPRESENTATION_CONTEXT('2D SPACE',''
  ) );
#561 = PCURVE('',#562,#567);
#562 = PLANE('',#563);
#563 = AXIS2_PLACEMENT_3D('',#564,#565,#566);
#564 = CARTESIAN_POINT('',(-0.5,-0.25,0.));
#565 = DIRECTION('',(0.,1.,0.));
#566 = DIRECTION('',(0.,0.,1.));
#567 = DEFINITIONAL_REPRESENTATION('',(#568),#572);
#568 = LINE('',#569,#570);
#569 = CARTESIAN_POINT('',(0.,2.1E-02));
#570 = VECTOR('',#571,1.);
#571 = DIRECTION('',(1.,0.));
#572 = ( GEOMETRIC_REPRESENTATION_CONTEXT(2) 
PARAMETRIC_REPRESENTATION_CONTEXT() REPRESENTATION_CONTEXT('2D SPACE',''
  ) );
#573 = ORIENTED_EDGE('',*,*,#574,.F.);
#574 = EDGE_CURVE('',#399,#547,#575,.T.);
#575 = SURFACE_CURVE('',#576,(#581,#588),.PCURVE_S1.);
#576 = CIRCLE('',#577,2.1E-02);
#577 = AXIS2_PLACEMENT_3D('',#578,#579,#580);
#578 = CARTESIAN_POINT('',(-0.479,-0.229,0.329));
#579 = DIRECTION('',(0.,0.,1.));
#580 = DIRECTION('',(-1.,0.,0.));
#581 = PCURVE('',#419,#582);
#582 = DEFINITIONAL_REPRESENTATION('',(#583),#587);
#583 = LINE('',#584,#585);
#584 = CARTESIAN_POINT('',(0.,0.329));
#585 = VECTOR('',#586,1.);
#586 = DIRECTION('',(1.,0.));
#587 = ( GEOMETRIC_REPRESENTATION_CONTEXT(2) 
PARAMETRIC_REPRESENTATION_CONTEXT() REPRESENTATION_CONTEXT('2D SPACE',''
  ) );
#588 = PCURVE('',#589,#594);
#589 = SPHERICAL_SURFACE('',#590,2.1E-02);
#590 = AXIS2_PLACEMENT_3D('',#591,#592,#593);
#591 = CARTESIAN_POINT('',(-0.479,-0.229,0.329));
#592 = DIRECTION('',(-0.,-0.,-1.));
#593 = DIRECTION('',(-1.,0.,0.));
#594 = DEFINITIONAL_REPRESENTATION('',(#595),#599);
#595 = LINE('',#596,#597);
#596 = CARTESIAN_POINT('',(-0.,0.));
#597 = VECTOR('',#598,1.);
#598 = DIRECTION('',(-1.,0.));
#599 = ( GEOMETRIC_REPRESENTATION_CONTEXT(2) 
PARAMETRIC_REPRESENTATION_CONTEXT() REPRESENTATION_CONTEXT('2D SPACE',''
  ) );
#600 = ADVANCED_FACE('',(#601),#447,.T.);
#601 = FACE_BOUND('',#602,.F.);
#602 = EDGE_LOOP('',(#603,#625,#653,#678));
#603 = ORIENTED_EDGE('',*,*,#604,.F.);
#604 = EDGE_CURVE('',#605,#397,#607,.T.);
#605 = VERTEX_POINT('',#606);
#606 = CARTESIAN_POINT('',(-0.479,-0.229,0.));
#607 = SURFACE_CURVE('',#608,(#613,#619),.PCURVE_S1.);
#608 = CIRCLE('',#609,2.1E-02);
#609 = AXIS2_PLACEMENT_3D('',#610,#611,#612);
#610 = CARTESIAN_POINT('',(-0.479,-0.229,2.1E-02));
#611 = DIRECTION('',(0.,1.,-0.));
#612 = DIRECTION('',(-1.,0.,0.));
#613 = PCURVE('',#447,#614);
#614 = DEFINITIONAL_REPRESENTATION('',(#615),#618);
#615 = B_SPLINE_CURVE_WITH_KNOTS('',1,(#616,#617),.UNSPECIFIED.,.F.,.F.,
  (2,2),(4.712388980385,6.28318530718),.PIECEWISE_BEZIER_KNOTS.);
#616 = CARTESIAN_POINT('',(-1.570796326795,2.1E-02));
#617 = CARTESIAN_POINT('',(0.,2.1E-02));
#618 = ( GEOMETRIC_REPRESENTATION_CONTEXT(2) 
PARAMETRIC_REPRESENTATION_CONTEXT() REPRESENTATION_CONTEXT('2D SPACE',''
  ) );
#619 = PCURVE('',#534,#620);
#620 = DEFINITIONAL_REPRESENTATION('',(#621),#624);
#621 = B_SPLINE_CURVE_WITH_KNOTS('',1,(#622,#623),.UNSPECIFIED.,.F.,.F.,
  (2,2),(4.712388980385,6.28318530718),.PIECEWISE_BEZIER_KNOTS.);
#622 = CARTESIAN_POINT('',(0.,-1.570796326795));
#623 = CARTESIAN_POINT('',(0.,0.));
#624 = ( GEOMETRIC_REPRESENTATION_CONTEXT(2) 
PARAMETRIC_REPRESENTATION_CONTEXT() REPRESENTATION_CONTEXT('2D SPACE',''
  ) );
#625 = ORIENTED_EDGE('',*,*,#626,.T.);
#626 = EDGE_CURVE('',#605,#627,#629,.T.);
#627 = VERTEX_POINT('',#628);
#628 = CARTESIAN_POINT('',(-0.479,0.229,0.));
#629 = SURFACE_CURVE('',#630,(#634,#641),.PCURVE_S1.);
#630 = LINE('',#631,#632);
#631 = CARTESIAN_POINT('',(-0.479,-0.25,-3.469446951954E-18));
#632 = VECTOR('',#633,1.);
#633 = DIRECTION('',(0.,1.,0.));
#634 = PCURVE('',#447,#635);
#635 = DEFINITIONAL_REPRESENTATION('',(#636),#640);
#636 = LINE('',#637,#638);
#637 = CARTESIAN_POINT('',(-1.570796326795,0.));
#638 = VECTOR('',#639,1.);
#639 = DIRECTION('',(-0.,1.));
#640 = ( GEOMETRIC_REPRESENTATION_CONTEXT(2) 
PARAMETRIC_REPRESENTATION_CONTEXT() REPRESENTATION_CONTEXT('2D SPACE',''
  ) );
#641 = PCURVE('',#642,#647);
#642 = PLANE('',#643);
#643 = AXIS2_PLACEMENT_3D('',#644,#645,#646);
#644 = CARTESIAN_POINT('',(-0.5,-0.25,0.));
#645 = DIRECTION('',(0.,0.,1.));
#646 = DIRECTION('',(1.,0.,0.));
#647 = DEFINITIONAL_REPRESENTATION('',(#648),#652);
#648 = LINE('',#649,#650);
#649 = CARTESIAN_POINT('',(2.1E-02,0.));
#650 = VECTOR('',#651,1.);
#651 = DIRECTION('',(0.,1.));
#652 = ( GEOMETRIC_REPRESENTATION_CONTEXT(2) 
PARAMETRIC_REPRESENTATION_CONTEXT() REPRESENTATION_CONTEXT('2D SPACE',''
  ) );
#653 = ORIENTED_EDGE('',*,*,#654,.T.);
#654 = EDGE_CURVE('',#627,#432,#655,.T.);
#655 = SURFACE_CURVE('',#656,(#661,#667),.PCURVE_S1.);
#656 = CIRCLE('',#657,2.1E-02);
#657 = AXIS2_PLACEMENT_3D('',#658,#659,#660);
#658 = CARTESIAN_POINT('',(-0.479,0.229,2.1E-02));
#659 = DIRECTION('',(1.321694076935E-15,1.,-0.));
#660 = DIRECTION('',(-1.,1.321694076935E-15,0.));
#661 = PCURVE('',#447,#662);
#662 = DEFINITIONAL_REPRESENTATION('',(#663),#666);
#663 = B_SPLINE_CURVE_WITH_KNOTS('',1,(#664,#665),.UNSPECIFIED.,.F.,.F.,
  (2,2),(4.712388980385,6.28318530718),.PIECEWISE_BEZIER_KNOTS.);
#664 = CARTESIAN_POINT('',(-1.570796326795,0.479));
#665 = CARTESIAN_POINT('',(0.,0.479));
#666 = ( GEOMETRIC_REPRESENTATION_CONTEXT(2) 
PARAMETRIC_REPRESENTATION_CONTEXT() REPRESENTATION_CONTEXT('2D SPACE',''
  ) );
#667 = PCURVE('',#668,#673);
#668 = SPHERICAL_SURFACE('',#669,2.1E-02);
#669 = AXIS2_PLACEMENT_3D('',#670,#671,#672);
#670 = CARTESIAN_POINT('',(-0.479,0.229,2.1E-02));
#671 = DIRECTION('',(0.,0.,1.));
#672 = DIRECTION('',(-1.,1.321694076935E-15,0.));
#673 = DEFINITIONAL_REPRESENTATION('',(#674),#677);
#674 = B_SPLINE_CURVE_WITH_KNOTS('',1,(#675,#676),.UNSPECIFIED.,.F.,.F.,
  (2,2),(4.712388980385,6.28318530718),.PIECEWISE_BEZIER_KNOTS.);
#675 = CARTESIAN_POINT('',(0.,-1.570796326795));
#676 = CARTESIAN_POINT('',(0.,0.));
#677 = ( GEOMETRIC_REPRESENTATION_CONTEXT(2) 
PARAMETRIC_REPRESENTATION_CONTEXT() REPRESENTATION_CONTEXT('2D SPACE',''
  ) );
#678 = ORIENTED_EDGE('',*,*,#431,.F.);
#679 = ADVANCED_FACE('',(#680),#501,.T.);
#680 = FACE_BOUND('',#681,.T.);
#681 = EDGE_LOOP('',(#682,#704,#732,#759));
#682 = ORIENTED_EDGE('',*,*,#683,.F.);
#683 = EDGE_CURVE('',#684,#399,#686,.T.);
#684 = VERTEX_POINT('',#685);
#685 = CARTESIAN_POINT('',(-0.479,-0.229,0.35));
#686 = SURFACE_CURVE('',#687,(#692,#698),.PCURVE_S1.);
#687 = CIRCLE('',#688,2.1E-02);
#688 = AXIS2_PLACEMENT_3D('',#689,#690,#691);
#689 = CARTESIAN_POINT('',(-0.479,-0.229,0.329));
#690 = DIRECTION('',(0.,-1.,0.));
#691 = DIRECTION('',(-1.,0.,0.));
#692 = PCURVE('',#501,#693);
#693 = DEFINITIONAL_REPRESENTATION('',(#694),#697);
#694 = B_SPLINE_CURVE_WITH_KNOTS('',1,(#695,#696),.UNSPECIFIED.,.F.,.F.,
  (2,2),(4.712388980385,6.28318530718),.PIECEWISE_BEZIER_KNOTS.);
#695 = CARTESIAN_POINT('',(1.570796326795,2.1E-02));
#696 = CARTESIAN_POINT('',(0.,2.1E-02));
#697 = ( GEOMETRIC_REPRESENTATION_CONTEXT(2) 
PARAMETRIC_REPRESENTATION_CONTEXT() REPRESENTATION_CONTEXT('2D SPACE',''
  ) );
#698 = PCURVE('',#589,#699);
#699 = DEFINITIONAL_REPRESENTATION('',(#700),#703);
#700 = B_SPLINE_CURVE_WITH_KNOTS('',1,(#701,#702),.UNSPECIFIED.,.F.,.F.,
  (2,2),(4.712388980385,6.28318530718),.PIECEWISE_BEZIER_KNOTS.);
#701 = CARTESIAN_POINT('',(0.,-1.570796326795));
#702 = CARTESIAN_POINT('',(0.,0.));
#703 = ( GEOMETRIC_REPRESENTATION_CONTEXT(2) 
PARAMETRIC_REPRESENTATION_CONTEXT() REPRESENTATION_CONTEXT('2D SPACE',''
  ) );
#704 = ORIENTED_EDGE('',*,*,#705,.T.);
#705 = EDGE_CURVE('',#684,#706,#708,.T.);
#706 = VERTEX_POINT('',#707);
#707 = CARTESIAN_POINT('',(-0.479,0.229,0.35));
#708 = SURFACE_CURVE('',#709,(#713,#720),.PCURVE_S1.);
#709 = LINE('',#710,#711);
#710 = CARTESIAN_POINT('',(-0.479,-0.25,0.35));
#711 = VECTOR('',#712,1.);
#712 = DIRECTION('',(0.,1.,0.));
#713 = PCURVE('',#501,#714);
#714 = DEFINITIONAL_REPRESENTATION('',(#715),#719);
#715 = LINE('',#716,#717);
#716 = CARTESIAN_POINT('',(1.570796326795,0.));
#717 = VECTOR('',#718,1.);
#718 = DIRECTION('',(0.,1.));
#719 = ( GEOMETRIC_REPRESENTATION_CONTEXT(2) 
PARAMETRIC_REPRESENTATION_CONTEXT() REPRESENTATION_CONTEXT('2D SPACE',''
  ) );
#720 = PCURVE('',#721,#726);
#721 = PLANE('',#722);
#722 = AXIS2_PLACEMENT_3D('',#723,#724,#725);
#723 = CARTESIAN_POINT('',(-0.5,-0.25,0.35));
#724 = DIRECTION('',(0.,0.,1.));
#725 = DIRECTION('',(1.,0.,0.));
#726 = DEFINITIONAL_REPRESENTATION('',(#727),#731);
#727 = LINE('',#728,#729);
#728 = CARTESIAN_POINT('',(2.1E-02,0.));
#729 = VECTOR('',#730,1.);
#730 = DIRECTION('',(0.,1.));
#731 = ( GEOMETRIC_REPRESENTATION_CONTEXT(2) 
PARAMETRIC_REPRESENTATION_CONTEXT() REPRESENTATION_CONTEXT('2D SPACE',''
  ) );
#732 = ORIENTED_EDGE('',*,*,#733,.F.);
#733 = EDGE_CURVE('',#460,#706,#734,.T.);
#734 = SURFACE_CURVE('',#735,(#740,#747),.PCURVE_S1.);
#735 = CIRCLE('',#736,2.1E-02);
#736 = AXIS2_PLACEMENT_3D('',#737,#738,#739);
#737 = CARTESIAN_POINT('',(-0.479,0.229,0.329));
#738 = DIRECTION('',(0.,1.,0.));
#739 = DIRECTION('',(-1.,0.,0.));
#740 = PCURVE('',#501,#741);
#741 = DEFINITIONAL_REPRESENTATION('',(#742),#746);
#742 = LINE('',#743,#744);
#743 = CARTESIAN_POINT('',(0.,0.479));
#744 = VECTOR('',#745,1.);
#745 = DIRECTION('',(1.,0.));
#746 = ( GEOMETRIC_REPRESENTATION_CONTEXT(2) 
PARAMETRIC_REPRESENTATION_CONTEXT() REPRESENTATION_CONTEXT('2D SPACE',''
  ) );
#747 = PCURVE('',#748,#753);
#748 = SPHERICAL_SURFACE('',#749,2.1E-02);
#749 = AXIS2_PLACEMENT_3D('',#750,#751,#752);
#750 = CARTESIAN_POINT('',(-0.479,0.229,0.329));
#751 = DIRECTION('',(-0.,-1.,-0.));
#752 = DIRECTION('',(-1.,0.,0.));
#753 = DEFINITIONAL_REPRESENTATION('',(#754),#758);
#754 = LINE('',#755,#756);
#755 = CARTESIAN_POINT('',(-0.,0.));
#756 = VECTOR('',#757,1.);
#757 = DIRECTION('',(-1.,0.));
#758 = ( GEOMETRIC_REPRESENTATION_CONTEXT(2) 
PARAMETRIC_REPRESENTATION_CONTEXT() REPRESENTATION_CONTEXT('2D SPACE',''
  ) );
#759 = ORIENTED_EDGE('',*,*,#487,.F.);
#760 = ADVANCED_FACE('',(#761),#475,.T.);
#761 = FACE_BOUND('',#762,.F.);
#762 = EDGE_LOOP('',(#763,#764,#788,#816));
#763 = ORIENTED_EDGE('',*,*,#459,.F.);
#764 = ORIENTED_EDGE('',*,*,#765,.T.);
#765 = EDGE_CURVE('',#432,#766,#768,.T.);
#766 = VERTEX_POINT('',#767);
#767 = CARTESIAN_POINT('',(-0.479,0.25,2.1E-02));
#768 = SURFACE_CURVE('',#769,(#774,#781),.PCURVE_S1.);
#769 = CIRCLE('',#770,2.1E-02);
#770 = AXIS2_PLACEMENT_3D('',#771,#772,#773);
#771 = CARTESIAN_POINT('',(-0.479,0.229,2.1E-02));
#772 = DIRECTION('',(-0.,0.,-1.));
#773 = DIRECTION('',(-1.,1.321694076935E-15,0.));
#774 = PCURVE('',#475,#775);
#775 = DEFINITIONAL_REPRESENTATION('',(#776),#780);
#776 = LINE('',#777,#778);
#777 = CARTESIAN_POINT('',(-0.,2.1E-02));
#778 = VECTOR('',#779,1.);
#779 = DIRECTION('',(-1.,0.));
#780 = ( GEOMETRIC_REPRESENTATION_CONTEXT(2) 
PARAMETRIC_REPRESENTATION_CONTEXT() REPRESENTATION_CONTEXT('2D SPACE',''
  ) );
#781 = PCURVE('',#668,#782);
#782 = DEFINITIONAL_REPRESENTATION('',(#783),#787);
#783 = LINE('',#784,#785);
#784 = CARTESIAN_POINT('',(-0.,0.));
#785 = VECTOR('',#786,1.);
#786 = DIRECTION('',(-1.,0.));
#787 = ( GEOMETRIC_REPRESENTATION_CONTEXT(2) 
PARAMETRIC_REPRESENTATION_CONTEXT() REPRESENTATION_CONTEXT('2D SPACE',''
  ) );
#788 = ORIENTED_EDGE('',*,*,#789,.T.);
#789 = EDGE_CURVE('',#766,#790,#792,.T.);
#790 = VERTEX_POINT('',#791);
#791 = CARTESIAN_POINT('',(-0.479,0.25,0.329));
#792 = SURFACE_CURVE('',#793,(#797,#804),.PCURVE_S1.);
#793 = LINE('',#794,#795);
#794 = CARTESIAN_POINT('',(-0.479,0.25,0.));
#795 = VECTOR('',#796,1.);
#796 = DIRECTION('',(0.,0.,1.));
#797 = PCURVE('',#475,#798);
#798 = DEFINITIONAL_REPRESENTATION('',(#799),#803);
#799 = LINE('',#800,#801);
#800 = CARTESIAN_POINT('',(-1.570796326795,0.));
#801 = VECTOR('',#802,1.);
#802 = DIRECTION('',(-0.,1.));
#803 = ( GEOMETRIC_REPRESENTATION_CONTEXT(2) 
PARAMETRIC_REPRESENTATION_CONTEXT() REPRESENTATION_CONTEXT('2D SPACE',''
  ) );
#804 = PCURVE('',#805,#810);
#805 = PLANE('',#806);
#806 = AXIS2_PLACEMENT_3D('',#807,#808,#809);
#807 = CARTESIAN_POINT('',(-0.5,0.25,0.));
#808 = DIRECTION('',(0.,1.,0.));
#809 = DIRECTION('',(0.,0.,1.));
#810 = DEFINITIONAL_REPRESENTATION('',(#811),#815);
#811 = LINE('',#812,#813);
#812 = CARTESIAN_POINT('',(0.,2.1E-02));
#813 = VECTOR('',#814,1.);
#814 = DIRECTION('',(1.,0.));
#815 = ( GEOMETRIC_REPRESENTATION_CONTEXT(2) 
PARAMETRIC_REPRESENTATION_CONTEXT() REPRESENTATION_CONTEXT('2D SPACE',''
  ) );
#816 = ORIENTED_EDGE('',*,*,#817,.T.);
#817 = EDGE_CURVE('',#790,#460,#818,.T.);
#818 = SURFACE_CURVE('',#819,(#824,#830),.PCURVE_S1.);
#819 = CIRCLE('',#820,2.1E-02);
#820 = AXIS2_PLACEMENT_3D('',#821,#822,#823);
#821 = CARTESIAN_POINT('',(-0.479,0.229,0.329));
#822 = DIRECTION('',(0.,0.,1.));
#823 = DIRECTION('',(-1.,0.,0.));
#824 = PCURVE('',#475,#825);
#825 = DEFINITIONAL_REPRESENTATION('',(#826),#829);
#826 = B_SPLINE_CURVE_WITH_KNOTS('',1,(#827,#828),.UNSPECIFIED.,.F.,.F.,
  (2,2),(4.712388980385,6.28318530718),.PIECEWISE_BEZIER_KNOTS.);
#827 = CARTESIAN_POINT('',(-1.570796326795,0.329));
#828 = CARTESIAN_POINT('',(0.,0.329));
#829 = ( GEOMETRIC_REPRESENTATION_CONTEXT(2) 
PARAMETRIC_REPRESENTATION_CONTEXT() REPRESENTATION_CONTEXT('2D SPACE',''
  ) );
#830 = PCURVE('',#748,#831);
#831 = DEFINITIONAL_REPRESENTATION('',(#832),#835);
#832 = B_SPLINE_CURVE_WITH_KNOTS('',1,(#833,#834),.UNSPECIFIED.,.F.,.F.,
  (2,2),(4.712388980385,6.28318530718),.PIECEWISE_BEZIER_KNOTS.);
#833 = CARTESIAN_POINT('',(0.,-1.570796326795));
#834 = CARTESIAN_POINT('',(0.,0.));
#835 = ( GEOMETRIC_REPRESENTATION_CONTEXT(2) 
PARAMETRIC_REPRESENTATION_CONTEXT() REPRESENTATION_CONTEXT('2D SPACE',''
  ) );
#836 = ADVANCED_FACE('',(#837),#534,.T.);
#837 = FACE_BOUND('',#838,.T.);
#838 = EDGE_LOOP('',(#839,#840,#865));
#839 = ORIENTED_EDGE('',*,*,#604,.F.);
#840 = ORIENTED_EDGE('',*,*,#841,.T.);
#841 = EDGE_CURVE('',#605,#518,#842,.T.);
#842 = SURFACE_CURVE('',#843,(#848,#854),.PCURVE_S1.);
#843 = CIRCLE('',#844,2.1E-02);
#844 = AXIS2_PLACEMENT_3D('',#845,#846,#847);
#845 = CARTESIAN_POINT('',(-0.479,-0.229,2.1E-02));
#846 = DIRECTION('',(-1.,6.123233995737E-17,0.));
#847 = DIRECTION('',(-6.123233995737E-17,-1.,0.));
#848 = PCURVE('',#534,#849);
#849 = DEFINITIONAL_REPRESENTATION('',(#850),#853);
#850 = B_SPLINE_CURVE_WITH_KNOTS('',1,(#851,#852),.UNSPECIFIED.,.F.,.F.,
  (2,2),(4.712388980385,6.28318530718),.PIECEWISE_BEZIER_KNOTS.);
#851 = CARTESIAN_POINT('',(1.570796326795,-1.570796326795));
#852 = CARTESIAN_POINT('',(1.570796326795,0.));
#853 = ( GEOMETRIC_REPRESENTATION_CONTEXT(2) 
PARAMETRIC_REPRESENTATION_CONTEXT() REPRESENTATION_CONTEXT('2D SPACE',''
  ) );
#854 = PCURVE('',#855,#860);
#855 = CYLINDRICAL_SURFACE('',#856,2.1E-02);
#856 = AXIS2_PLACEMENT_3D('',#857,#858,#859);
#857 = CARTESIAN_POINT('',(-0.5,-0.229,2.1E-02));
#858 = DIRECTION('',(1.,0.,0.));
#859 = DIRECTION('',(0.,-1.,0.));
#860 = DEFINITIONAL_REPRESENTATION('',(#861),#864);
#861 = B_SPLINE_CURVE_WITH_KNOTS('',1,(#862,#863),.UNSPECIFIED.,.F.,.F.,
  (2,2),(4.712388980385,6.28318530718),.PIECEWISE_BEZIER_KNOTS.);
#862 = CARTESIAN_POINT('',(1.570796326795,2.1E-02));
#863 = CARTESIAN_POINT('',(0.,2.1E-02));
#864 = ( GEOMETRIC_REPRESENTATION_CONTEXT(2) 
PARAMETRIC_REPRESENTATION_CONTEXT() REPRESENTATION_CONTEXT('2D SPACE',''
  ) );
#865 = ORIENTED_EDGE('',*,*,#517,.F.);
#866 = ADVANCED_FACE('',(#867),#589,.T.);
#867 = FACE_BOUND('',#868,.F.);
#868 = EDGE_LOOP('',(#869,#870,#895));
#869 = ORIENTED_EDGE('',*,*,#683,.F.);
#870 = ORIENTED_EDGE('',*,*,#871,.T.);
#871 = EDGE_CURVE('',#684,#547,#872,.T.);
#872 = SURFACE_CURVE('',#873,(#878,#884),.PCURVE_S1.);
#873 = CIRCLE('',#874,2.1E-02);
#874 = AXIS2_PLACEMENT_3D('',#875,#876,#877);
#875 = CARTESIAN_POINT('',(-0.479,-0.229,0.329));
#876 = DIRECTION('',(1.,-6.123233995737E-17,0.));
#877 = DIRECTION('',(-6.123233995737E-17,-1.,0.));
#878 = PCURVE('',#589,#879);
#879 = DEFINITIONAL_REPRESENTATION('',(#880),#883);
#880 = B_SPLINE_CURVE_WITH_KNOTS('',1,(#881,#882),.UNSPECIFIED.,.F.,.F.,
  (2,2),(4.712388980385,6.28318530718),.PIECEWISE_BEZIER_KNOTS.);
#881 = CARTESIAN_POINT('',(-1.570796326795,-1.570796326795));
#882 = CARTESIAN_POINT('',(-1.570796326795,0.));
#883 = ( GEOMETRIC_REPRESENTATION_CONTEXT(2) 
PARAMETRIC_REPRESENTATION_CONTEXT() REPRESENTATION_CONTEXT('2D SPACE',''
  ) );
#884 = PCURVE('',#885,#890);
#885 = CYLINDRICAL_SURFACE('',#886,2.1E-02);
#886 = AXIS2_PLACEMENT_3D('',#887,#888,#889);
#887 = CARTESIAN_POINT('',(-0.5,-0.229,0.329));
#888 = DIRECTION('',(1.,0.,0.));
#889 = DIRECTION('',(0.,-1.,0.));
#890 = DEFINITIONAL_REPRESENTATION('',(#891),#894);
#891 = B_SPLINE_CURVE_WITH_KNOTS('',1,(#892,#893),.UNSPECIFIED.,.F.,.F.,
  (2,2),(4.712388980385,6.28318530718),.PIECEWISE_BEZIER_KNOTS.);
#892 = CARTESIAN_POINT('',(-1.570796326795,2.1E-02));
#893 = CARTESIAN_POINT('',(0.,2.1E-02));
#894 = ( GEOMETRIC_REPRESENTATION_CONTEXT(2) 
PARAMETRIC_REPRESENTATION_CONTEXT() REPRESENTATION_CONTEXT('2D SPACE',''
  ) );
#895 = ORIENTED_EDGE('',*,*,#574,.F.);
#896 = ADVANCED_FACE('',(#897),#562,.F.);
#897 = FACE_BOUND('',#898,.F.);
#898 = EDGE_LOOP('',(#899,#900,#923,#951));
#899 = ORIENTED_EDGE('',*,*,#546,.T.);
#900 = ORIENTED_EDGE('',*,*,#901,.T.);
#901 = EDGE_CURVE('',#547,#902,#904,.T.);
#902 = VERTEX_POINT('',#903);
#903 = CARTESIAN_POINT('',(-0.301,-0.25,0.329));
#904 = SURFACE_CURVE('',#905,(#909,#916),.PCURVE_S1.);
#905 = LINE('',#906,#907);
#906 = CARTESIAN_POINT('',(-0.5,-0.25,0.329));
#907 = VECTOR('',#908,1.);
#908 = DIRECTION('',(1.,0.,0.));
#909 = PCURVE('',#562,#910);
#910 = DEFINITIONAL_REPRESENTATION('',(#911),#915);
#911 = LINE('',#912,#913);
#912 = CARTESIAN_POINT('',(0.329,0.));
#913 = VECTOR('',#914,1.);
#914 = DIRECTION('',(0.,1.));
#915 = ( GEOMETRIC_REPRESENTATION_CONTEXT(2) 
PARAMETRIC_REPRESENTATION_CONTEXT() REPRESENTATION_CONTEXT('2D SPACE',''
  ) );
#916 = PCURVE('',#885,#917);
#917 = DEFINITIONAL_REPRESENTATION('',(#918),#922);
#918 = LINE('',#919,#920);
#919 = CARTESIAN_POINT('',(-0.,0.));
#920 = VECTOR('',#921,1.);
#921 = DIRECTION('',(-0.,1.));
#922 = ( GEOMETRIC_REPRESENTATION_CONTEXT(2) 
PARAMETRIC_REPRESENTATION_CONTEXT() REPRESENTATION_CONTEXT('2D SPACE',''
  ) );
#923 = ORIENTED_EDGE('',*,*,#924,.F.);
#924 = EDGE_CURVE('',#925,#902,#927,.T.);
#925 = VERTEX_POINT('',#926);
#926 = CARTESIAN_POINT('',(-0.301,-0.25,2.1E-02));
#927 = SURFACE_CURVE('',#928,(#932,#939),.PCURVE_S1.);
#928 = LINE('',#929,#930);
#929 = CARTESIAN_POINT('',(-0.301,-0.25,0.));
#930 = VECTOR('',#931,1.);
#931 = DIRECTION('',(0.,0.,1.));
#932 = PCURVE('',#562,#933);
#933 = DEFINITIONAL_REPRESENTATION('',(#934),#938);
#934 = LINE('',#935,#936);
#935 = CARTESIAN_POINT('',(0.,0.199));
#936 = VECTOR('',#937,1.);
#937 = DIRECTION('',(1.,0.));
#938 = ( GEOMETRIC_REPRESENTATION_CONTEXT(2) 
PARAMETRIC_REPRESENTATION_CONTEXT() REPRESENTATION_CONTEXT('2D SPACE',''
  ) );
#939 = PCURVE('',#940,#945);
#940 = CYLINDRICAL_SURFACE('',#941,2.1E-02);
#941 = AXIS2_PLACEMENT_3D('',#942,#943,#944);
#942 = CARTESIAN_POINT('',(-0.301,-0.229,0.));
#943 = DIRECTION('',(0.,0.,1.));
#944 = DIRECTION('',(1.,0.,-0.));
#945 = DEFINITIONAL_REPRESENTATION('',(#946),#950);
#946 = LINE('',#947,#948);
#947 = CARTESIAN_POINT('',(-1.570796326795,0.));
#948 = VECTOR('',#949,1.);
#949 = DIRECTION('',(-0.,1.));
#950 = ( GEOMETRIC_REPRESENTATION_CONTEXT(2) 
PARAMETRIC_REPRESENTATION_CONTEXT() REPRESENTATION_CONTEXT('2D SPACE',''
  ) );
#951 = ORIENTED_EDGE('',*,*,#952,.F.);
#952 = EDGE_CURVE('',#518,#925,#953,.T.);
#953 = SURFACE_CURVE('',#954,(#958,#965),.PCURVE_S1.);
#954 = LINE('',#955,#956);
#955 = CARTESIAN_POINT('',(-0.5,-0.25,2.1E-02));
#956 = VECTOR('',#957,1.);
#957 = DIRECTION('',(1.,0.,0.));
#958 = PCURVE('',#562,#959);
#959 = DEFINITIONAL_REPRESENTATION('',(#960),#964);
#960 = LINE('',#961,#962);
#961 = CARTESIAN_POINT('',(2.1E-02,0.));
#962 = VECTOR('',#963,1.);
#963 = DIRECTION('',(0.,1.));
#964 = ( GEOMETRIC_REPRESENTATION_CONTEXT(2) 
PARAMETRIC_REPRESENTATION_CONTEXT() REPRESENTATION_CONTEXT('2D SPACE',''
  ) );
#965 = PCURVE('',#855,#966);
#966 = DEFINITIONAL_REPRESENTATION('',(#967),#971);
#967 = LINE('',#968,#969);
#968 = CARTESIAN_POINT('',(0.,0.));
#969 = VECTOR('',#970,1.);
#970 = DIRECTION('',(0.,1.));
#971 = ( GEOMETRIC_REPRESENTATION_CONTEXT(2) 
PARAMETRIC_REPRESENTATION_CONTEXT() REPRESENTATION_CONTEXT('2D SPACE',''
  ) );
#972 = ADVANCED_FACE('',(#973),#642,.F.);
#973 = FACE_BOUND('',#974,.F.);
#974 = EDGE_LOOP('',(#975,#976,#999,#1027));
#975 = ORIENTED_EDGE('',*,*,#626,.F.);
#976 = ORIENTED_EDGE('',*,*,#977,.T.);
#977 = EDGE_CURVE('',#605,#978,#980,.T.);
#978 = VERTEX_POINT('',#979);
#979 = CARTESIAN_POINT('',(-0.301,-0.229,0.));
#980 = SURFACE_CURVE('',#981,(#985,#992),.PCURVE_S1.);
#981 = LINE('',#982,#983);
#982 = CARTESIAN_POINT('',(-0.5,-0.229,-3.469446951954E-18));
#983 = VECTOR('',#984,1.);
#984 = DIRECTION('',(1.,0.,0.));
#985 = PCURVE('',#642,#986);
#986 = DEFINITIONAL_REPRESENTATION('',(#987),#991);
#987 = LINE('',#988,#989);
#988 = CARTESIAN_POINT('',(0.,2.1E-02));
#989 = VECTOR('',#990,1.);
#990 = DIRECTION('',(1.,0.));
#991 = ( GEOMETRIC_REPRESENTATION_CONTEXT(2) 
PARAMETRIC_REPRESENTATION_CONTEXT() REPRESENTATION_CONTEXT('2D SPACE',''
  ) );
#992 = PCURVE('',#855,#993);
#993 = DEFINITIONAL_REPRESENTATION('',(#994),#998);
#994 = LINE('',#995,#996);
#995 = CARTESIAN_POINT('',(1.570796326795,0.));
#996 = VECTOR('',#997,1.);
#997 = DIRECTION('',(0.,1.));
#998 = ( GEOMETRIC_REPRESENTATION_CONTEXT(2) 
PARAMETRIC_REPRESENTATION_CONTEXT() REPRESENTATION_CONTEXT('2D SPACE',''
  ) );
#999 = ORIENTED_EDGE('',*,*,#1000,.T.);
#1000 = EDGE_CURVE('',#978,#1001,#1003,.T.);
#1001 = VERTEX_POINT('',#1002);
#1002 = CARTESIAN_POINT('',(-0.301,0.229,0.));
#1003 = SURFACE_CURVE('',#1004,(#1008,#1015),.PCURVE_S1.);
#1004 = LINE('',#1005,#1006);
#1005 = CARTESIAN_POINT('',(-0.301,-0.25,-3.469446951954E-18));
#1006 = VECTOR('',#1007,1.);
#1007 = DIRECTION('',(0.,1.,0.));
#1008 = PCURVE('',#642,#1009);
#1009 = DEFINITIONAL_REPRESENTATION('',(#1010),#1014);
#1010 = LINE('',#1011,#1012);
#1011 = CARTESIAN_POINT('',(0.199,0.));
#1012 = VECTOR('',#1013,1.);
#1013 = DIRECTION('',(0.,1.));
#1014 = ( GEOMETRIC_REPRESENTATION_CONTEXT(2) 
PARAMETRIC_REPRESENTATION_CONTEXT() REPRESENTATION_CONTEXT('2D SPACE',''
  ) );
#1015 = PCURVE('',#1016,#1021);
#1016 = CYLINDRICAL_SURFACE('',#1017,2.1E-02);
#1017 = AXIS2_PLACEMENT_3D('',#1018,#1019,#1020);
#1018 = CARTESIAN_POINT('',(-0.301,-0.25,2.1E-02));
#1019 = DIRECTION('',(0.,1.,0.));
#1020 = DIRECTION('',(1.,0.,-0.));
#1021 = DEFINITIONAL_REPRESENTATION('',(#1022),#1026);
#1022 = LINE('',#1023,#1024);
#1023 = CARTESIAN_POINT('',(1.570796326795,0.));
#1024 = VECTOR('',#1025,1.);
#1025 = DIRECTION('',(0.,1.));
#1026 = ( GEOMETRIC_REPRESENTATION_CONTEXT(2) 
PARAMETRIC_REPRESENTATION_CONTEXT() REPRESENTATION_CONTEXT('2D SPACE',''
  ) );
#1027 = ORIENTED_EDGE('',*,*,#1028,.F.);
#1028 = EDGE_CURVE('',#627,#1001,#1029,.T.);
#1029 = SURFACE_CURVE('',#1030,(#1034,#1041),.PCURVE_S1.);
#1030 = LINE('',#1031,#1032);
#1031 = CARTESIAN_POINT('',(-0.5,0.229,-3.469446951954E-18));
#1032 = VECTOR('',#1033,1.);
#1033 = DIRECTION('',(1.,0.,0.));
#1034 = PCURVE('',#642,#1035);
#1035 = DEFINITIONAL_REPRESENTATION('',(#1036),#1040);
#1036 = LINE('',#1037,#1038);
#1037 = CARTESIAN_POINT('',(0.,0.479));
#1038 = VECTOR('',#1039,1.);
#1039 = DIRECTION('',(1.,0.));
#1040 = ( GEOMETRIC_REPRESENTATION_CONTEXT(2) 
PARAMETRIC_REPRESENTATION_CONTEXT() REPRESENTATION_CONTEXT('2D SPACE',''
  ) );
#1041 = PCURVE('',#1042,#1047);
#1042 = CYLINDRICAL_SURFACE('',#1043,2.1E-02);
#1043 = AXIS2_PLACEMENT_3D('',#1044,#1045,#1046);
#1044 = CARTESIAN_POINT('',(-0.5,0.229,2.1E-02));
#1045 = DIRECTION('',(1.,0.,0.));
#1046 = DIRECTION('',(-0.,1.,0.));
#1047 = DEFINITIONAL_REPRESENTATION('',(#1048),#1052);
#1048 = LINE('',#1049,#1050);
#1049 = CARTESIAN_POINT('',(-1.570796326795,0.));
#1050 = VECTOR('',#1051,1.);
#1051 = DIRECTION('',(-0.,1.));
#1052 = ( GEOMETRIC_REPRESENTATION_CONTEXT(2) 
PARAMETRIC_REPRESENTATION_CONTEXT() REPRESENTATION_CONTEXT('2D SPACE',''
  ) );
#1053 = ADVANCED_FACE('',(#1054),#668,.T.);
#1054 = FACE_BOUND('',#1055,.F.);
#1055 = EDGE_LOOP('',(#1056,#1057,#1077));
#1056 = ORIENTED_EDGE('',*,*,#654,.F.);
#1057 = ORIENTED_EDGE('',*,*,#1058,.T.);
#1058 = EDGE_CURVE('',#627,#766,#1059,.T.);
#1059 = SURFACE_CURVE('',#1060,(#1065,#1071),.PCURVE_S1.);
#1060 = CIRCLE('',#1061,2.1E-02);
#1061 = AXIS2_PLACEMENT_3D('',#1062,#1063,#1064);
#1062 = CARTESIAN_POINT('',(-0.479,0.229,2.1E-02));
#1063 = DIRECTION('',(1.,7.180589257285E-17,-0.));
#1064 = DIRECTION('',(-7.180589257285E-17,1.,0.));
#1065 = PCURVE('',#668,#1066);
#1066 = DEFINITIONAL_REPRESENTATION('',(#1067),#1070);
#1067 = B_SPLINE_CURVE_WITH_KNOTS('',1,(#1068,#1069),.UNSPECIFIED.,.F.,
  .F.,(2,2),(4.712388980385,6.28318530718),.PIECEWISE_BEZIER_KNOTS.);
#1068 = CARTESIAN_POINT('',(-1.570796326795,-1.570796326795));
#1069 = CARTESIAN_POINT('',(-1.570796326795,0.));
#1070 = ( GEOMETRIC_REPRESENTATION_CONTEXT(2) 
PARAMETRIC_REPRESENTATION_CONTEXT() REPRESENTATION_CONTEXT('2D SPACE',''
  ) );
#1071 = PCURVE('',#1042,#1072);
#1072 = DEFINITIONAL_REPRESENTATION('',(#1073),#1076);
#1073 = B_SPLINE_CURVE_WITH_KNOTS('',1,(#1074,#1075),.UNSPECIFIED.,.F.,
  .F.,(2,2),(4.712388980385,6.28318530718),.PIECEWISE_BEZIER_KNOTS.);
#1074 = CARTESIAN_POINT('',(-1.570796326795,2.1E-02));
#1075 = CARTESIAN_POINT('',(0.,2.1E-02));
#1076 = ( GEOMETRIC_REPRESENTATION_CONTEXT(2) 
PARAMETRIC_REPRESENTATION_CONTEXT() REPRESENTATION_CONTEXT('2D SPACE',''
  ) );
#1077 = ORIENTED_EDGE('',*,*,#765,.F.);
#1078 = ADVANCED_FACE('',(#1079),#721,.T.);
#1079 = FACE_BOUND('',#1080,.T.);
#1080 = EDGE_LOOP('',(#1081,#1082,#1105,#1133));
#1081 = ORIENTED_EDGE('',*,*,#705,.F.);
#1082 = ORIENTED_EDGE('',*,*,#1083,.T.);
#1083 = EDGE_CURVE('',#684,#1084,#1086,.T.);
#1084 = VERTEX_POINT('',#1085);
#1085 = CARTESIAN_POINT('',(-0.301,-0.229,0.35));
#1086 = SURFACE_CURVE('',#1087,(#1091,#1098),.PCURVE_S1.);
#1087 = LINE('',#1088,#1089);
#1088 = CARTESIAN_POINT('',(-0.5,-0.229,0.35));
#1089 = VECTOR('',#1090,1.);
#1090 = DIRECTION('',(1.,0.,0.));
#1091 = PCURVE('',#721,#1092);
#1092 = DEFINITIONAL_REPRESENTATION('',(#1093),#1097);
#1093 = LINE('',#1094,#1095);
#1094 = CARTESIAN_POINT('',(0.,2.1E-02));
#1095 = VECTOR('',#1096,1.);
#1096 = DIRECTION('',(1.,0.));
#1097 = ( GEOMETRIC_REPRESENTATION_CONTEXT(2) 
PARAMETRIC_REPRESENTATION_CONTEXT() REPRESENTATION_CONTEXT('2D SPACE',''
  ) );
#1098 = PCURVE('',#885,#1099);
#1099 = DEFINITIONAL_REPRESENTATION('',(#1100),#1104);
#1100 = LINE('',#1101,#1102);
#1101 = CARTESIAN_POINT('',(-1.570796326795,0.));
#1102 = VECTOR('',#1103,1.);
#1103 = DIRECTION('',(-0.,1.));
#1104 = ( GEOMETRIC_REPRESENTATION_CONTEXT(2) 
PARAMETRIC_REPRESENTATION_CONTEXT() REPRESENTATION_CONTEXT('2D SPACE',''
  ) );
#1105 = ORIENTED_EDGE('',*,*,#1106,.T.);
#1106 = EDGE_CURVE('',#1084,#1107,#1109,.T.);
#1107 = VERTEX_POINT('',#1108);
#1108 = CARTESIAN_POINT('',(-0.301,0.229,0.35));
#1109 = SURFACE_CURVE('',#1110,(#1114,#1121),.PCURVE_S1.);
#1110 = LINE('',#1111,#1112);
#1111 = CARTESIAN_POINT('',(-0.301,-0.25,0.35));
#1112 = VECTOR('',#1113,1.);
#1113 = DIRECTION('',(0.,1.,0.));
#1114 = PCURVE('',#721,#1115);
#1115 = DEFINITIONAL_REPRESENTATION('',(#1116),#1120);
#1116 = LINE('',#1117,#1118);
#1117 = CARTESIAN_POINT('',(0.199,0.));
#1118 = VECTOR('',#1119,1.);
#1119 = DIRECTION('',(0.,1.));
#1120 = ( GEOMETRIC_REPRESENTATION_CONTEXT(2) 
PARAMETRIC_REPRESENTATION_CONTEXT() REPRESENTATION_CONTEXT('2D SPACE',''
  ) );
#1121 = PCURVE('',#1122,#1127);
#1122 = CYLINDRICAL_SURFACE('',#1123,2.1E-02);
#1123 = AXIS2_PLACEMENT_3D('',#1124,#1125,#1126);
#1124 = CARTESIAN_POINT('',(-0.301,-0.25,0.329));
#1125 = DIRECTION('',(0.,1.,0.));
#1126 = DIRECTION('',(1.,0.,-0.));
#1127 = DEFINITIONAL_REPRESENTATION('',(#1128),#1132);
#1128 = LINE('',#1129,#1130);
#1129 = CARTESIAN_POINT('',(-1.570796326795,0.));
#1130 = VECTOR('',#1131,1.);
#1131 = DIRECTION('',(-0.,1.));
#1132 = ( GEOMETRIC_REPRESENTATION_CONTEXT(2) 
PARAMETRIC_REPRESENTATION_CONTEXT() REPRESENTATION_CONTEXT('2D SPACE',''
  ) );
#1133 = ORIENTED_EDGE('',*,*,#1134,.F.);
#1134 = EDGE_CURVE('',#706,#1107,#1135,.T.);
#1135 = SURFACE_CURVE('',#1136,(#1140,#1147),.PCURVE_S1.);
#1136 = LINE('',#1137,#1138);
#1137 = CARTESIAN_POINT('',(-0.5,0.229,0.35));
#1138 = VECTOR('',#1139,1.);
#1139 = DIRECTION('',(1.,0.,0.));
#1140 = PCURVE('',#721,#1141);
#1141 = DEFINITIONAL_REPRESENTATION('',(#1142),#1146);
#1142 = LINE('',#1143,#1144);
#1143 = CARTESIAN_POINT('',(0.,0.479));
#1144 = VECTOR('',#1145,1.);
#1145 = DIRECTION('',(1.,0.));
#1146 = ( GEOMETRIC_REPRESENTATION_CONTEXT(2) 
PARAMETRIC_REPRESENTATION_CONTEXT() REPRESENTATION_CONTEXT('2D SPACE',''
  ) );
#1147 = PCURVE('',#1148,#1153);
#1148 = CYLINDRICAL_SURFACE('',#1149,2.1E-02);
#1149 = AXIS2_PLACEMENT_3D('',#1150,#1151,#1152);
#1150 = CARTESIAN_POINT('',(-0.5,0.229,0.329));
#1151 = DIRECTION('',(1.,0.,0.));
#1152 = DIRECTION('',(-0.,1.,0.));
#1153 = DEFINITIONAL_REPRESENTATION('',(#1154),#1158);
#1154 = LINE('',#1155,#1156);
#1155 = CARTESIAN_POINT('',(1.570796326795,0.));
#1156 = VECTOR('',#1157,1.);
#1157 = DIRECTION('',(0.,1.));
#1158 = ( GEOMETRIC_REPRESENTATION_CONTEXT(2) 
PARAMETRIC_REPRESENTATION_CONTEXT() REPRESENTATION_CONTEXT('2D SPACE',''
  ) );
#1159 = ADVANCED_FACE('',(#1160),#748,.T.);
#1160 = FACE_BOUND('',#1161,.F.);
#1161 = EDGE_LOOP('',(#1162,#1163,#1183));
#1162 = ORIENTED_EDGE('',*,*,#817,.F.);
#1163 = ORIENTED_EDGE('',*,*,#1164,.T.);
#1164 = EDGE_CURVE('',#790,#706,#1165,.T.);
#1165 = SURFACE_CURVE('',#1166,(#1171,#1177),.PCURVE_S1.);
#1166 = CIRCLE('',#1167,2.1E-02);
#1167 = AXIS2_PLACEMENT_3D('',#1168,#1169,#1170);
#1168 = CARTESIAN_POINT('',(-0.479,0.229,0.329));
#1169 = DIRECTION('',(1.,0.,6.123233995737E-17));
#1170 = DIRECTION('',(-6.123233995737E-17,0.,1.));
#1171 = PCURVE('',#748,#1172);
#1172 = DEFINITIONAL_REPRESENTATION('',(#1173),#1176);
#1173 = B_SPLINE_CURVE_WITH_KNOTS('',1,(#1174,#1175),.UNSPECIFIED.,.F.,
  .F.,(2,2),(4.712388980385,6.28318530718),.PIECEWISE_BEZIER_KNOTS.);
#1174 = CARTESIAN_POINT('',(-1.570796326795,-1.570796326795));
#1175 = CARTESIAN_POINT('',(-1.570796326795,0.));
#1176 = ( GEOMETRIC_REPRESENTATION_CONTEXT(2) 
PARAMETRIC_REPRESENTATION_CONTEXT() REPRESENTATION_CONTEXT('2D SPACE',''
  ) );
#1177 = PCURVE('',#1148,#1178);
#1178 = DEFINITIONAL_REPRESENTATION('',(#1179),#1182);
#1179 = B_SPLINE_CURVE_WITH_KNOTS('',1,(#1180,#1181),.UNSPECIFIED.,.F.,
  .F.,(2,2),(4.712388980385,6.28318530718),.PIECEWISE_BEZIER_KNOTS.);
#1180 = CARTESIAN_POINT('',(0.,2.1E-02));
#1181 = CARTESIAN_POINT('',(1.570796326795,2.1E-02));
#1182 = ( GEOMETRIC_REPRESENTATION_CONTEXT(2) 
PARAMETRIC_REPRESENTATION_CONTEXT() REPRESENTATION_CONTEXT('2D SPACE',''
  ) );
#1183 = ORIENTED_EDGE('',*,*,#733,.F.);
#1184 = ADVANCED_FACE('',(#1185),#805,.T.);
#1185 = FACE_BOUND('',#1186,.T.);
#1186 = EDGE_LOOP('',(#1187,#1188,#1211,#1239));
#1187 = ORIENTED_EDGE('',*,*,#789,.T.);
#1188 = ORIENTED_EDGE('',*,*,#1189,.T.);
#1189 = EDGE_CURVE('',#790,#1190,#1192,.T.);
#1190 = VERTEX_POINT('',#1191);
#1191 = CARTESIAN_POINT('',(-0.301,0.25,0.329));
#1192 = SURFACE_CURVE('',#1193,(#1197,#1204),.PCURVE_S1.);
#1193 = LINE('',#1194,#1195);
#1194 = CARTESIAN_POINT('',(-0.5,0.25,0.329));
#1195 = VECTOR('',#1196,1.);
#1196 = DIRECTION('',(1.,0.,0.));
#1197 = PCURVE('',#805,#1198);
#1198 = DEFINITIONAL_REPRESENTATION('',(#1199),#1203);
#1199 = LINE('',#1200,#1201);
#1200 = CARTESIAN_POINT('',(0.329,0.));
#1201 = VECTOR('',#1202,1.);
#1202 = DIRECTION('',(0.,1.));
#1203 = ( GEOMETRIC_REPRESENTATION_CONTEXT(2) 
PARAMETRIC_REPRESENTATION_CONTEXT() REPRESENTATION_CONTEXT('2D SPACE',''
  ) );
#1204 = PCURVE('',#1148,#1205);
#1205 = DEFINITIONAL_REPRESENTATION('',(#1206),#1210);
#1206 = LINE('',#1207,#1208);
#1207 = CARTESIAN_POINT('',(0.,0.));
#1208 = VECTOR('',#1209,1.);
#1209 = DIRECTION('',(0.,1.));
#1210 = ( GEOMETRIC_REPRESENTATION_CONTEXT(2) 
PARAMETRIC_REPRESENTATION_CONTEXT() REPRESENTATION_CONTEXT('2D SPACE',''
  ) );
#1211 = ORIENTED_EDGE('',*,*,#1212,.F.);
#1212 = EDGE_CURVE('',#1213,#1190,#1215,.T.);
#1213 = VERTEX_POINT('',#1214);
#1214 = CARTESIAN_POINT('',(-0.301,0.25,2.1E-02));
#1215 = SURFACE_CURVE('',#1216,(#1220,#1227),.PCURVE_S1.);
#1216 = LINE('',#1217,#1218);
#1217 = CARTESIAN_POINT('',(-0.301,0.25,0.));
#1218 = VECTOR('',#1219,1.);
#1219 = DIRECTION('',(0.,0.,1.));
#1220 = PCURVE('',#805,#1221);
#1221 = DEFINITIONAL_REPRESENTATION('',(#1222),#1226);
#1222 = LINE('',#1223,#1224);
#1223 = CARTESIAN_POINT('',(0.,0.199));
#1224 = VECTOR('',#1225,1.);
#1225 = DIRECTION('',(1.,0.));
#1226 = ( GEOMETRIC_REPRESENTATION_CONTEXT(2) 
PARAMETRIC_REPRESENTATION_CONTEXT() REPRESENTATION_CONTEXT('2D SPACE',''
  ) );
#1227 = PCURVE('',#1228,#1233);
#1228 = CYLINDRICAL_SURFACE('',#1229,2.1E-02);
#1229 = AXIS2_PLACEMENT_3D('',#1230,#1231,#1232);
#1230 = CARTESIAN_POINT('',(-0.301,0.229,0.));
#1231 = DIRECTION('',(0.,0.,1.));
#1232 = DIRECTION('',(1.,0.,-0.));
#1233 = DEFINITIONAL_REPRESENTATION('',(#1234),#1238);
#1234 = LINE('',#1235,#1236);
#1235 = CARTESIAN_POINT('',(1.570796326795,0.));
#1236 = VECTOR('',#1237,1.);
#1237 = DIRECTION('',(0.,1.));
#1238 = ( GEOMETRIC_REPRESENTATION_CONTEXT(2) 
PARAMETRIC_REPRESENTATION_CONTEXT() REPRESENTATION_CONTEXT('2D SPACE',''
  ) );
#1239 = ORIENTED_EDGE('',*,*,#1240,.F.);
#1240 = EDGE_CURVE('',#766,#1213,#1241,.T.);
#1241 = SURFACE_CURVE('',#1242,(#1246,#1253),.PCURVE_S1.);
#1242 = LINE('',#1243,#1244);
#1243 = CARTESIAN_POINT('',(-0.5,0.25,2.1E-02));
#1244 = VECTOR('',#1245,1.);
#1245 = DIRECTION('',(1.,0.,0.));
#1246 = PCURVE('',#805,#1247);
#1247 = DEFINITIONAL_REPRESENTATION('',(#1248),#1252);
#1248 = LINE('',#1249,#1250);
#1249 = CARTESIAN_POINT('',(2.1E-02,0.));
#1250 = VECTOR('',#1251,1.);
#1251 = DIRECTION('',(0.,1.));
#1252 = ( GEOMETRIC_REPRESENTATION_CONTEXT(2) 
PARAMETRIC_REPRESENTATION_CONTEXT() REPRESENTATION_CONTEXT('2D SPACE',''
  ) );
#1253 = PCURVE('',#1042,#1254);
#1254 = DEFINITIONAL_REPRESENTATION('',(#1255),#1259);
#1255 = LINE('',#1256,#1257);
#1256 = CARTESIAN_POINT('',(-0.,0.));
#1257 = VECTOR('',#1258,1.);
#1258 = DIRECTION('',(-0.,1.));
#1259 = ( GEOMETRIC_REPRESENTATION_CONTEXT(2) 
PARAMETRIC_REPRESENTATION_CONTEXT() REPRESENTATION_CONTEXT('2D SPACE',''
  ) );
#1260 = ADVANCED_FACE('',(#1261),#855,.T.);
#1261 = FACE_BOUND('',#1262,.T.);
#1262 = EDGE_LOOP('',(#1263,#1264,#1265,#1290));
#1263 = ORIENTED_EDGE('',*,*,#841,.F.);
#1264 = ORIENTED_EDGE('',*,*,#977,.T.);
#1265 = ORIENTED_EDGE('',*,*,#1266,.T.);
#1266 = EDGE_CURVE('',#978,#925,#1267,.T.);
#1267 = SURFACE_CURVE('',#1268,(#1273,#1279),.PCURVE_S1.);
#1268 = CIRCLE('',#1269,2.1E-02);
#1269 = AXIS2_PLACEMENT_3D('',#1270,#1271,#1272);
#1270 = CARTESIAN_POINT('',(-0.301,-0.229,2.1E-02));
#1271 = DIRECTION('',(-1.,-6.123233995737E-17,0.));
#1272 = DIRECTION('',(6.123233995737E-17,-1.,-0.));
#1273 = PCURVE('',#855,#1274);
#1274 = DEFINITIONAL_REPRESENTATION('',(#1275),#1278);
#1275 = B_SPLINE_CURVE_WITH_KNOTS('',1,(#1276,#1277),.UNSPECIFIED.,.F.,
  .F.,(2,2),(4.712388980385,6.28318530718),.PIECEWISE_BEZIER_KNOTS.);
#1276 = CARTESIAN_POINT('',(1.570796326795,0.199));
#1277 = CARTESIAN_POINT('',(0.,0.199));
#1278 = ( GEOMETRIC_REPRESENTATION_CONTEXT(2) 
PARAMETRIC_REPRESENTATION_CONTEXT() REPRESENTATION_CONTEXT('2D SPACE',''
  ) );
#1279 = PCURVE('',#1280,#1285);
#1280 = SPHERICAL_SURFACE('',#1281,2.1E-02);
#1281 = AXIS2_PLACEMENT_3D('',#1282,#1283,#1284);
#1282 = CARTESIAN_POINT('',(-0.301,-0.229,2.1E-02));
#1283 = DIRECTION('',(0.,0.,1.));
#1284 = DIRECTION('',(1.,0.,-0.));
#1285 = DEFINITIONAL_REPRESENTATION('',(#1286),#1289);
#1286 = B_SPLINE_CURVE_WITH_KNOTS('',1,(#1287,#1288),.UNSPECIFIED.,.F.,
  .F.,(2,2),(4.712388980385,6.28318530718),.PIECEWISE_BEZIER_KNOTS.);
#1287 = CARTESIAN_POINT('',(-1.570796326795,-1.570796326795));
#1288 = CARTESIAN_POINT('',(-1.570796326795,0.));
#1289 = ( GEOMETRIC_REPRESENTATION_CONTEXT(2) 
PARAMETRIC_REPRESENTATION_CONTEXT() REPRESENTATION_CONTEXT('2D SPACE',''
  ) );
#1290 = ORIENTED_EDGE('',*,*,#952,.F.);
#1291 = ADVANCED_FACE('',(#1292),#885,.T.);
#1292 = FACE_BOUND('',#1293,.F.);
#1293 = EDGE_LOOP('',(#1294,#1295,#1296,#1321));
#1294 = ORIENTED_EDGE('',*,*,#871,.F.);
#1295 = ORIENTED_EDGE('',*,*,#1083,.T.);
#1296 = ORIENTED_EDGE('',*,*,#1297,.T.);
#1297 = EDGE_CURVE('',#1084,#902,#1298,.T.);
#1298 = SURFACE_CURVE('',#1299,(#1304,#1310),.PCURVE_S1.);
#1299 = CIRCLE('',#1300,2.1E-02);
#1300 = AXIS2_PLACEMENT_3D('',#1301,#1302,#1303);
#1301 = CARTESIAN_POINT('',(-0.301,-0.229,0.329));
#1302 = DIRECTION('',(1.,6.123233995737E-17,0.));
#1303 = DIRECTION('',(6.123233995737E-17,-1.,0.));
#1304 = PCURVE('',#885,#1305);
#1305 = DEFINITIONAL_REPRESENTATION('',(#1306),#1309);
#1306 = B_SPLINE_CURVE_WITH_KNOTS('',1,(#1307,#1308),.UNSPECIFIED.,.F.,
  .F.,(2,2),(4.712388980385,6.28318530718),.PIECEWISE_BEZIER_KNOTS.);
#1307 = CARTESIAN_POINT('',(-1.570796326795,0.199));
#1308 = CARTESIAN_POINT('',(0.,0.199));
#1309 = ( GEOMETRIC_REPRESENTATION_CONTEXT(2) 
PARAMETRIC_REPRESENTATION_CONTEXT() REPRESENTATION_CONTEXT('2D SPACE',''
  ) );
#1310 = PCURVE('',#1311,#1316);
#1311 = SPHERICAL_SURFACE('',#1312,2.1E-02);
#1312 = AXIS2_PLACEMENT_3D('',#1313,#1314,#1315);
#1313 = CARTESIAN_POINT('',(-0.301,-0.229,0.329));
#1314 = DIRECTION('',(-0.,-0.,-1.));
#1315 = DIRECTION('',(1.,0.,0.));
#1316 = DEFINITIONAL_REPRESENTATION('',(#1317),#1320);
#1317 = B_SPLINE_CURVE_WITH_KNOTS('',1,(#1318,#1319),.UNSPECIFIED.,.F.,
  .F.,(2,2),(4.712388980385,6.28318530718),.PIECEWISE_BEZIER_KNOTS.);
#1318 = CARTESIAN_POINT('',(1.570796326795,-1.570796326795));
#1319 = CARTESIAN_POINT('',(1.570796326795,0.));
#1320 = ( GEOMETRIC_REPRESENTATION_CONTEXT(2) 
PARAMETRIC_REPRESENTATION_CONTEXT() REPRESENTATION_CONTEXT('2D SPACE',''
  ) );
#1321 = ORIENTED_EDGE('',*,*,#901,.F.);
#1322 = ADVANCED_FACE('',(#1323),#940,.T.);
#1323 = FACE_BOUND('',#1324,.F.);
#1324 = EDGE_LOOP('',(#1325,#1355,#1377,#1378));
#1325 = ORIENTED_EDGE('',*,*,#1326,.F.);
#1326 = EDGE_CURVE('',#1327,#1329,#1331,.T.);
#1327 = VERTEX_POINT('',#1328);
#1328 = CARTESIAN_POINT('',(-0.28,-0.229,2.1E-02));
#1329 = VERTEX_POINT('',#1330);
#1330 = CARTESIAN_POINT('',(-0.28,-0.229,0.329));
#1331 = SURFACE_CURVE('',#1332,(#1336,#1343),.PCURVE_S1.);
#1332 = LINE('',#1333,#1334);
#1333 = CARTESIAN_POINT('',(-0.28,-0.229,0.));
#1334 = VECTOR('',#1335,1.);
#1335 = DIRECTION('',(0.,0.,1.));
#1336 = PCURVE('',#940,#1337);
#1337 = DEFINITIONAL_REPRESENTATION('',(#1338),#1342);
#1338 = LINE('',#1339,#1340);
#1339 = CARTESIAN_POINT('',(-0.,0.));
#1340 = VECTOR('',#1341,1.);
#1341 = DIRECTION('',(-0.,1.));
#1342 = ( GEOMETRIC_REPRESENTATION_CONTEXT(2) 
PARAMETRIC_REPRESENTATION_CONTEXT() REPRESENTATION_CONTEXT('2D SPACE',''
  ) );
#1343 = PCURVE('',#1344,#1349);
#1344 = PLANE('',#1345);
#1345 = AXIS2_PLACEMENT_3D('',#1346,#1347,#1348);
#1346 = CARTESIAN_POINT('',(-0.28,-0.25,0.));
#1347 = DIRECTION('',(1.,0.,0.));
#1348 = DIRECTION('',(0.,0.,1.));
#1349 = DEFINITIONAL_REPRESENTATION('',(#1350),#1354);
#1350 = LINE('',#1351,#1352);
#1351 = CARTESIAN_POINT('',(0.,-2.1E-02));
#1352 = VECTOR('',#1353,1.);
#1353 = DIRECTION('',(1.,0.));
#1354 = ( GEOMETRIC_REPRESENTATION_CONTEXT(2) 
PARAMETRIC_REPRESENTATION_CONTEXT() REPRESENTATION_CONTEXT('2D SPACE',''
  ) );
#1355 = ORIENTED_EDGE('',*,*,#1356,.T.);
#1356 = EDGE_CURVE('',#1327,#925,#1357,.T.);
#1357 = SURFACE_CURVE('',#1358,(#1363,#1370),.PCURVE_S1.);
#1358 = CIRCLE('',#1359,2.1E-02);
#1359 = AXIS2_PLACEMENT_3D('',#1360,#1361,#1362);
#1360 = CARTESIAN_POINT('',(-0.301,-0.229,2.1E-02));
#1361 = DIRECTION('',(0.,-0.,-1.));
#1362 = DIRECTION('',(1.,0.,-0.));
#1363 = PCURVE('',#940,#1364);
#1364 = DEFINITIONAL_REPRESENTATION('',(#1365),#1369);
#1365 = LINE('',#1366,#1367);
#1366 = CARTESIAN_POINT('',(-0.,2.1E-02));
#1367 = VECTOR('',#1368,1.);
#1368 = DIRECTION('',(-1.,0.));
#1369 = ( GEOMETRIC_REPRESENTATION_CONTEXT(2) 
PARAMETRIC_REPRESENTATION_CONTEXT() REPRESENTATION_CONTEXT('2D SPACE',''
  ) );
#1370 = PCURVE('',#1280,#1371);
#1371 = DEFINITIONAL_REPRESENTATION('',(#1372),#1376);
#1372 = LINE('',#1373,#1374);
#1373 = CARTESIAN_POINT('',(-0.,0.));
#1374 = VECTOR('',#1375,1.);
#1375 = DIRECTION('',(-1.,0.));
#1376 = ( GEOMETRIC_REPRESENTATION_CONTEXT(2) 
PARAMETRIC_REPRESENTATION_CONTEXT() REPRESENTATION_CONTEXT('2D SPACE',''
  ) );
#1377 = ORIENTED_EDGE('',*,*,#924,.T.);
#1378 = ORIENTED_EDGE('',*,*,#1379,.F.);
#1379 = EDGE_CURVE('',#1329,#902,#1380,.T.);
#1380 = SURFACE_CURVE('',#1381,(#1386,#1393),.PCURVE_S1.);
#1381 = CIRCLE('',#1382,2.1E-02);
#1382 = AXIS2_PLACEMENT_3D('',#1383,#1384,#1385);
#1383 = CARTESIAN_POINT('',(-0.301,-0.229,0.329));
#1384 = DIRECTION('',(0.,0.,-1.));
#1385 = DIRECTION('',(1.,0.,0.));
#1386 = PCURVE('',#940,#1387);
#1387 = DEFINITIONAL_REPRESENTATION('',(#1388),#1392);
#1388 = LINE('',#1389,#1390);
#1389 = CARTESIAN_POINT('',(-0.,0.329));
#1390 = VECTOR('',#1391,1.);
#1391 = DIRECTION('',(-1.,0.));
#1392 = ( GEOMETRIC_REPRESENTATION_CONTEXT(2) 
PARAMETRIC_REPRESENTATION_CONTEXT() REPRESENTATION_CONTEXT('2D SPACE',''
  ) );
#1393 = PCURVE('',#1311,#1394);
#1394 = DEFINITIONAL_REPRESENTATION('',(#1395),#1399);
#1395 = LINE('',#1396,#1397);
#1396 = CARTESIAN_POINT('',(0.,0.));
#1397 = VECTOR('',#1398,1.);
#1398 = DIRECTION('',(1.,0.));
#1399 = ( GEOMETRIC_REPRESENTATION_CONTEXT(2) 
PARAMETRIC_REPRESENTATION_CONTEXT() REPRESENTATION_CONTEXT('2D SPACE',''
  ) );
#1400 = ADVANCED_FACE('',(#1401),#1042,.T.);
#1401 = FACE_BOUND('',#1402,.F.);
#1402 = EDGE_LOOP('',(#1403,#1404,#1405,#1430));
#1403 = ORIENTED_EDGE('',*,*,#1058,.F.);
#1404 = ORIENTED_EDGE('',*,*,#1028,.T.);
#1405 = ORIENTED_EDGE('',*,*,#1406,.T.);
#1406 = EDGE_CURVE('',#1001,#1213,#1407,.T.);
#1407 = SURFACE_CURVE('',#1408,(#1413,#1419),.PCURVE_S1.);
#1408 = CIRCLE('',#1409,2.1E-02);
#1409 = AXIS2_PLACEMENT_3D('',#1410,#1411,#1412);
#1410 = CARTESIAN_POINT('',(-0.301,0.229,2.1E-02));
#1411 = DIRECTION('',(1.,-7.180589257285E-17,0.));
#1412 = DIRECTION('',(7.180589257285E-17,1.,0.));
#1413 = PCURVE('',#1042,#1414);
#1414 = DEFINITIONAL_REPRESENTATION('',(#1415),#1418);
#1415 = B_SPLINE_CURVE_WITH_KNOTS('',1,(#1416,#1417),.UNSPECIFIED.,.F.,
  .F.,(2,2),(4.712388980385,6.28318530718),.PIECEWISE_BEZIER_KNOTS.);
#1416 = CARTESIAN_POINT('',(-1.570796326795,0.199));
#1417 = CARTESIAN_POINT('',(0.,0.199));
#1418 = ( GEOMETRIC_REPRESENTATION_CONTEXT(2) 
PARAMETRIC_REPRESENTATION_CONTEXT() REPRESENTATION_CONTEXT('2D SPACE',''
  ) );
#1419 = PCURVE('',#1420,#1425);
#1420 = SPHERICAL_SURFACE('',#1421,2.1E-02);
#1421 = AXIS2_PLACEMENT_3D('',#1422,#1423,#1424);
#1422 = CARTESIAN_POINT('',(-0.301,0.229,2.1E-02));
#1423 = DIRECTION('',(0.,0.,1.));
#1424 = DIRECTION('',(1.,1.321694076935E-15,-0.));
#1425 = DEFINITIONAL_REPRESENTATION('',(#1426),#1429);
#1426 = B_SPLINE_CURVE_WITH_KNOTS('',1,(#1427,#1428),.UNSPECIFIED.,.F.,
  .F.,(2,2),(4.712388980385,6.28318530718),.PIECEWISE_BEZIER_KNOTS.);
#1427 = CARTESIAN_POINT('',(1.570796326795,-1.570796326795));
#1428 = CARTESIAN_POINT('',(1.570796326795,0.));
#1429 = ( GEOMETRIC_REPRESENTATION_CONTEXT(2) 
PARAMETRIC_REPRESENTATION_CONTEXT() REPRESENTATION_CONTEXT('2D SPACE',''
  ) );
#1430 = ORIENTED_EDGE('',*,*,#1240,.F.);
#1431 = ADVANCED_FACE('',(#1432),#1016,.T.);
#1432 = FACE_BOUND('',#1433,.T.);
#1433 = EDGE_LOOP('',(#1434,#1454,#1455,#1477));
#1434 = ORIENTED_EDGE('',*,*,#1435,.F.);
#1435 = EDGE_CURVE('',#978,#1327,#1436,.T.);
#1436 = SURFACE_CURVE('',#1437,(#1442,#1448),.PCURVE_S1.);
#1437 = CIRCLE('',#1438,2.1E-02);
#1438 = AXIS2_PLACEMENT_3D('',#1439,#1440,#1441);
#1439 = CARTESIAN_POINT('',(-0.301,-0.229,2.1E-02));
#1440 = DIRECTION('',(0.,-1.,0.));
#1441 = DIRECTION('',(1.,0.,0.));
#1442 = PCURVE('',#1016,#1443);
#1443 = DEFINITIONAL_REPRESENTATION('',(#1444),#1447);
#1444 = B_SPLINE_CURVE_WITH_KNOTS('',1,(#1445,#1446),.UNSPECIFIED.,.F.,
  .F.,(2,2),(4.712388980385,6.28318530718),.PIECEWISE_BEZIER_KNOTS.);
#1445 = CARTESIAN_POINT('',(1.570796326795,2.1E-02));
#1446 = CARTESIAN_POINT('',(0.,2.1E-02));
#1447 = ( GEOMETRIC_REPRESENTATION_CONTEXT(2) 
PARAMETRIC_REPRESENTATION_CONTEXT() REPRESENTATION_CONTEXT('2D SPACE',''
  ) );
#1448 = PCURVE('',#1280,#1449);
#1449 = DEFINITIONAL_REPRESENTATION('',(#1450),#1453);
#1450 = B_SPLINE_CURVE_WITH_KNOTS('',1,(#1451,#1452),.UNSPECIFIED.,.F.,
  .F.,(2,2),(4.712388980385,6.28318530718),.PIECEWISE_BEZIER_KNOTS.);
#1451 = CARTESIAN_POINT('',(0.,-1.570796326795));
#1452 = CARTESIAN_POINT('',(0.,0.));
#1453 = ( GEOMETRIC_REPRESENTATION_CONTEXT(2) 
PARAMETRIC_REPRESENTATION_CONTEXT() REPRESENTATION_CONTEXT('2D SPACE',''
  ) );
#1454 = ORIENTED_EDGE('',*,*,#1000,.T.);
#1455 = ORIENTED_EDGE('',*,*,#1456,.T.);
#1456 = EDGE_CURVE('',#1001,#1457,#1459,.T.);
#1457 = VERTEX_POINT('',#1458);
#1458 = CARTESIAN_POINT('',(-0.28,0.229,2.1E-02));
#1459 = SURFACE_CURVE('',#1460,(#1465,#1471),.PCURVE_S1.);
#1460 = CIRCLE('',#1461,2.1E-02);
#1461 = AXIS2_PLACEMENT_3D('',#1462,#1463,#1464);
#1462 = CARTESIAN_POINT('',(-0.301,0.229,2.1E-02));
#1463 = DIRECTION('',(1.321694076935E-15,-1.,0.));
#1464 = DIRECTION('',(1.,1.321694076935E-15,0.));
#1465 = PCURVE('',#1016,#1466);
#1466 = DEFINITIONAL_REPRESENTATION('',(#1467),#1470);
#1467 = B_SPLINE_CURVE_WITH_KNOTS('',1,(#1468,#1469),.UNSPECIFIED.,.F.,
  .F.,(2,2),(4.712388980385,6.28318530718),.PIECEWISE_BEZIER_KNOTS.);
#1468 = CARTESIAN_POINT('',(1.570796326795,0.479));
#1469 = CARTESIAN_POINT('',(0.,0.479));
#1470 = ( GEOMETRIC_REPRESENTATION_CONTEXT(2) 
PARAMETRIC_REPRESENTATION_CONTEXT() REPRESENTATION_CONTEXT('2D SPACE',''
  ) );
#1471 = PCURVE('',#1420,#1472);
#1472 = DEFINITIONAL_REPRESENTATION('',(#1473),#1476);
#1473 = B_SPLINE_CURVE_WITH_KNOTS('',1,(#1474,#1475),.UNSPECIFIED.,.F.,
  .F.,(2,2),(4.712388980385,6.28318530718),.PIECEWISE_BEZIER_KNOTS.);
#1474 = CARTESIAN_POINT('',(0.,-1.570796326795));
#1475 = CARTESIAN_POINT('',(0.,0.));
#1476 = ( GEOMETRIC_REPRESENTATION_CONTEXT(2) 
PARAMETRIC_REPRESENTATION_CONTEXT() REPRESENTATION_CONTEXT('2D SPACE',''
  ) );
#1477 = ORIENTED_EDGE('',*,*,#1478,.F.);
#1478 = EDGE_CURVE('',#1327,#1457,#1479,.T.);
#1479 = SURFACE_CURVE('',#1480,(#1484,#1491),.PCURVE_S1.);
#1480 = LINE('',#1481,#1482);
#1481 = CARTESIAN_POINT('',(-0.28,-0.25,2.1E-02));
#1482 = VECTOR('',#1483,1.);
#1483 = DIRECTION('',(0.,1.,0.));
#1484 = PCURVE('',#1016,#1485);
#1485 = DEFINITIONAL_REPRESENTATION('',(#1486),#1490);
#1486 = LINE('',#1487,#1488);
#1487 = CARTESIAN_POINT('',(0.,0.));
#1488 = VECTOR('',#1489,1.);
#1489 = DIRECTION('',(0.,1.));
#1490 = ( GEOMETRIC_REPRESENTATION_CONTEXT(2) 
PARAMETRIC_REPRESENTATION_CONTEXT() REPRESENTATION_CONTEXT('2D SPACE',''
  ) );
#1491 = PCURVE('',#1344,#1492);
#1492 = DEFINITIONAL_REPRESENTATION('',(#1493),#1497);
#1493 = LINE('',#1494,#1495);
#1494 = CARTESIAN_POINT('',(2.1E-02,0.));
#1495 = VECTOR('',#1496,1.);
#1496 = DIRECTION('',(0.,-1.));
#1497 = ( GEOMETRIC_REPRESENTATION_CONTEXT(2) 
PARAMETRIC_REPRESENTATION_CONTEXT() REPRESENTATION_CONTEXT('2D SPACE',''
  ) );
#1498 = ADVANCED_FACE('',(#1499),#1148,.T.);
#1499 = FACE_BOUND('',#1500,.T.);
#1500 = EDGE_LOOP('',(#1501,#1502,#1503,#1528));
#1501 = ORIENTED_EDGE('',*,*,#1164,.T.);
#1502 = ORIENTED_EDGE('',*,*,#1134,.T.);
#1503 = ORIENTED_EDGE('',*,*,#1504,.F.);
#1504 = EDGE_CURVE('',#1190,#1107,#1505,.T.);
#1505 = SURFACE_CURVE('',#1506,(#1511,#1517),.PCURVE_S1.);
#1506 = CIRCLE('',#1507,2.1E-02);
#1507 = AXIS2_PLACEMENT_3D('',#1508,#1509,#1510);
#1508 = CARTESIAN_POINT('',(-0.301,0.229,0.329));
#1509 = DIRECTION('',(1.,0.,-6.123233995737E-17));
#1510 = DIRECTION('',(6.123233995737E-17,0.,1.));
#1511 = PCURVE('',#1148,#1512);
#1512 = DEFINITIONAL_REPRESENTATION('',(#1513),#1516);
#1513 = B_SPLINE_CURVE_WITH_KNOTS('',1,(#1514,#1515),.UNSPECIFIED.,.F.,
  .F.,(2,2),(4.712388980385,6.28318530718),.PIECEWISE_BEZIER_KNOTS.);
#1514 = CARTESIAN_POINT('',(0.,0.199));
#1515 = CARTESIAN_POINT('',(1.570796326795,0.199));
#1516 = ( GEOMETRIC_REPRESENTATION_CONTEXT(2) 
PARAMETRIC_REPRESENTATION_CONTEXT() REPRESENTATION_CONTEXT('2D SPACE',''
  ) );
#1517 = PCURVE('',#1518,#1523);
#1518 = SPHERICAL_SURFACE('',#1519,2.1E-02);
#1519 = AXIS2_PLACEMENT_3D('',#1520,#1521,#1522);
#1520 = CARTESIAN_POINT('',(-0.301,0.229,0.329));
#1521 = DIRECTION('',(-0.,-1.,-0.));
#1522 = DIRECTION('',(1.,-0.,0.));
#1523 = DEFINITIONAL_REPRESENTATION('',(#1524),#1527);
#1524 = B_SPLINE_CURVE_WITH_KNOTS('',1,(#1525,#1526),.UNSPECIFIED.,.F.,
  .F.,(2,2),(4.712388980385,6.28318530718),.PIECEWISE_BEZIER_KNOTS.);
#1525 = CARTESIAN_POINT('',(1.570796326795,-1.570796326795));
#1526 = CARTESIAN_POINT('',(1.570796326795,0.));
#1527 = ( GEOMETRIC_REPRESENTATION_CONTEXT(2) 
PARAMETRIC_REPRESENTATION_CONTEXT() REPRESENTATION_CONTEXT('2D SPACE',''
  ) );
#1528 = ORIENTED_EDGE('',*,*,#1189,.F.);
#1529 = ADVANCED_FACE('',(#1530),#1122,.T.);
#1530 = FACE_BOUND('',#1531,.F.);
#1531 = EDGE_LOOP('',(#1532,#1552,#1553,#1577));
#1532 = ORIENTED_EDGE('',*,*,#1533,.F.);
#1533 = EDGE_CURVE('',#1084,#1329,#1534,.T.);
#1534 = SURFACE_CURVE('',#1535,(#1540,#1546),.PCURVE_S1.);
#1535 = CIRCLE('',#1536,2.1E-02);
#1536 = AXIS2_PLACEMENT_3D('',#1537,#1538,#1539);
#1537 = CARTESIAN_POINT('',(-0.301,-0.229,0.329));
#1538 = DIRECTION('',(-0.,1.,0.));
#1539 = DIRECTION('',(1.,0.,0.));
#1540 = PCURVE('',#1122,#1541);
#1541 = DEFINITIONAL_REPRESENTATION('',(#1542),#1545);
#1542 = B_SPLINE_CURVE_WITH_KNOTS('',1,(#1543,#1544),.UNSPECIFIED.,.F.,
  .F.,(2,2),(4.712388980385,6.28318530718),.PIECEWISE_BEZIER_KNOTS.);
#1543 = CARTESIAN_POINT('',(-1.570796326795,2.1E-02));
#1544 = CARTESIAN_POINT('',(0.,2.1E-02));
#1545 = ( GEOMETRIC_REPRESENTATION_CONTEXT(2) 
PARAMETRIC_REPRESENTATION_CONTEXT() REPRESENTATION_CONTEXT('2D SPACE',''
  ) );
#1546 = PCURVE('',#1311,#1547);
#1547 = DEFINITIONAL_REPRESENTATION('',(#1548),#1551);
#1548 = B_SPLINE_CURVE_WITH_KNOTS('',1,(#1549,#1550),.UNSPECIFIED.,.F.,
  .F.,(2,2),(4.712388980385,6.28318530718),.PIECEWISE_BEZIER_KNOTS.);
#1549 = CARTESIAN_POINT('',(0.,-1.570796326795));
#1550 = CARTESIAN_POINT('',(0.,0.));
#1551 = ( GEOMETRIC_REPRESENTATION_CONTEXT(2) 
PARAMETRIC_REPRESENTATION_CONTEXT() REPRESENTATION_CONTEXT('2D SPACE',''
  ) );
#1552 = ORIENTED_EDGE('',*,*,#1106,.T.);
#1553 = ORIENTED_EDGE('',*,*,#1554,.F.);
#1554 = EDGE_CURVE('',#1555,#1107,#1557,.T.);
#1555 = VERTEX_POINT('',#1556);
#1556 = CARTESIAN_POINT('',(-0.28,0.229,0.329));
#1557 = SURFACE_CURVE('',#1558,(#1563,#1570),.PCURVE_S1.);
#1558 = CIRCLE('',#1559,2.1E-02);
#1559 = AXIS2_PLACEMENT_3D('',#1560,#1561,#1562);
#1560 = CARTESIAN_POINT('',(-0.301,0.229,0.329));
#1561 = DIRECTION('',(-0.,-1.,0.));
#1562 = DIRECTION('',(1.,-0.,0.));
#1563 = PCURVE('',#1122,#1564);
#1564 = DEFINITIONAL_REPRESENTATION('',(#1565),#1569);
#1565 = LINE('',#1566,#1567);
#1566 = CARTESIAN_POINT('',(-0.,0.479));
#1567 = VECTOR('',#1568,1.);
#1568 = DIRECTION('',(-1.,0.));
#1569 = ( GEOMETRIC_REPRESENTATION_CONTEXT(2) 
PARAMETRIC_REPRESENTATION_CONTEXT() REPRESENTATION_CONTEXT('2D SPACE',''
  ) );
#1570 = PCURVE('',#1518,#1571);
#1571 = DEFINITIONAL_REPRESENTATION('',(#1572),#1576);
#1572 = LINE('',#1573,#1574);
#1573 = CARTESIAN_POINT('',(0.,0.));
#1574 = VECTOR('',#1575,1.);
#1575 = DIRECTION('',(1.,0.));
#1576 = ( GEOMETRIC_REPRESENTATION_CONTEXT(2) 
PARAMETRIC_REPRESENTATION_CONTEXT() REPRESENTATION_CONTEXT('2D SPACE',''
  ) );
#1577 = ORIENTED_EDGE('',*,*,#1578,.F.);
#1578 = EDGE_CURVE('',#1329,#1555,#1579,.T.);
#1579 = SURFACE_CURVE('',#1580,(#1584,#1591),.PCURVE_S1.);
#1580 = LINE('',#1581,#1582);
#1581 = CARTESIAN_POINT('',(-0.28,-0.25,0.329));
#1582 = VECTOR('',#1583,1.);
#1583 = DIRECTION('',(0.,1.,0.));
#1584 = PCURVE('',#1122,#1585);
#1585 = DEFINITIONAL_REPRESENTATION('',(#1586),#1590);
#1586 = LINE('',#1587,#1588);
#1587 = CARTESIAN_POINT('',(-0.,0.));
#1588 = VECTOR('',#1589,1.);
#1589 = DIRECTION('',(-0.,1.));
#1590 = ( GEOMETRIC_REPRESENTATION_CONTEXT(2) 
PARAMETRIC_REPRESENTATION_CONTEXT() REPRESENTATION_CONTEXT('2D SPACE',''
  ) );
#1591 = PCURVE('',#1344,#1592);
#1592 = DEFINITIONAL_REPRESENTATION('',(#1593),#1597);
#1593 = LINE('',#1594,#1595);
#1594 = CARTESIAN_POINT('',(0.329,0.));
#1595 = VECTOR('',#1596,1.);
#1596 = DIRECTION('',(0.,-1.));
#1597 = ( GEOMETRIC_REPRESENTATION_CONTEXT(2) 
PARAMETRIC_REPRESENTATION_CONTEXT() REPRESENTATION_CONTEXT('2D SPACE',''
  ) );
#1598 = ADVANCED_FACE('',(#1599),#1228,.T.);
#1599 = FACE_BOUND('',#1600,.T.);
#1600 = EDGE_LOOP('',(#1601,#1622,#1644,#1645));
#1601 = ORIENTED_EDGE('',*,*,#1602,.F.);
#1602 = EDGE_CURVE('',#1457,#1555,#1603,.T.);
#1603 = SURFACE_CURVE('',#1604,(#1608,#1615),.PCURVE_S1.);
#1604 = LINE('',#1605,#1606);
#1605 = CARTESIAN_POINT('',(-0.28,0.229,0.));
#1606 = VECTOR('',#1607,1.);
#1607 = DIRECTION('',(0.,0.,1.));
#1608 = PCURVE('',#1228,#1609);
#1609 = DEFINITIONAL_REPRESENTATION('',(#1610),#1614);
#1610 = LINE('',#1611,#1612);
#1611 = CARTESIAN_POINT('',(0.,0.));
#1612 = VECTOR('',#1613,1.);
#1613 = DIRECTION('',(0.,1.));
#1614 = ( GEOMETRIC_REPRESENTATION_CONTEXT(2) 
PARAMETRIC_REPRESENTATION_CONTEXT() REPRESENTATION_CONTEXT('2D SPACE',''
  ) );
#1615 = PCURVE('',#1344,#1616);
#1616 = DEFINITIONAL_REPRESENTATION('',(#1617),#1621);
#1617 = LINE('',#1618,#1619);
#1618 = CARTESIAN_POINT('',(0.,-0.479));
#1619 = VECTOR('',#1620,1.);
#1620 = DIRECTION('',(1.,0.));
#1621 = ( GEOMETRIC_REPRESENTATION_CONTEXT(2) 
PARAMETRIC_REPRESENTATION_CONTEXT() REPRESENTATION_CONTEXT('2D SPACE',''
  ) );
#1622 = ORIENTED_EDGE('',*,*,#1623,.T.);
#1623 = EDGE_CURVE('',#1457,#1213,#1624,.T.);
#1624 = SURFACE_CURVE('',#1625,(#1630,#1637),.PCURVE_S1.);
#1625 = CIRCLE('',#1626,2.1E-02);
#1626 = AXIS2_PLACEMENT_3D('',#1627,#1628,#1629);
#1627 = CARTESIAN_POINT('',(-0.301,0.229,2.1E-02));
#1628 = DIRECTION('',(0.,0.,1.));
#1629 = DIRECTION('',(1.,1.321694076935E-15,-0.));
#1630 = PCURVE('',#1228,#1631);
#1631 = DEFINITIONAL_REPRESENTATION('',(#1632),#1636);
#1632 = LINE('',#1633,#1634);
#1633 = CARTESIAN_POINT('',(0.,2.1E-02));
#1634 = VECTOR('',#1635,1.);
#1635 = DIRECTION('',(1.,0.));
#1636 = ( GEOMETRIC_REPRESENTATION_CONTEXT(2) 
PARAMETRIC_REPRESENTATION_CONTEXT() REPRESENTATION_CONTEXT('2D SPACE',''
  ) );
#1637 = PCURVE('',#1420,#1638);
#1638 = DEFINITIONAL_REPRESENTATION('',(#1639),#1643);
#1639 = LINE('',#1640,#1641);
#1640 = CARTESIAN_POINT('',(0.,0.));
#1641 = VECTOR('',#1642,1.);
#1642 = DIRECTION('',(1.,0.));
#1643 = ( GEOMETRIC_REPRESENTATION_CONTEXT(2) 
PARAMETRIC_REPRESENTATION_CONTEXT() REPRESENTATION_CONTEXT('2D SPACE',''
  ) );
#1644 = ORIENTED_EDGE('',*,*,#1212,.T.);
#1645 = ORIENTED_EDGE('',*,*,#1646,.T.);
#1646 = EDGE_CURVE('',#1190,#1555,#1647,.T.);
#1647 = SURFACE_CURVE('',#1648,(#1653,#1659),.PCURVE_S1.);
#1648 = CIRCLE('',#1649,2.1E-02);
#1649 = AXIS2_PLACEMENT_3D('',#1650,#1651,#1652);
#1650 = CARTESIAN_POINT('',(-0.301,0.229,0.329));
#1651 = DIRECTION('',(0.,0.,-1.));
#1652 = DIRECTION('',(1.,0.,0.));
#1653 = PCURVE('',#1228,#1654);
#1654 = DEFINITIONAL_REPRESENTATION('',(#1655),#1658);
#1655 = B_SPLINE_CURVE_WITH_KNOTS('',1,(#1656,#1657),.UNSPECIFIED.,.F.,
  .F.,(2,2),(4.712388980385,6.28318530718),.PIECEWISE_BEZIER_KNOTS.);
#1656 = CARTESIAN_POINT('',(1.570796326795,0.329));
#1657 = CARTESIAN_POINT('',(0.,0.329));
#1658 = ( GEOMETRIC_REPRESENTATION_CONTEXT(2) 
PARAMETRIC_REPRESENTATION_CONTEXT() REPRESENTATION_CONTEXT('2D SPACE',''
  ) );
#1659 = PCURVE('',#1518,#1660);
#1660 = DEFINITIONAL_REPRESENTATION('',(#1661),#1664);
#1661 = B_SPLINE_CURVE_WITH_KNOTS('',1,(#1662,#1663),.UNSPECIFIED.,.F.,
  .F.,(2,2),(4.712388980385,6.28318530718),.PIECEWISE_BEZIER_KNOTS.);
#1662 = CARTESIAN_POINT('',(0.,-1.570796326795));
#1663 = CARTESIAN_POINT('',(0.,0.));
#1664 = ( GEOMETRIC_REPRESENTATION_CONTEXT(2) 
PARAMETRIC_REPRESENTATION_CONTEXT() REPRESENTATION_CONTEXT('2D SPACE',''
  ) );
#1665 = ADVANCED_FACE('',(#1666),#1280,.T.);
#1666 = FACE_BOUND('',#1667,.F.);
#1667 = EDGE_LOOP('',(#1668,#1669,#1670));
#1668 = ORIENTED_EDGE('',*,*,#1435,.F.);
#1669 = ORIENTED_EDGE('',*,*,#1266,.T.);
#1670 = ORIENTED_EDGE('',*,*,#1356,.F.);
#1671 = ADVANCED_FACE('',(#1672),#1311,.T.);
#1672 = FACE_BOUND('',#1673,.T.);
#1673 = EDGE_LOOP('',(#1674,#1675,#1676));
#1674 = ORIENTED_EDGE('',*,*,#1533,.F.);
#1675 = ORIENTED_EDGE('',*,*,#1297,.T.);
#1676 = ORIENTED_EDGE('',*,*,#1379,.F.);
#1677 = ADVANCED_FACE('',(#1678),#1344,.T.);
#1678 = FACE_BOUND('',#1679,.T.);
#1679 = EDGE_LOOP('',(#1680,#1681,#1682,#1683));
#1680 = ORIENTED_EDGE('',*,*,#1326,.F.);
#1681 = ORIENTED_EDGE('',*,*,#1478,.T.);
#1682 = ORIENTED_EDGE('',*,*,#1602,.T.);
#1683 = ORIENTED_EDGE('',*,*,#1578,.F.);
#1684 = ADVANCED_FACE('',(#1685),#1420,.T.);
#1685 = FACE_BOUND('',#1686,.T.);
#1686 = EDGE_LOOP('',(#1687,#1688,#1689));
#1687 = ORIENTED_EDGE('',*,*,#1456,.F.);
#1688 = ORIENTED_EDGE('',*,*,#1406,.T.);
#1689 = ORIENTED_EDGE('',*,*,#1623,.F.);
#1690 = ADVANCED_FACE('',(#1691),#1518,.T.);
#1691 = FACE_BOUND('',#1692,.T.);
#1692 = EDGE_LOOP('',(#1693,#1694,#1695));
#1693 = ORIENTED_EDGE('',*,*,#1646,.F.);
#1694 = ORIENTED_EDGE('',*,*,#1504,.T.);
#1695 = ORIENTED_EDGE('',*,*,#1554,.F.);
#1696 = MANIFOLD_SOLID_BREP('',#1697);
#1697 = CLOSED_SHELL('',(#1698,#1818,#1906,#1985,#2066,#2142,#2172,#2202
    ,#2278,#2359,#2384,#2465,#2490,#2566,#2597,#2628,#2706,#2737,#2804,
    #2835,#2904,#2971,#2977,#2983,#2990,#2996));
#1698 = ADVANCED_FACE('',(#1699),#1713,.F.);
#1699 = FACE_BOUND('',#1700,.F.);
#1700 = EDGE_LOOP('',(#1701,#1736,#1764,#1792));
#1701 = ORIENTED_EDGE('',*,*,#1702,.F.);
#1702 = EDGE_CURVE('',#1703,#1705,#1707,.T.);
#1703 = VERTEX_POINT('',#1704);
#1704 = CARTESIAN_POINT('',(0.28,-0.229,2.1E-02));
#1705 = VERTEX_POINT('',#1706);
#1706 = CARTESIAN_POINT('',(0.28,-0.229,0.329));
#1707 = SURFACE_CURVE('',#1708,(#1712,#1724),.PCURVE_S1.);
#1708 = LINE('',#1709,#1710);
#1709 = CARTESIAN_POINT('',(0.28,-0.229,0.));
#1710 = VECTOR('',#1711,1.);
#1711 = DIRECTION('',(0.,0.,1.));
#1712 = PCURVE('',#1713,#1718);
#1713 = PLANE('',#1714);
#1714 = AXIS2_PLACEMENT_3D('',#1715,#1716,#1717);
#1715 = CARTESIAN_POINT('',(0.28,-0.25,0.));
#1716 = DIRECTION('',(1.,0.,0.));
#1717 = DIRECTION('',(0.,0.,1.));
#1718 = DEFINITIONAL_REPRESENTATION('',(#1719),#1723);
#1719 = LINE('',#1720,#1721);
#1720 = CARTESIAN_POINT('',(0.,-2.1E-02));
#1721 = VECTOR('',#1722,1.);
#1722 = DIRECTION('',(1.,0.));
#1723 = ( GEOMETRIC_REPRESENTATION_CONTEXT(2) 
PARAMETRIC_REPRESENTATION_CONTEXT() REPRESENTATION_CONTEXT('2D SPACE',''
  ) );
#1724 = PCURVE('',#1725,#1730);
#1725 = CYLINDRICAL_SURFACE('',#1726,2.1E-02);
#1726 = AXIS2_PLACEMENT_3D('',#1727,#1728,#1729);
#1727 = CARTESIAN_POINT('',(0.301,-0.229,0.));
#1728 = DIRECTION('',(0.,0.,1.));
#1729 = DIRECTION('',(-1.,-0.,0.));
#1730 = DEFINITIONAL_REPRESENTATION('',(#1731),#1735);
#1731 = LINE('',#1732,#1733);
#1732 = CARTESIAN_POINT('',(0.,0.));
#1733 = VECTOR('',#1734,1.);
#1734 = DIRECTION('',(0.,1.));
#1735 = ( GEOMETRIC_REPRESENTATION_CONTEXT(2) 
PARAMETRIC_REPRESENTATION_CONTEXT() REPRESENTATION_CONTEXT('2D SPACE',''
  ) );
#1736 = ORIENTED_EDGE('',*,*,#1737,.T.);
#1737 = EDGE_CURVE('',#1703,#1738,#1740,.T.);
#1738 = VERTEX_POINT('',#1739);
#1739 = CARTESIAN_POINT('',(0.28,0.229,2.1E-02));
#1740 = SURFACE_CURVE('',#1741,(#1745,#1752),.PCURVE_S1.);
#1741 = LINE('',#1742,#1743);
#1742 = CARTESIAN_POINT('',(0.28,-0.25,2.1E-02));
#1743 = VECTOR('',#1744,1.);
#1744 = DIRECTION('',(0.,1.,0.));
#1745 = PCURVE('',#1713,#1746);
#1746 = DEFINITIONAL_REPRESENTATION('',(#1747),#1751);
#1747 = LINE('',#1748,#1749);
#1748 = CARTESIAN_POINT('',(2.1E-02,0.));
#1749 = VECTOR('',#1750,1.);
#1750 = DIRECTION('',(0.,-1.));
#1751 = ( GEOMETRIC_REPRESENTATION_CONTEXT(2) 
PARAMETRIC_REPRESENTATION_CONTEXT() REPRESENTATION_CONTEXT('2D SPACE',''
  ) );
#1752 = PCURVE('',#1753,#1758);
#1753 = CYLINDRICAL_SURFACE('',#1754,2.1E-02);
#1754 = AXIS2_PLACEMENT_3D('',#1755,#1756,#1757);
#1755 = CARTESIAN_POINT('',(0.301,-0.25,2.1E-02));
#1756 = DIRECTION('',(0.,1.,0.));
#1757 = DIRECTION('',(-1.,0.,0.));
#1758 = DEFINITIONAL_REPRESENTATION('',(#1759),#1763);
#1759 = LINE('',#1760,#1761);
#1760 = CARTESIAN_POINT('',(-0.,0.));
#1761 = VECTOR('',#1762,1.);
#1762 = DIRECTION('',(-0.,1.));
#1763 = ( GEOMETRIC_REPRESENTATION_CONTEXT(2) 
PARAMETRIC_REPRESENTATION_CONTEXT() REPRESENTATION_CONTEXT('2D SPACE',''
  ) );
#1764 = ORIENTED_EDGE('',*,*,#1765,.T.);
#1765 = EDGE_CURVE('',#1738,#1766,#1768,.T.);
#1766 = VERTEX_POINT('',#1767);
#1767 = CARTESIAN_POINT('',(0.28,0.229,0.329));
#1768 = SURFACE_CURVE('',#1769,(#1773,#1780),.PCURVE_S1.);
#1769 = LINE('',#1770,#1771);
#1770 = CARTESIAN_POINT('',(0.28,0.229,0.));
#1771 = VECTOR('',#1772,1.);
#1772 = DIRECTION('',(0.,0.,1.));
#1773 = PCURVE('',#1713,#1774);
#1774 = DEFINITIONAL_REPRESENTATION('',(#1775),#1779);
#1775 = LINE('',#1776,#1777);
#1776 = CARTESIAN_POINT('',(0.,-0.479));
#1777 = VECTOR('',#1778,1.);
#1778 = DIRECTION('',(1.,0.));
#1779 = ( GEOMETRIC_REPRESENTATION_CONTEXT(2) 
PARAMETRIC_REPRESENTATION_CONTEXT() REPRESENTATION_CONTEXT('2D SPACE',''
  ) );
#1780 = PCURVE('',#1781,#1786);
#1781 = CYLINDRICAL_SURFACE('',#1782,2.1E-02);
#1782 = AXIS2_PLACEMENT_3D('',#1783,#1784,#1785);
#1783 = CARTESIAN_POINT('',(0.301,0.229,0.));
#1784 = DIRECTION('',(0.,0.,1.));
#1785 = DIRECTION('',(-1.,-0.,0.));
#1786 = DEFINITIONAL_REPRESENTATION('',(#1787),#1791);
#1787 = LINE('',#1788,#1789);
#1788 = CARTESIAN_POINT('',(-0.,0.));
#1789 = VECTOR('',#1790,1.);
#1790 = DIRECTION('',(-0.,1.));
#1791 = ( GEOMETRIC_REPRESENTATION_CONTEXT(2) 
PARAMETRIC_REPRESENTATION_CONTEXT() REPRESENTATION_CONTEXT('2D SPACE',''
  ) );
#1792 = ORIENTED_EDGE('',*,*,#1793,.F.);
#1793 = EDGE_CURVE('',#1705,#1766,#1794,.T.);
#1794 = SURFACE_CURVE('',#1795,(#1799,#1806),.PCURVE_S1.);
#1795 = LINE('',#1796,#1797);
#1796 = CARTESIAN_POINT('',(0.28,-0.25,0.329));
#1797 = VECTOR('',#1798,1.);
#1798 = DIRECTION('',(0.,1.,0.));
#1799 = PCURVE('',#1713,#1800);
#1800 = DEFINITIONAL_REPRESENTATION('',(#1801),#1805);
#1801 = LINE('',#1802,#1803);
#1802 = CARTESIAN_POINT('',(0.329,0.));
#1803 = VECTOR('',#1804,1.);
#1804 = DIRECTION('',(0.,-1.));
#1805 = ( GEOMETRIC_REPRESENTATION_CONTEXT(2) 
PARAMETRIC_REPRESENTATION_CONTEXT() REPRESENTATION_CONTEXT('2D SPACE',''
  ) );
#1806 = PCURVE('',#1807,#1812);
#1807 = CYLINDRICAL_SURFACE('',#1808,2.1E-02);
#1808 = AXIS2_PLACEMENT_3D('',#1809,#1810,#1811);
#1809 = CARTESIAN_POINT('',(0.301,-0.25,0.329));
#1810 = DIRECTION('',(0.,1.,0.));
#1811 = DIRECTION('',(-1.,0.,0.));
#1812 = DEFINITIONAL_REPRESENTATION('',(#1813),#1817);
#1813 = LINE('',#1814,#1815);
#1814 = CARTESIAN_POINT('',(0.,0.));
#1815 = VECTOR('',#1816,1.);
#1816 = DIRECTION('',(0.,1.));
#1817 = ( GEOMETRIC_REPRESENTATION_CONTEXT(2) 
PARAMETRIC_REPRESENTATION_CONTEXT() REPRESENTATION_CONTEXT('2D SPACE',''
  ) );
#1818 = ADVANCED_FACE('',(#1819),#1725,.T.);
#1819 = FACE_BOUND('',#1820,.T.);
#1820 = EDGE_LOOP('',(#1821,#1822,#1851,#1879));
#1821 = ORIENTED_EDGE('',*,*,#1702,.F.);
#1822 = ORIENTED_EDGE('',*,*,#1823,.T.);
#1823 = EDGE_CURVE('',#1703,#1824,#1826,.T.);
#1824 = VERTEX_POINT('',#1825);
#1825 = CARTESIAN_POINT('',(0.301,-0.25,2.1E-02));
#1826 = SURFACE_CURVE('',#1827,(#1832,#1839),.PCURVE_S1.);
#1827 = CIRCLE('',#1828,2.1E-02);
#1828 = AXIS2_PLACEMENT_3D('',#1829,#1830,#1831);
#1829 = CARTESIAN_POINT('',(0.301,-0.229,2.1E-02));
#1830 = DIRECTION('',(0.,0.,1.));
#1831 = DIRECTION('',(-1.,0.,0.));
#1832 = PCURVE('',#1725,#1833);
#1833 = DEFINITIONAL_REPRESENTATION('',(#1834),#1838);
#1834 = LINE('',#1835,#1836);
#1835 = CARTESIAN_POINT('',(0.,2.1E-02));
#1836 = VECTOR('',#1837,1.);
#1837 = DIRECTION('',(1.,0.));
#1838 = ( GEOMETRIC_REPRESENTATION_CONTEXT(2) 
PARAMETRIC_REPRESENTATION_CONTEXT() REPRESENTATION_CONTEXT('2D SPACE',''
  ) );
#1839 = PCURVE('',#1840,#1845);
#1840 = SPHERICAL_SURFACE('',#1841,2.1E-02);
#1841 = AXIS2_PLACEMENT_3D('',#1842,#1843,#1844);
#1842 = CARTESIAN_POINT('',(0.301,-0.229,2.1E-02));
#1843 = DIRECTION('',(0.,0.,1.));
#1844 = DIRECTION('',(-1.,0.,0.));
#1845 = DEFINITIONAL_REPRESENTATION('',(#1846),#1850);
#1846 = LINE('',#1847,#1848);
#1847 = CARTESIAN_POINT('',(0.,0.));
#1848 = VECTOR('',#1849,1.);
#1849 = DIRECTION('',(1.,0.));
#1850 = ( GEOMETRIC_REPRESENTATION_CONTEXT(2) 
PARAMETRIC_REPRESENTATION_CONTEXT() REPRESENTATION_CONTEXT('2D SPACE',''
  ) );
#1851 = ORIENTED_EDGE('',*,*,#1852,.T.);
#1852 = EDGE_CURVE('',#1824,#1853,#1855,.T.);
#1853 = VERTEX_POINT('',#1854);
#1854 = CARTESIAN_POINT('',(0.301,-0.25,0.329));
#1855 = SURFACE_CURVE('',#1856,(#1860,#1867),.PCURVE_S1.);
#1856 = LINE('',#1857,#1858);
#1857 = CARTESIAN_POINT('',(0.301,-0.25,0.));
#1858 = VECTOR('',#1859,1.);
#1859 = DIRECTION('',(0.,0.,1.));
#1860 = PCURVE('',#1725,#1861);
#1861 = DEFINITIONAL_REPRESENTATION('',(#1862),#1866);
#1862 = LINE('',#1863,#1864);
#1863 = CARTESIAN_POINT('',(1.570796326795,0.));
#1864 = VECTOR('',#1865,1.);
#1865 = DIRECTION('',(0.,1.));
#1866 = ( GEOMETRIC_REPRESENTATION_CONTEXT(2) 
PARAMETRIC_REPRESENTATION_CONTEXT() REPRESENTATION_CONTEXT('2D SPACE',''
  ) );
#1867 = PCURVE('',#1868,#1873);
#1868 = PLANE('',#1869);
#1869 = AXIS2_PLACEMENT_3D('',#1870,#1871,#1872);
#1870 = CARTESIAN_POINT('',(0.28,-0.25,0.));
#1871 = DIRECTION('',(0.,1.,0.));
#1872 = DIRECTION('',(0.,0.,1.));
#1873 = DEFINITIONAL_REPRESENTATION('',(#1874),#1878);
#1874 = LINE('',#1875,#1876);
#1875 = CARTESIAN_POINT('',(0.,2.1E-02));
#1876 = VECTOR('',#1877,1.);
#1877 = DIRECTION('',(1.,0.));
#1878 = ( GEOMETRIC_REPRESENTATION_CONTEXT(2) 
PARAMETRIC_REPRESENTATION_CONTEXT() REPRESENTATION_CONTEXT('2D SPACE',''
  ) );
#1879 = ORIENTED_EDGE('',*,*,#1880,.F.);
#1880 = EDGE_CURVE('',#1705,#1853,#1881,.T.);
#1881 = SURFACE_CURVE('',#1882,(#1887,#1894),.PCURVE_S1.);
#1882 = CIRCLE('',#1883,2.1E-02);
#1883 = AXIS2_PLACEMENT_3D('',#1884,#1885,#1886);
#1884 = CARTESIAN_POINT('',(0.301,-0.229,0.329));
#1885 = DIRECTION('',(0.,0.,1.));
#1886 = DIRECTION('',(-1.,0.,0.));
#1887 = PCURVE('',#1725,#1888);
#1888 = DEFINITIONAL_REPRESENTATION('',(#1889),#1893);
#1889 = LINE('',#1890,#1891);
#1890 = CARTESIAN_POINT('',(0.,0.329));
#1891 = VECTOR('',#1892,1.);
#1892 = DIRECTION('',(1.,0.));
#1893 = ( GEOMETRIC_REPRESENTATION_CONTEXT(2) 
PARAMETRIC_REPRESENTATION_CONTEXT() REPRESENTATION_CONTEXT('2D SPACE',''
  ) );
#1894 = PCURVE('',#1895,#1900);
#1895 = SPHERICAL_SURFACE('',#1896,2.1E-02);
#1896 = AXIS2_PLACEMENT_3D('',#1897,#1898,#1899);
#1897 = CARTESIAN_POINT('',(0.301,-0.229,0.329));
#1898 = DIRECTION('',(-0.,-0.,-1.));
#1899 = DIRECTION('',(-1.,0.,0.));
#1900 = DEFINITIONAL_REPRESENTATION('',(#1901),#1905);
#1901 = LINE('',#1902,#1903);
#1902 = CARTESIAN_POINT('',(-0.,0.));
#1903 = VECTOR('',#1904,1.);
#1904 = DIRECTION('',(-1.,0.));
#1905 = ( GEOMETRIC_REPRESENTATION_CONTEXT(2) 
PARAMETRIC_REPRESENTATION_CONTEXT() REPRESENTATION_CONTEXT('2D SPACE',''
  ) );
#1906 = ADVANCED_FACE('',(#1907),#1753,.T.);
#1907 = FACE_BOUND('',#1908,.F.);
#1908 = EDGE_LOOP('',(#1909,#1931,#1959,#1984));
#1909 = ORIENTED_EDGE('',*,*,#1910,.F.);
#1910 = EDGE_CURVE('',#1911,#1703,#1913,.T.);
#1911 = VERTEX_POINT('',#1912);
#1912 = CARTESIAN_POINT('',(0.301,-0.229,0.));
#1913 = SURFACE_CURVE('',#1914,(#1919,#1925),.PCURVE_S1.);
#1914 = CIRCLE('',#1915,2.1E-02);
#1915 = AXIS2_PLACEMENT_3D('',#1916,#1917,#1918);
#1916 = CARTESIAN_POINT('',(0.301,-0.229,2.1E-02));
#1917 = DIRECTION('',(0.,1.,-0.));
#1918 = DIRECTION('',(-1.,0.,0.));
#1919 = PCURVE('',#1753,#1920);
#1920 = DEFINITIONAL_REPRESENTATION('',(#1921),#1924);
#1921 = B_SPLINE_CURVE_WITH_KNOTS('',1,(#1922,#1923),.UNSPECIFIED.,.F.,
  .F.,(2,2),(4.712388980385,6.28318530718),.PIECEWISE_BEZIER_KNOTS.);
#1922 = CARTESIAN_POINT('',(-1.570796326795,2.1E-02));
#1923 = CARTESIAN_POINT('',(0.,2.1E-02));
#1924 = ( GEOMETRIC_REPRESENTATION_CONTEXT(2) 
PARAMETRIC_REPRESENTATION_CONTEXT() REPRESENTATION_CONTEXT('2D SPACE',''
  ) );
#1925 = PCURVE('',#1840,#1926);
#1926 = DEFINITIONAL_REPRESENTATION('',(#1927),#1930);
#1927 = B_SPLINE_CURVE_WITH_KNOTS('',1,(#1928,#1929),.UNSPECIFIED.,.F.,
  .F.,(2,2),(4.712388980385,6.28318530718),.PIECEWISE_BEZIER_KNOTS.);
#1928 = CARTESIAN_POINT('',(0.,-1.570796326795));
#1929 = CARTESIAN_POINT('',(0.,0.));
#1930 = ( GEOMETRIC_REPRESENTATION_CONTEXT(2) 
PARAMETRIC_REPRESENTATION_CONTEXT() REPRESENTATION_CONTEXT('2D SPACE',''
  ) );
#1931 = ORIENTED_EDGE('',*,*,#1932,.T.);
#1932 = EDGE_CURVE('',#1911,#1933,#1935,.T.);
#1933 = VERTEX_POINT('',#1934);
#1934 = CARTESIAN_POINT('',(0.301,0.229,0.));
#1935 = SURFACE_CURVE('',#1936,(#1940,#1947),.PCURVE_S1.);
#1936 = LINE('',#1937,#1938);
#1937 = CARTESIAN_POINT('',(0.301,-0.25,-3.469446951954E-18));
#1938 = VECTOR('',#1939,1.);
#1939 = DIRECTION('',(0.,1.,0.));
#1940 = PCURVE('',#1753,#1941);
#1941 = DEFINITIONAL_REPRESENTATION('',(#1942),#1946);
#1942 = LINE('',#1943,#1944);
#1943 = CARTESIAN_POINT('',(-1.570796326795,0.));
#1944 = VECTOR('',#1945,1.);
#1945 = DIRECTION('',(-0.,1.));
#1946 = ( GEOMETRIC_REPRESENTATION_CONTEXT(2) 
PARAMETRIC_REPRESENTATION_CONTEXT() REPRESENTATION_CONTEXT('2D SPACE',''
  ) );
#1947 = PCURVE('',#1948,#1953);
#1948 = PLANE('',#1949);
#1949 = AXIS2_PLACEMENT_3D('',#1950,#1951,#1952);
#1950 = CARTESIAN_POINT('',(0.28,-0.25,0.));
#1951 = DIRECTION('',(0.,0.,1.));
#1952 = DIRECTION('',(1.,0.,0.));
#1953 = DEFINITIONAL_REPRESENTATION('',(#1954),#1958);
#1954 = LINE('',#1955,#1956);
#1955 = CARTESIAN_POINT('',(2.1E-02,0.));
#1956 = VECTOR('',#1957,1.);
#1957 = DIRECTION('',(0.,1.));
#1958 = ( GEOMETRIC_REPRESENTATION_CONTEXT(2) 
PARAMETRIC_REPRESENTATION_CONTEXT() REPRESENTATION_CONTEXT('2D SPACE',''
  ) );
#1959 = ORIENTED_EDGE('',*,*,#1960,.T.);
#1960 = EDGE_CURVE('',#1933,#1738,#1961,.T.);
#1961 = SURFACE_CURVE('',#1962,(#1967,#1973),.PCURVE_S1.);
#1962 = CIRCLE('',#1963,2.1E-02);
#1963 = AXIS2_PLACEMENT_3D('',#1964,#1965,#1966);
#1964 = CARTESIAN_POINT('',(0.301,0.229,2.1E-02));
#1965 = DIRECTION('',(1.321694076935E-15,1.,-0.));
#1966 = DIRECTION('',(-1.,1.321694076935E-15,0.));
#1967 = PCURVE('',#1753,#1968);
#1968 = DEFINITIONAL_REPRESENTATION('',(#1969),#1972);
#1969 = B_SPLINE_CURVE_WITH_KNOTS('',1,(#1970,#1971),.UNSPECIFIED.,.F.,
  .F.,(2,2),(4.712388980385,6.28318530718),.PIECEWISE_BEZIER_KNOTS.);
#1970 = CARTESIAN_POINT('',(-1.570796326795,0.479));
#1971 = CARTESIAN_POINT('',(0.,0.479));
#1972 = ( GEOMETRIC_REPRESENTATION_CONTEXT(2) 
PARAMETRIC_REPRESENTATION_CONTEXT() REPRESENTATION_CONTEXT('2D SPACE',''
  ) );
#1973 = PCURVE('',#1974,#1979);
#1974 = SPHERICAL_SURFACE('',#1975,2.1E-02);
#1975 = AXIS2_PLACEMENT_3D('',#1976,#1977,#1978);
#1976 = CARTESIAN_POINT('',(0.301,0.229,2.1E-02));
#1977 = DIRECTION('',(0.,0.,1.));
#1978 = DIRECTION('',(-1.,1.321694076935E-15,0.));
#1979 = DEFINITIONAL_REPRESENTATION('',(#1980),#1983);
#1980 = B_SPLINE_CURVE_WITH_KNOTS('',1,(#1981,#1982),.UNSPECIFIED.,.F.,
  .F.,(2,2),(4.712388980385,6.28318530718),.PIECEWISE_BEZIER_KNOTS.);
#1981 = CARTESIAN_POINT('',(0.,-1.570796326795));
#1982 = CARTESIAN_POINT('',(0.,0.));
#1983 = ( GEOMETRIC_REPRESENTATION_CONTEXT(2) 
PARAMETRIC_REPRESENTATION_CONTEXT() REPRESENTATION_CONTEXT('2D SPACE',''
  ) );
#1984 = ORIENTED_EDGE('',*,*,#1737,.F.);
#1985 = ADVANCED_FACE('',(#1986),#1807,.T.);
#1986 = FACE_BOUND('',#1987,.T.);
#1987 = EDGE_LOOP('',(#1988,#2010,#2038,#2065));
#1988 = ORIENTED_EDGE('',*,*,#1989,.F.);
#1989 = EDGE_CURVE('',#1990,#1705,#1992,.T.);
#1990 = VERTEX_POINT('',#1991);
#1991 = CARTESIAN_POINT('',(0.301,-0.229,0.35));
#1992 = SURFACE_CURVE('',#1993,(#1998,#2004),.PCURVE_S1.);
#1993 = CIRCLE('',#1994,2.1E-02);
#1994 = AXIS2_PLACEMENT_3D('',#1995,#1996,#1997);
#1995 = CARTESIAN_POINT('',(0.301,-0.229,0.329));
#1996 = DIRECTION('',(0.,-1.,0.));
#1997 = DIRECTION('',(-1.,0.,0.));
#1998 = PCURVE('',#1807,#1999);
#1999 = DEFINITIONAL_REPRESENTATION('',(#2000),#2003);
#2000 = B_SPLINE_CURVE_WITH_KNOTS('',1,(#2001,#2002),.UNSPECIFIED.,.F.,
  .F.,(2,2),(4.712388980385,6.28318530718),.PIECEWISE_BEZIER_KNOTS.);
#2001 = CARTESIAN_POINT('',(1.570796326795,2.1E-02));
#2002 = CARTESIAN_POINT('',(0.,2.1E-02));
#2003 = ( GEOMETRIC_REPRESENTATION_CONTEXT(2) 
PARAMETRIC_REPRESENTATION_CONTEXT() REPRESENTATION_CONTEXT('2D SPACE',''
  ) );
#2004 = PCURVE('',#1895,#2005);
#2005 = DEFINITIONAL_REPRESENTATION('',(#2006),#2009);
#2006 = B_SPLINE_CURVE_WITH_KNOTS('',1,(#2007,#2008),.UNSPECIFIED.,.F.,
  .F.,(2,2),(4.712388980385,6.28318530718),.PIECEWISE_BEZIER_KNOTS.);
#2007 = CARTESIAN_POINT('',(0.,-1.570796326795));
#2008 = CARTESIAN_POINT('',(0.,0.));
#2009 = ( GEOMETRIC_REPRESENTATION_CONTEXT(2) 
PARAMETRIC_REPRESENTATION_CONTEXT() REPRESENTATION_CONTEXT('2D SPACE',''
  ) );
#2010 = ORIENTED_EDGE('',*,*,#2011,.T.);
#2011 = EDGE_CURVE('',#1990,#2012,#2014,.T.);
#2012 = VERTEX_POINT('',#2013);
#2013 = CARTESIAN_POINT('',(0.301,0.229,0.35));
#2014 = SURFACE_CURVE('',#2015,(#2019,#2026),.PCURVE_S1.);
#2015 = LINE('',#2016,#2017);
#2016 = CARTESIAN_POINT('',(0.301,-0.25,0.35));
#2017 = VECTOR('',#2018,1.);
#2018 = DIRECTION('',(0.,1.,0.));
#2019 = PCURVE('',#1807,#2020);
#2020 = DEFINITIONAL_REPRESENTATION('',(#2021),#2025);
#2021 = LINE('',#2022,#2023);
#2022 = CARTESIAN_POINT('',(1.570796326795,0.));
#2023 = VECTOR('',#2024,1.);
#2024 = DIRECTION('',(0.,1.));
#2025 = ( GEOMETRIC_REPRESENTATION_CONTEXT(2) 
PARAMETRIC_REPRESENTATION_CONTEXT() REPRESENTATION_CONTEXT('2D SPACE',''
  ) );
#2026 = PCURVE('',#2027,#2032);
#2027 = PLANE('',#2028);
#2028 = AXIS2_PLACEMENT_3D('',#2029,#2030,#2031);
#2029 = CARTESIAN_POINT('',(0.28,-0.25,0.35));
#2030 = DIRECTION('',(0.,0.,1.));
#2031 = DIRECTION('',(1.,0.,0.));
#2032 = DEFINITIONAL_REPRESENTATION('',(#2033),#2037);
#2033 = LINE('',#2034,#2035);
#2034 = CARTESIAN_POINT('',(2.1E-02,0.));
#2035 = VECTOR('',#2036,1.);
#2036 = DIRECTION('',(0.,1.));
#2037 = ( GEOMETRIC_REPRESENTATION_CONTEXT(2) 
PARAMETRIC_REPRESENTATION_CONTEXT() REPRESENTATION_CONTEXT('2D SPACE',''
  ) );
#2038 = ORIENTED_EDGE('',*,*,#2039,.F.);
#2039 = EDGE_CURVE('',#1766,#2012,#2040,.T.);
#2040 = SURFACE_CURVE('',#2041,(#2046,#2053),.PCURVE_S1.);
#2041 = CIRCLE('',#2042,2.1E-02);
#2042 = AXIS2_PLACEMENT_3D('',#2043,#2044,#2045);
#2043 = CARTESIAN_POINT('',(0.301,0.229,0.329));
#2044 = DIRECTION('',(0.,1.,0.));
#2045 = DIRECTION('',(-1.,0.,0.));
#2046 = PCURVE('',#1807,#2047);
#2047 = DEFINITIONAL_REPRESENTATION('',(#2048),#2052);
#2048 = LINE('',#2049,#2050);
#2049 = CARTESIAN_POINT('',(0.,0.479));
#2050 = VECTOR('',#2051,1.);
#2051 = DIRECTION('',(1.,0.));
#2052 = ( GEOMETRIC_REPRESENTATION_CONTEXT(2) 
PARAMETRIC_REPRESENTATION_CONTEXT() REPRESENTATION_CONTEXT('2D SPACE',''
  ) );
#2053 = PCURVE('',#2054,#2059);
#2054 = SPHERICAL_SURFACE('',#2055,2.1E-02);
#2055 = AXIS2_PLACEMENT_3D('',#2056,#2057,#2058);
#2056 = CARTESIAN_POINT('',(0.301,0.229,0.329));
#2057 = DIRECTION('',(-0.,-1.,-0.));
#2058 = DIRECTION('',(-1.,0.,0.));
#2059 = DEFINITIONAL_REPRESENTATION('',(#2060),#2064);
#2060 = LINE('',#2061,#2062);
#2061 = CARTESIAN_POINT('',(-0.,0.));
#2062 = VECTOR('',#2063,1.);
#2063 = DIRECTION('',(-1.,0.));
#2064 = ( GEOMETRIC_REPRESENTATION_CONTEXT(2) 
PARAMETRIC_REPRESENTATION_CONTEXT() REPRESENTATION_CONTEXT('2D SPACE',''
  ) );
#2065 = ORIENTED_EDGE('',*,*,#1793,.F.);
#2066 = ADVANCED_FACE('',(#2067),#1781,.T.);
#2067 = FACE_BOUND('',#2068,.F.);
#2068 = EDGE_LOOP('',(#2069,#2070,#2094,#2122));
#2069 = ORIENTED_EDGE('',*,*,#1765,.F.);
#2070 = ORIENTED_EDGE('',*,*,#2071,.T.);
#2071 = EDGE_CURVE('',#1738,#2072,#2074,.T.);
#2072 = VERTEX_POINT('',#2073);
#2073 = CARTESIAN_POINT('',(0.301,0.25,2.1E-02));
#2074 = SURFACE_CURVE('',#2075,(#2080,#2087),.PCURVE_S1.);
#2075 = CIRCLE('',#2076,2.1E-02);
#2076 = AXIS2_PLACEMENT_3D('',#2077,#2078,#2079);
#2077 = CARTESIAN_POINT('',(0.301,0.229,2.1E-02));
#2078 = DIRECTION('',(-0.,0.,-1.));
#2079 = DIRECTION('',(-1.,1.321694076935E-15,0.));
#2080 = PCURVE('',#1781,#2081);
#2081 = DEFINITIONAL_REPRESENTATION('',(#2082),#2086);
#2082 = LINE('',#2083,#2084);
#2083 = CARTESIAN_POINT('',(-0.,2.1E-02));
#2084 = VECTOR('',#2085,1.);
#2085 = DIRECTION('',(-1.,0.));
#2086 = ( GEOMETRIC_REPRESENTATION_CONTEXT(2) 
PARAMETRIC_REPRESENTATION_CONTEXT() REPRESENTATION_CONTEXT('2D SPACE',''
  ) );
#2087 = PCURVE('',#1974,#2088);
#2088 = DEFINITIONAL_REPRESENTATION('',(#2089),#2093);
#2089 = LINE('',#2090,#2091);
#2090 = CARTESIAN_POINT('',(-0.,0.));
#2091 = VECTOR('',#2092,1.);
#2092 = DIRECTION('',(-1.,0.));
#2093 = ( GEOMETRIC_REPRESENTATION_CONTEXT(2) 
PARAMETRIC_REPRESENTATION_CONTEXT() REPRESENTATION_CONTEXT('2D SPACE',''
  ) );
#2094 = ORIENTED_EDGE('',*,*,#2095,.T.);
#2095 = EDGE_CURVE('',#2072,#2096,#2098,.T.);
#2096 = VERTEX_POINT('',#2097);
#2097 = CARTESIAN_POINT('',(0.301,0.25,0.329));
#2098 = SURFACE_CURVE('',#2099,(#2103,#2110),.PCURVE_S1.);
#2099 = LINE('',#2100,#2101);
#2100 = CARTESIAN_POINT('',(0.301,0.25,0.));
#2101 = VECTOR('',#2102,1.);
#2102 = DIRECTION('',(0.,0.,1.));
#2103 = PCURVE('',#1781,#2104);
#2104 = DEFINITIONAL_REPRESENTATION('',(#2105),#2109);
#2105 = LINE('',#2106,#2107);
#2106 = CARTESIAN_POINT('',(-1.570796326795,0.));
#2107 = VECTOR('',#2108,1.);
#2108 = DIRECTION('',(-0.,1.));
#2109 = ( GEOMETRIC_REPRESENTATION_CONTEXT(2) 
PARAMETRIC_REPRESENTATION_CONTEXT() REPRESENTATION_CONTEXT('2D SPACE',''
  ) );
#2110 = PCURVE('',#2111,#2116);
#2111 = PLANE('',#2112);
#2112 = AXIS2_PLACEMENT_3D('',#2113,#2114,#2115);
#2113 = CARTESIAN_POINT('',(0.28,0.25,0.));
#2114 = DIRECTION('',(0.,1.,0.));
#2115 = DIRECTION('',(0.,0.,1.));
#2116 = DEFINITIONAL_REPRESENTATION('',(#2117),#2121);
#2117 = LINE('',#2118,#2119);
#2118 = CARTESIAN_POINT('',(0.,2.1E-02));
#2119 = VECTOR('',#2120,1.);
#2120 = DIRECTION('',(1.,0.));
#2121 = ( GEOMETRIC_REPRESENTATION_CONTEXT(2) 
PARAMETRIC_REPRESENTATION_CONTEXT() REPRESENTATION_CONTEXT('2D SPACE',''
  ) );
#2122 = ORIENTED_EDGE('',*,*,#2123,.T.);
#2123 = EDGE_CURVE('',#2096,#1766,#2124,.T.);
#2124 = SURFACE_CURVE('',#2125,(#2130,#2136),.PCURVE_S1.);
#2125 = CIRCLE('',#2126,2.1E-02);
#2126 = AXIS2_PLACEMENT_3D('',#2127,#2128,#2129);
#2127 = CARTESIAN_POINT('',(0.301,0.229,0.329));
#2128 = DIRECTION('',(0.,0.,1.));
#2129 = DIRECTION('',(-1.,0.,0.));
#2130 = PCURVE('',#1781,#2131);
#2131 = DEFINITIONAL_REPRESENTATION('',(#2132),#2135);
#2132 = B_SPLINE_CURVE_WITH_KNOTS('',1,(#2133,#2134),.UNSPECIFIED.,.F.,
  .F.,(2,2),(4.712388980385,6.28318530718),.PIECEWISE_BEZIER_KNOTS.);
#2133 = CARTESIAN_POINT('',(-1.570796326795,0.329));
#2134 = CARTESIAN_POINT('',(0.,0.329));
#2135 = ( GEOMETRIC_REPRESENTATION_CONTEXT(2) 
PARAMETRIC_REPRESENTATION_CONTEXT() REPRESENTATION_CONTEXT('2D SPACE',''
  ) );
#2136 = PCURVE('',#2054,#2137);
#2137 = DEFINITIONAL_REPRESENTATION('',(#2138),#2141);
#2138 = B_SPLINE_CURVE_WITH_KNOTS('',1,(#2139,#2140),.UNSPECIFIED.,.F.,
  .F.,(2,2),(4.712388980385,6.28318530718),.PIECEWISE_BEZIER_KNOTS.);
#2139 = CARTESIAN_POINT('',(0.,-1.570796326795));
#2140 = CARTESIAN_POINT('',(0.,0.));
#2141 = ( GEOMETRIC_REPRESENTATION_CONTEXT(2) 
PARAMETRIC_REPRESENTATION_CONTEXT() REPRESENTATION_CONTEXT('2D SPACE',''
  ) );
#2142 = ADVANCED_FACE('',(#2143),#1840,.T.);
#2143 = FACE_BOUND('',#2144,.T.);
#2144 = EDGE_LOOP('',(#2145,#2146,#2171));
#2145 = ORIENTED_EDGE('',*,*,#1910,.F.);
#2146 = ORIENTED_EDGE('',*,*,#2147,.T.);
#2147 = EDGE_CURVE('',#1911,#1824,#2148,.T.);
#2148 = SURFACE_CURVE('',#2149,(#2154,#2160),.PCURVE_S1.);
#2149 = CIRCLE('',#2150,2.1E-02);
#2150 = AXIS2_PLACEMENT_3D('',#2151,#2152,#2153);
#2151 = CARTESIAN_POINT('',(0.301,-0.229,2.1E-02));
#2152 = DIRECTION('',(-1.,6.123233995737E-17,0.));
#2153 = DIRECTION('',(-6.123233995737E-17,-1.,0.));
#2154 = PCURVE('',#1840,#2155);
#2155 = DEFINITIONAL_REPRESENTATION('',(#2156),#2159);
#2156 = B_SPLINE_CURVE_WITH_KNOTS('',1,(#2157,#2158),.UNSPECIFIED.,.F.,
  .F.,(2,2),(4.712388980385,6.28318530718),.PIECEWISE_BEZIER_KNOTS.);
#2157 = CARTESIAN_POINT('',(1.570796326795,-1.570796326795));
#2158 = CARTESIAN_POINT('',(1.570796326795,0.));
#2159 = ( GEOMETRIC_REPRESENTATION_CONTEXT(2) 
PARAMETRIC_REPRESENTATION_CONTEXT() REPRESENTATION_CONTEXT('2D SPACE',''
  ) );
#2160 = PCURVE('',#2161,#2166);
#2161 = CYLINDRICAL_SURFACE('',#2162,2.1E-02);
#2162 = AXIS2_PLACEMENT_3D('',#2163,#2164,#2165);
#2163 = CARTESIAN_POINT('',(0.28,-0.229,2.1E-02));
#2164 = DIRECTION('',(1.,0.,0.));
#2165 = DIRECTION('',(0.,-1.,0.));
#2166 = DEFINITIONAL_REPRESENTATION('',(#2167),#2170);
#2167 = B_SPLINE_CURVE_WITH_KNOTS('',1,(#2168,#2169),.UNSPECIFIED.,.F.,
  .F.,(2,2),(4.712388980385,6.28318530718),.PIECEWISE_BEZIER_KNOTS.);
#2168 = CARTESIAN_POINT('',(1.570796326795,2.1E-02));
#2169 = CARTESIAN_POINT('',(0.,2.1E-02));
#2170 = ( GEOMETRIC_REPRESENTATION_CONTEXT(2) 
PARAMETRIC_REPRESENTATION_CONTEXT() REPRESENTATION_CONTEXT('2D SPACE',''
  ) );
#2171 = ORIENTED_EDGE('',*,*,#1823,.F.);
#2172 = ADVANCED_FACE('',(#2173),#1895,.T.);
#2173 = FACE_BOUND('',#2174,.F.);
#2174 = EDGE_LOOP('',(#2175,#2176,#2201));
#2175 = ORIENTED_EDGE('',*,*,#1989,.F.);
#2176 = ORIENTED_EDGE('',*,*,#2177,.T.);
#2177 = EDGE_CURVE('',#1990,#1853,#2178,.T.);
#2178 = SURFACE_CURVE('',#2179,(#2184,#2190),.PCURVE_S1.);
#2179 = CIRCLE('',#2180,2.1E-02);
#2180 = AXIS2_PLACEMENT_3D('',#2181,#2182,#2183);
#2181 = CARTESIAN_POINT('',(0.301,-0.229,0.329));
#2182 = DIRECTION('',(1.,-6.123233995737E-17,0.));
#2183 = DIRECTION('',(-6.123233995737E-17,-1.,0.));
#2184 = PCURVE('',#1895,#2185);
#2185 = DEFINITIONAL_REPRESENTATION('',(#2186),#2189);
#2186 = B_SPLINE_CURVE_WITH_KNOTS('',1,(#2187,#2188),.UNSPECIFIED.,.F.,
  .F.,(2,2),(4.712388980385,6.28318530718),.PIECEWISE_BEZIER_KNOTS.);
#2187 = CARTESIAN_POINT('',(-1.570796326795,-1.570796326795));
#2188 = CARTESIAN_POINT('',(-1.570796326795,0.));
#2189 = ( GEOMETRIC_REPRESENTATION_CONTEXT(2) 
PARAMETRIC_REPRESENTATION_CONTEXT() REPRESENTATION_CONTEXT('2D SPACE',''
  ) );
#2190 = PCURVE('',#2191,#2196);
#2191 = CYLINDRICAL_SURFACE('',#2192,2.1E-02);
#2192 = AXIS2_PLACEMENT_3D('',#2193,#2194,#2195);
#2193 = CARTESIAN_POINT('',(0.28,-0.229,0.329));
#2194 = DIRECTION('',(1.,0.,0.));
#2195 = DIRECTION('',(0.,-1.,0.));
#2196 = DEFINITIONAL_REPRESENTATION('',(#2197),#2200);
#2197 = B_SPLINE_CURVE_WITH_KNOTS('',1,(#2198,#2199),.UNSPECIFIED.,.F.,
  .F.,(2,2),(4.712388980385,6.28318530718),.PIECEWISE_BEZIER_KNOTS.);
#2198 = CARTESIAN_POINT('',(-1.570796326795,2.1E-02));
#2199 = CARTESIAN_POINT('',(0.,2.1E-02));
#2200 = ( GEOMETRIC_REPRESENTATION_CONTEXT(2) 
PARAMETRIC_REPRESENTATION_CONTEXT() REPRESENTATION_CONTEXT('2D SPACE',''
  ) );
#2201 = ORIENTED_EDGE('',*,*,#1880,.F.);
#2202 = ADVANCED_FACE('',(#2203),#1868,.F.);
#2203 = FACE_BOUND('',#2204,.F.);
#2204 = EDGE_LOOP('',(#2205,#2206,#2229,#2257));
#2205 = ORIENTED_EDGE('',*,*,#1852,.T.);
#2206 = ORIENTED_EDGE('',*,*,#2207,.T.);
#2207 = EDGE_CURVE('',#1853,#2208,#2210,.T.);
#2208 = VERTEX_POINT('',#2209);
#2209 = CARTESIAN_POINT('',(0.479,-0.25,0.329));
#2210 = SURFACE_CURVE('',#2211,(#2215,#2222),.PCURVE_S1.);
#2211 = LINE('',#2212,#2213);
#2212 = CARTESIAN_POINT('',(0.28,-0.25,0.329));
#2213 = VECTOR('',#2214,1.);
#2214 = DIRECTION('',(1.,0.,0.));
#2215 = PCURVE('',#1868,#2216);
#2216 = DEFINITIONAL_REPRESENTATION('',(#2217),#2221);
#2217 = LINE('',#2218,#2219);
#2218 = CARTESIAN_POINT('',(0.329,0.));
#2219 = VECTOR('',#2220,1.);
#2220 = DIRECTION('',(0.,1.));
#2221 = ( GEOMETRIC_REPRESENTATION_CONTEXT(2) 
PARAMETRIC_REPRESENTATION_CONTEXT() REPRESENTATION_CONTEXT('2D SPACE',''
  ) );
#2222 = PCURVE('',#2191,#2223);
#2223 = DEFINITIONAL_REPRESENTATION('',(#2224),#2228);
#2224 = LINE('',#2225,#2226);
#2225 = CARTESIAN_POINT('',(-0.,0.));
#2226 = VECTOR('',#2227,1.);
#2227 = DIRECTION('',(-0.,1.));
#2228 = ( GEOMETRIC_REPRESENTATION_CONTEXT(2) 
PARAMETRIC_REPRESENTATION_CONTEXT() REPRESENTATION_CONTEXT('2D SPACE',''
  ) );
#2229 = ORIENTED_EDGE('',*,*,#2230,.F.);
#2230 = EDGE_CURVE('',#2231,#2208,#2233,.T.);
#2231 = VERTEX_POINT('',#2232);
#2232 = CARTESIAN_POINT('',(0.479,-0.25,2.1E-02));
#2233 = SURFACE_CURVE('',#2234,(#2238,#2245),.PCURVE_S1.);
#2234 = LINE('',#2235,#2236);
#2235 = CARTESIAN_POINT('',(0.479,-0.25,0.));
#2236 = VECTOR('',#2237,1.);
#2237 = DIRECTION('',(0.,0.,1.));
#2238 = PCURVE('',#1868,#2239);
#2239 = DEFINITIONAL_REPRESENTATION('',(#2240),#2244);
#2240 = LINE('',#2241,#2242);
#2241 = CARTESIAN_POINT('',(0.,0.199));
#2242 = VECTOR('',#2243,1.);
#2243 = DIRECTION('',(1.,0.));
#2244 = ( GEOMETRIC_REPRESENTATION_CONTEXT(2) 
PARAMETRIC_REPRESENTATION_CONTEXT() REPRESENTATION_CONTEXT('2D SPACE',''
  ) );
#2245 = PCURVE('',#2246,#2251);
#2246 = CYLINDRICAL_SURFACE('',#2247,2.1E-02);
#2247 = AXIS2_PLACEMENT_3D('',#2248,#2249,#2250);
#2248 = CARTESIAN_POINT('',(0.479,-0.229,0.));
#2249 = DIRECTION('',(0.,0.,1.));
#2250 = DIRECTION('',(1.,0.,-0.));
#2251 = DEFINITIONAL_REPRESENTATION('',(#2252),#2256);
#2252 = LINE('',#2253,#2254);
#2253 = CARTESIAN_POINT('',(-1.570796326795,0.));
#2254 = VECTOR('',#2255,1.);
#2255 = DIRECTION('',(-0.,1.));
#2256 = ( GEOMETRIC_REPRESENTATION_CONTEXT(2) 
PARAMETRIC_REPRESENTATION_CONTEXT() REPRESENTATION_CONTEXT('2D SPACE',''
  ) );
#2257 = ORIENTED_EDGE('',*,*,#2258,.F.);
#2258 = EDGE_CURVE('',#1824,#2231,#2259,.T.);
#2259 = SURFACE_CURVE('',#2260,(#2264,#2271),.PCURVE_S1.);
#2260 = LINE('',#2261,#2262);
#2261 = CARTESIAN_POINT('',(0.28,-0.25,2.1E-02));
#2262 = VECTOR('',#2263,1.);
#2263 = DIRECTION('',(1.,0.,0.));
#2264 = PCURVE('',#1868,#2265);
#2265 = DEFINITIONAL_REPRESENTATION('',(#2266),#2270);
#2266 = LINE('',#2267,#2268);
#2267 = CARTESIAN_POINT('',(2.1E-02,0.));
#2268 = VECTOR('',#2269,1.);
#2269 = DIRECTION('',(0.,1.));
#2270 = ( GEOMETRIC_REPRESENTATION_CONTEXT(2) 
PARAMETRIC_REPRESENTATION_CONTEXT() REPRESENTATION_CONTEXT('2D SPACE',''
  ) );
#2271 = PCURVE('',#2161,#2272);
#2272 = DEFINITIONAL_REPRESENTATION('',(#2273),#2277);
#2273 = LINE('',#2274,#2275);
#2274 = CARTESIAN_POINT('',(0.,0.));
#2275 = VECTOR('',#2276,1.);
#2276 = DIRECTION('',(0.,1.));
#2277 = ( GEOMETRIC_REPRESENTATION_CONTEXT(2) 
PARAMETRIC_REPRESENTATION_CONTEXT() REPRESENTATION_CONTEXT('2D SPACE',''
  ) );
#2278 = ADVANCED_FACE('',(#2279),#1948,.F.);
#2279 = FACE_BOUND('',#2280,.F.);
#2280 = EDGE_LOOP('',(#2281,#2282,#2305,#2333));
#2281 = ORIENTED_EDGE('',*,*,#1932,.F.);
#2282 = ORIENTED_EDGE('',*,*,#2283,.T.);
#2283 = EDGE_CURVE('',#1911,#2284,#2286,.T.);
#2284 = VERTEX_POINT('',#2285);
#2285 = CARTESIAN_POINT('',(0.479,-0.229,0.));
#2286 = SURFACE_CURVE('',#2287,(#2291,#2298),.PCURVE_S1.);
#2287 = LINE('',#2288,#2289);
#2288 = CARTESIAN_POINT('',(0.28,-0.229,-3.469446951954E-18));
#2289 = VECTOR('',#2290,1.);
#2290 = DIRECTION('',(1.,0.,0.));
#2291 = PCURVE('',#1948,#2292);
#2292 = DEFINITIONAL_REPRESENTATION('',(#2293),#2297);
#2293 = LINE('',#2294,#2295);
#2294 = CARTESIAN_POINT('',(0.,2.1E-02));
#2295 = VECTOR('',#2296,1.);
#2296 = DIRECTION('',(1.,0.));
#2297 = ( GEOMETRIC_REPRESENTATION_CONTEXT(2) 
PARAMETRIC_REPRESENTATION_CONTEXT() REPRESENTATION_CONTEXT('2D SPACE',''
  ) );
#2298 = PCURVE('',#2161,#2299);
#2299 = DEFINITIONAL_REPRESENTATION('',(#2300),#2304);
#2300 = LINE('',#2301,#2302);
#2301 = CARTESIAN_POINT('',(1.570796326795,0.));
#2302 = VECTOR('',#2303,1.);
#2303 = DIRECTION('',(0.,1.));
#2304 = ( GEOMETRIC_REPRESENTATION_CONTEXT(2) 
PARAMETRIC_REPRESENTATION_CONTEXT() REPRESENTATION_CONTEXT('2D SPACE',''
  ) );
#2305 = ORIENTED_EDGE('',*,*,#2306,.T.);
#2306 = EDGE_CURVE('',#2284,#2307,#2309,.T.);
#2307 = VERTEX_POINT('',#2308);
#2308 = CARTESIAN_POINT('',(0.479,0.229,0.));
#2309 = SURFACE_CURVE('',#2310,(#2314,#2321),.PCURVE_S1.);
#2310 = LINE('',#2311,#2312);
#2311 = CARTESIAN_POINT('',(0.479,-0.25,-3.469446951954E-18));
#2312 = VECTOR('',#2313,1.);
#2313 = DIRECTION('',(0.,1.,0.));
#2314 = PCURVE('',#1948,#2315);
#2315 = DEFINITIONAL_REPRESENTATION('',(#2316),#2320);
#2316 = LINE('',#2317,#2318);
#2317 = CARTESIAN_POINT('',(0.199,0.));
#2318 = VECTOR('',#2319,1.);
#2319 = DIRECTION('',(0.,1.));
#2320 = ( GEOMETRIC_REPRESENTATION_CONTEXT(2) 
PARAMETRIC_REPRESENTATION_CONTEXT() REPRESENTATION_CONTEXT('2D SPACE',''
  ) );
#2321 = PCURVE('',#2322,#2327);
#2322 = CYLINDRICAL_SURFACE('',#2323,2.1E-02);
#2323 = AXIS2_PLACEMENT_3D('',#2324,#2325,#2326);
#2324 = CARTESIAN_POINT('',(0.479,-0.25,2.1E-02));
#2325 = DIRECTION('',(0.,1.,0.));
#2326 = DIRECTION('',(1.,0.,-0.));
#2327 = DEFINITIONAL_REPRESENTATION('',(#2328),#2332);
#2328 = LINE('',#2329,#2330);
#2329 = CARTESIAN_POINT('',(1.570796326795,0.));
#2330 = VECTOR('',#2331,1.);
#2331 = DIRECTION('',(0.,1.));
#2332 = ( GEOMETRIC_REPRESENTATION_CONTEXT(2) 
PARAMETRIC_REPRESENTATION_CONTEXT() REPRESENTATION_CONTEXT('2D SPACE',''
  ) );
#2333 = ORIENTED_EDGE('',*,*,#2334,.F.);
#2334 = EDGE_CURVE('',#1933,#2307,#2335,.T.);
#2335 = SURFACE_CURVE('',#2336,(#2340,#2347),.PCURVE_S1.);
#2336 = LINE('',#2337,#2338);
#2337 = CARTESIAN_POINT('',(0.28,0.229,-3.469446951954E-18));
#2338 = VECTOR('',#2339,1.);
#2339 = DIRECTION('',(1.,0.,0.));
#2340 = PCURVE('',#1948,#2341);
#2341 = DEFINITIONAL_REPRESENTATION('',(#2342),#2346);
#2342 = LINE('',#2343,#2344);
#2343 = CARTESIAN_POINT('',(0.,0.479));
#2344 = VECTOR('',#2345,1.);
#2345 = DIRECTION('',(1.,0.));
#2346 = ( GEOMETRIC_REPRESENTATION_CONTEXT(2) 
PARAMETRIC_REPRESENTATION_CONTEXT() REPRESENTATION_CONTEXT('2D SPACE',''
  ) );
#2347 = PCURVE('',#2348,#2353);
#2348 = CYLINDRICAL_SURFACE('',#2349,2.1E-02);
#2349 = AXIS2_PLACEMENT_3D('',#2350,#2351,#2352);
#2350 = CARTESIAN_POINT('',(0.28,0.229,2.1E-02));
#2351 = DIRECTION('',(1.,0.,0.));
#2352 = DIRECTION('',(-0.,1.,0.));
#2353 = DEFINITIONAL_REPRESENTATION('',(#2354),#2358);
#2354 = LINE('',#2355,#2356);
#2355 = CARTESIAN_POINT('',(-1.570796326795,0.));
#2356 = VECTOR('',#2357,1.);
#2357 = DIRECTION('',(-0.,1.));
#2358 = ( GEOMETRIC_REPRESENTATION_CONTEXT(2) 
PARAMETRIC_REPRESENTATION_CONTEXT() REPRESENTATION_CONTEXT('2D SPACE',''
  ) );
#2359 = ADVANCED_FACE('',(#2360),#1974,.T.);
#2360 = FACE_BOUND('',#2361,.F.);
#2361 = EDGE_LOOP('',(#2362,#2363,#2383));
#2362 = ORIENTED_EDGE('',*,*,#1960,.F.);
#2363 = ORIENTED_EDGE('',*,*,#2364,.T.);
#2364 = EDGE_CURVE('',#1933,#2072,#2365,.T.);
#2365 = SURFACE_CURVE('',#2366,(#2371,#2377),.PCURVE_S1.);
#2366 = CIRCLE('',#2367,2.1E-02);
#2367 = AXIS2_PLACEMENT_3D('',#2368,#2369,#2370);
#2368 = CARTESIAN_POINT('',(0.301,0.229,2.1E-02));
#2369 = DIRECTION('',(1.,7.180589257285E-17,-0.));
#2370 = DIRECTION('',(-7.180589257285E-17,1.,0.));
#2371 = PCURVE('',#1974,#2372);
#2372 = DEFINITIONAL_REPRESENTATION('',(#2373),#2376);
#2373 = B_SPLINE_CURVE_WITH_KNOTS('',1,(#2374,#2375),.UNSPECIFIED.,.F.,
  .F.,(2,2),(4.712388980385,6.28318530718),.PIECEWISE_BEZIER_KNOTS.);
#2374 = CARTESIAN_POINT('',(-1.570796326795,-1.570796326795));
#2375 = CARTESIAN_POINT('',(-1.570796326795,0.));
#2376 = ( GEOMETRIC_REPRESENTATION_CONTEXT(2) 
PARAMETRIC_REPRESENTATION_CONTEXT() REPRESENTATION_CONTEXT('2D SPACE',''
  ) );
#2377 = PCURVE('',#2348,#2378);
#2378 = DEFINITIONAL_REPRESENTATION('',(#2379),#2382);
#2379 = B_SPLINE_CURVE_WITH_KNOTS('',1,(#2380,#2381),.UNSPECIFIED.,.F.,
  .F.,(2,2),(4.712388980385,6.28318530718),.PIECEWISE_BEZIER_KNOTS.);
#2380 = CARTESIAN_POINT('',(-1.570796326795,2.1E-02));
#2381 = CARTESIAN_POINT('',(0.,2.1E-02));
#2382 = ( GEOMETRIC_REPRESENTATION_CONTEXT(2) 
PARAMETRIC_REPRESENTATION_CONTEXT() REPRESENTATION_CONTEXT('2D SPACE',''
  ) );
#2383 = ORIENTED_EDGE('',*,*,#2071,.F.);
#2384 = ADVANCED_FACE('',(#2385),#2027,.T.);
#2385 = FACE_BOUND('',#2386,.T.);
#2386 = EDGE_LOOP('',(#2387,#2388,#2411,#2439));
#2387 = ORIENTED_EDGE('',*,*,#2011,.F.);
#2388 = ORIENTED_EDGE('',*,*,#2389,.T.);
#2389 = EDGE_CURVE('',#1990,#2390,#2392,.T.);
#2390 = VERTEX_POINT('',#2391);
#2391 = CARTESIAN_POINT('',(0.479,-0.229,0.35));
#2392 = SURFACE_CURVE('',#2393,(#2397,#2404),.PCURVE_S1.);
#2393 = LINE('',#2394,#2395);
#2394 = CARTESIAN_POINT('',(0.28,-0.229,0.35));
#2395 = VECTOR('',#2396,1.);
#2396 = DIRECTION('',(1.,0.,0.));
#2397 = PCURVE('',#2027,#2398);
#2398 = DEFINITIONAL_REPRESENTATION('',(#2399),#2403);
#2399 = LINE('',#2400,#2401);
#2400 = CARTESIAN_POINT('',(0.,2.1E-02));
#2401 = VECTOR('',#2402,1.);
#2402 = DIRECTION('',(1.,0.));
#2403 = ( GEOMETRIC_REPRESENTATION_CONTEXT(2) 
PARAMETRIC_REPRESENTATION_CONTEXT() REPRESENTATION_CONTEXT('2D SPACE',''
  ) );
#2404 = PCURVE('',#2191,#2405);
#2405 = DEFINITIONAL_REPRESENTATION('',(#2406),#2410);
#2406 = LINE('',#2407,#2408);
#2407 = CARTESIAN_POINT('',(-1.570796326795,0.));
#2408 = VECTOR('',#2409,1.);
#2409 = DIRECTION('',(-0.,1.));
#2410 = ( GEOMETRIC_REPRESENTATION_CONTEXT(2) 
PARAMETRIC_REPRESENTATION_CONTEXT() REPRESENTATION_CONTEXT('2D SPACE',''
  ) );
#2411 = ORIENTED_EDGE('',*,*,#2412,.T.);
#2412 = EDGE_CURVE('',#2390,#2413,#2415,.T.);
#2413 = VERTEX_POINT('',#2414);
#2414 = CARTESIAN_POINT('',(0.479,0.229,0.35));
#2415 = SURFACE_CURVE('',#2416,(#2420,#2427),.PCURVE_S1.);
#2416 = LINE('',#2417,#2418);
#2417 = CARTESIAN_POINT('',(0.479,-0.25,0.35));
#2418 = VECTOR('',#2419,1.);
#2419 = DIRECTION('',(0.,1.,0.));
#2420 = PCURVE('',#2027,#2421);
#2421 = DEFINITIONAL_REPRESENTATION('',(#2422),#2426);
#2422 = LINE('',#2423,#2424);
#2423 = CARTESIAN_POINT('',(0.199,0.));
#2424 = VECTOR('',#2425,1.);
#2425 = DIRECTION('',(0.,1.));
#2426 = ( GEOMETRIC_REPRESENTATION_CONTEXT(2) 
PARAMETRIC_REPRESENTATION_CONTEXT() REPRESENTATION_CONTEXT('2D SPACE',''
  ) );
#2427 = PCURVE('',#2428,#2433);
#2428 = CYLINDRICAL_SURFACE('',#2429,2.1E-02);
#2429 = AXIS2_PLACEMENT_3D('',#2430,#2431,#2432);
#2430 = CARTESIAN_POINT('',(0.479,-0.25,0.329));
#2431 = DIRECTION('',(0.,1.,0.));
#2432 = DIRECTION('',(1.,0.,-0.));
#2433 = DEFINITIONAL_REPRESENTATION('',(#2434),#2438);
#2434 = LINE('',#2435,#2436);
#2435 = CARTESIAN_POINT('',(-1.570796326795,0.));
#2436 = VECTOR('',#2437,1.);
#2437 = DIRECTION('',(-0.,1.));
#2438 = ( GEOMETRIC_REPRESENTATION_CONTEXT(2) 
PARAMETRIC_REPRESENTATION_CONTEXT() REPRESENTATION_CONTEXT('2D SPACE',''
  ) );
#2439 = ORIENTED_EDGE('',*,*,#2440,.F.);
#2440 = EDGE_CURVE('',#2012,#2413,#2441,.T.);
#2441 = SURFACE_CURVE('',#2442,(#2446,#2453),.PCURVE_S1.);
#2442 = LINE('',#2443,#2444);
#2443 = CARTESIAN_POINT('',(0.28,0.229,0.35));
#2444 = VECTOR('',#2445,1.);
#2445 = DIRECTION('',(1.,0.,0.));
#2446 = PCURVE('',#2027,#2447);
#2447 = DEFINITIONAL_REPRESENTATION('',(#2448),#2452);
#2448 = LINE('',#2449,#2450);
#2449 = CARTESIAN_POINT('',(0.,0.479));
#2450 = VECTOR('',#2451,1.);
#2451 = DIRECTION('',(1.,0.));
#2452 = ( GEOMETRIC_REPRESENTATION_CONTEXT(2) 
PARAMETRIC_REPRESENTATION_CONTEXT() REPRESENTATION_CONTEXT('2D SPACE',''
  ) );
#2453 = PCURVE('',#2454,#2459);
#2454 = CYLINDRICAL_SURFACE('',#2455,2.1E-02);
#2455 = AXIS2_PLACEMENT_3D('',#2456,#2457,#2458);
#2456 = CARTESIAN_POINT('',(0.28,0.229,0.329));
#2457 = DIRECTION('',(1.,0.,0.));
#2458 = DIRECTION('',(-0.,1.,0.));
#2459 = DEFINITIONAL_REPRESENTATION('',(#2460),#2464);
#2460 = LINE('',#2461,#2462);
#2461 = CARTESIAN_POINT('',(1.570796326795,0.));
#2462 = VECTOR('',#2463,1.);
#2463 = DIRECTION('',(0.,1.));
#2464 = ( GEOMETRIC_REPRESENTATION_CONTEXT(2) 
PARAMETRIC_REPRESENTATION_CONTEXT() REPRESENTATION_CONTEXT('2D SPACE',''
  ) );
#2465 = ADVANCED_FACE('',(#2466),#2054,.T.);
#2466 = FACE_BOUND('',#2467,.F.);
#2467 = EDGE_LOOP('',(#2468,#2469,#2489));
#2468 = ORIENTED_EDGE('',*,*,#2123,.F.);
#2469 = ORIENTED_EDGE('',*,*,#2470,.T.);
#2470 = EDGE_CURVE('',#2096,#2012,#2471,.T.);
#2471 = SURFACE_CURVE('',#2472,(#2477,#2483),.PCURVE_S1.);
#2472 = CIRCLE('',#2473,2.1E-02);
#2473 = AXIS2_PLACEMENT_3D('',#2474,#2475,#2476);
#2474 = CARTESIAN_POINT('',(0.301,0.229,0.329));
#2475 = DIRECTION('',(1.,0.,6.123233995737E-17));
#2476 = DIRECTION('',(-6.123233995737E-17,0.,1.));
#2477 = PCURVE('',#2054,#2478);
#2478 = DEFINITIONAL_REPRESENTATION('',(#2479),#2482);
#2479 = B_SPLINE_CURVE_WITH_KNOTS('',1,(#2480,#2481),.UNSPECIFIED.,.F.,
  .F.,(2,2),(4.712388980385,6.28318530718),.PIECEWISE_BEZIER_KNOTS.);
#2480 = CARTESIAN_POINT('',(-1.570796326795,-1.570796326795));
#2481 = CARTESIAN_POINT('',(-1.570796326795,0.));
#2482 = ( GEOMETRIC_REPRESENTATION_CONTEXT(2) 
PARAMETRIC_REPRESENTATION_CONTEXT() REPRESENTATION_CONTEXT('2D SPACE',''
  ) );
#2483 = PCURVE('',#2454,#2484);
#2484 = DEFINITIONAL_REPRESENTATION('',(#2485),#2488);
#2485 = B_SPLINE_CURVE_WITH_KNOTS('',1,(#2486,#2487),.UNSPECIFIED.,.F.,
  .F.,(2,2),(4.712388980385,6.28318530718),.PIECEWISE_BEZIER_KNOTS.);
#2486 = CARTESIAN_POINT('',(0.,2.1E-02));
#2487 = CARTESIAN_POINT('',(1.570796326795,2.1E-02));
#2488 = ( GEOMETRIC_REPRESENTATION_CONTEXT(2) 
PARAMETRIC_REPRESENTATION_CONTEXT() REPRESENTATION_CONTEXT('2D SPACE',''
  ) );
#2489 = ORIENTED_EDGE('',*,*,#2039,.F.);
#2490 = ADVANCED_FACE('',(#2491),#2111,.T.);
#2491 = FACE_BOUND('',#2492,.T.);
#2492 = EDGE_LOOP('',(#2493,#2494,#2517,#2545));
#2493 = ORIENTED_EDGE('',*,*,#2095,.T.);
#2494 = ORIENTED_EDGE('',*,*,#2495,.T.);
#2495 = EDGE_CURVE('',#2096,#2496,#2498,.T.);
#2496 = VERTEX_POINT('',#2497);
#2497 = CARTESIAN_POINT('',(0.479,0.25,0.329));
#2498 = SURFACE_CURVE('',#2499,(#2503,#2510),.PCURVE_S1.);
#2499 = LINE('',#2500,#2501);
#2500 = CARTESIAN_POINT('',(0.28,0.25,0.329));
#2501 = VECTOR('',#2502,1.);
#2502 = DIRECTION('',(1.,0.,0.));
#2503 = PCURVE('',#2111,#2504);
#2504 = DEFINITIONAL_REPRESENTATION('',(#2505),#2509);
#2505 = LINE('',#2506,#2507);
#2506 = CARTESIAN_POINT('',(0.329,0.));
#2507 = VECTOR('',#2508,1.);
#2508 = DIRECTION('',(0.,1.));
#2509 = ( GEOMETRIC_REPRESENTATION_CONTEXT(2) 
PARAMETRIC_REPRESENTATION_CONTEXT() REPRESENTATION_CONTEXT('2D SPACE',''
  ) );
#2510 = PCURVE('',#2454,#2511);
#2511 = DEFINITIONAL_REPRESENTATION('',(#2512),#2516);
#2512 = LINE('',#2513,#2514);
#2513 = CARTESIAN_POINT('',(0.,0.));
#2514 = VECTOR('',#2515,1.);
#2515 = DIRECTION('',(0.,1.));
#2516 = ( GEOMETRIC_REPRESENTATION_CONTEXT(2) 
PARAMETRIC_REPRESENTATION_CONTEXT() REPRESENTATION_CONTEXT('2D SPACE',''
  ) );
#2517 = ORIENTED_EDGE('',*,*,#2518,.F.);
#2518 = EDGE_CURVE('',#2519,#2496,#2521,.T.);
#2519 = VERTEX_POINT('',#2520);
#2520 = CARTESIAN_POINT('',(0.479,0.25,2.1E-02));
#2521 = SURFACE_CURVE('',#2522,(#2526,#2533),.PCURVE_S1.);
#2522 = LINE('',#2523,#2524);
#2523 = CARTESIAN_POINT('',(0.479,0.25,0.));
#2524 = VECTOR('',#2525,1.);
#2525 = DIRECTION('',(0.,0.,1.));
#2526 = PCURVE('',#2111,#2527);
#2527 = DEFINITIONAL_REPRESENTATION('',(#2528),#2532);
#2528 = LINE('',#2529,#2530);
#2529 = CARTESIAN_POINT('',(0.,0.199));
#2530 = VECTOR('',#2531,1.);
#2531 = DIRECTION('',(1.,0.));
#2532 = ( GEOMETRIC_REPRESENTATION_CONTEXT(2) 
PARAMETRIC_REPRESENTATION_CONTEXT() REPRESENTATION_CONTEXT('2D SPACE',''
  ) );
#2533 = PCURVE('',#2534,#2539);
#2534 = CYLINDRICAL_SURFACE('',#2535,2.1E-02);
#2535 = AXIS2_PLACEMENT_3D('',#2536,#2537,#2538);
#2536 = CARTESIAN_POINT('',(0.479,0.229,0.));
#2537 = DIRECTION('',(0.,0.,1.));
#2538 = DIRECTION('',(1.,0.,-0.));
#2539 = DEFINITIONAL_REPRESENTATION('',(#2540),#2544);
#2540 = LINE('',#2541,#2542);
#2541 = CARTESIAN_POINT('',(1.570796326795,0.));
#2542 = VECTOR('',#2543,1.);
#2543 = DIRECTION('',(0.,1.));
#2544 = ( GEOMETRIC_REPRESENTATION_CONTEXT(2) 
PARAMETRIC_REPRESENTATION_CONTEXT() REPRESENTATION_CONTEXT('2D SPACE',''
  ) );
#2545 = ORIENTED_EDGE('',*,*,#2546,.F.);
#2546 = EDGE_CURVE('',#2072,#2519,#2547,.T.);
#2547 = SURFACE_CURVE('',#2548,(#2552,#2559),.PCURVE_S1.);
#2548 = LINE('',#2549,#2550);
#2549 = CARTESIAN_POINT('',(0.28,0.25,2.1E-02));
#2550 = VECTOR('',#2551,1.);
#2551 = DIRECTION('',(1.,0.,0.));
#2552 = PCURVE('',#2111,#2553);
#2553 = DEFINITIONAL_REPRESENTATION('',(#2554),#2558);
#2554 = LINE('',#2555,#2556);
#2555 = CARTESIAN_POINT('',(2.1E-02,0.));
#2556 = VECTOR('',#2557,1.);
#2557 = DIRECTION('',(0.,1.));
#2558 = ( GEOMETRIC_REPRESENTATION_CONTEXT(2) 
PARAMETRIC_REPRESENTATION_CONTEXT() REPRESENTATION_CONTEXT('2D SPACE',''
  ) );
#2559 = PCURVE('',#2348,#2560);
#2560 = DEFINITIONAL_REPRESENTATION('',(#2561),#2565);
#2561 = LINE('',#2562,#2563);
#2562 = CARTESIAN_POINT('',(-0.,0.));
#2563 = VECTOR('',#2564,1.);
#2564 = DIRECTION('',(-0.,1.));
#2565 = ( GEOMETRIC_REPRESENTATION_CONTEXT(2) 
PARAMETRIC_REPRESENTATION_CONTEXT() REPRESENTATION_CONTEXT('2D SPACE',''
  ) );
#2566 = ADVANCED_FACE('',(#2567),#2161,.T.);
#2567 = FACE_BOUND('',#2568,.T.);
#2568 = EDGE_LOOP('',(#2569,#2570,#2571,#2596));
#2569 = ORIENTED_EDGE('',*,*,#2147,.F.);
#2570 = ORIENTED_EDGE('',*,*,#2283,.T.);
#2571 = ORIENTED_EDGE('',*,*,#2572,.T.);
#2572 = EDGE_CURVE('',#2284,#2231,#2573,.T.);
#2573 = SURFACE_CURVE('',#2574,(#2579,#2585),.PCURVE_S1.);
#2574 = CIRCLE('',#2575,2.1E-02);
#2575 = AXIS2_PLACEMENT_3D('',#2576,#2577,#2578);
#2576 = CARTESIAN_POINT('',(0.479,-0.229,2.1E-02));
#2577 = DIRECTION('',(-1.,-6.123233995737E-17,0.));
#2578 = DIRECTION('',(6.123233995737E-17,-1.,-0.));
#2579 = PCURVE('',#2161,#2580);
#2580 = DEFINITIONAL_REPRESENTATION('',(#2581),#2584);
#2581 = B_SPLINE_CURVE_WITH_KNOTS('',1,(#2582,#2583),.UNSPECIFIED.,.F.,
  .F.,(2,2),(4.712388980385,6.28318530718),.PIECEWISE_BEZIER_KNOTS.);
#2582 = CARTESIAN_POINT('',(1.570796326795,0.199));
#2583 = CARTESIAN_POINT('',(0.,0.199));
#2584 = ( GEOMETRIC_REPRESENTATION_CONTEXT(2) 
PARAMETRIC_REPRESENTATION_CONTEXT() REPRESENTATION_CONTEXT('2D SPACE',''
  ) );
#2585 = PCURVE('',#2586,#2591);
#2586 = SPHERICAL_SURFACE('',#2587,2.1E-02);
#2587 = AXIS2_PLACEMENT_3D('',#2588,#2589,#2590);
#2588 = CARTESIAN_POINT('',(0.479,-0.229,2.1E-02));
#2589 = DIRECTION('',(0.,0.,1.));
#2590 = DIRECTION('',(1.,0.,-0.));
#2591 = DEFINITIONAL_REPRESENTATION('',(#2592),#2595);
#2592 = B_SPLINE_CURVE_WITH_KNOTS('',1,(#2593,#2594),.UNSPECIFIED.,.F.,
  .F.,(2,2),(4.712388980385,6.28318530718),.PIECEWISE_BEZIER_KNOTS.);
#2593 = CARTESIAN_POINT('',(-1.570796326795,-1.570796326795));
#2594 = CARTESIAN_POINT('',(-1.570796326795,0.));
#2595 = ( GEOMETRIC_REPRESENTATION_CONTEXT(2) 
PARAMETRIC_REPRESENTATION_CONTEXT() REPRESENTATION_CONTEXT('2D SPACE',''
  ) );
#2596 = ORIENTED_EDGE('',*,*,#2258,.F.);
#2597 = ADVANCED_FACE('',(#2598),#2191,.T.);
#2598 = FACE_BOUND('',#2599,.F.);
#2599 = EDGE_LOOP('',(#2600,#2601,#2602,#2627));
#2600 = ORIENTED_EDGE('',*,*,#2177,.F.);
#2601 = ORIENTED_EDGE('',*,*,#2389,.T.);
#2602 = ORIENTED_EDGE('',*,*,#2603,.T.);
#2603 = EDGE_CURVE('',#2390,#2208,#2604,.T.);
#2604 = SURFACE_CURVE('',#2605,(#2610,#2616),.PCURVE_S1.);
#2605 = CIRCLE('',#2606,2.1E-02);
#2606 = AXIS2_PLACEMENT_3D('',#2607,#2608,#2609);
#2607 = CARTESIAN_POINT('',(0.479,-0.229,0.329));
#2608 = DIRECTION('',(1.,6.123233995737E-17,0.));
#2609 = DIRECTION('',(6.123233995737E-17,-1.,0.));
#2610 = PCURVE('',#2191,#2611);
#2611 = DEFINITIONAL_REPRESENTATION('',(#2612),#2615);
#2612 = B_SPLINE_CURVE_WITH_KNOTS('',1,(#2613,#2614),.UNSPECIFIED.,.F.,
  .F.,(2,2),(4.712388980385,6.28318530718),.PIECEWISE_BEZIER_KNOTS.);
#2613 = CARTESIAN_POINT('',(-1.570796326795,0.199));
#2614 = CARTESIAN_POINT('',(0.,0.199));
#2615 = ( GEOMETRIC_REPRESENTATION_CONTEXT(2) 
PARAMETRIC_REPRESENTATION_CONTEXT() REPRESENTATION_CONTEXT('2D SPACE',''
  ) );
#2616 = PCURVE('',#2617,#2622);
#2617 = SPHERICAL_SURFACE('',#2618,2.1E-02);
#2618 = AXIS2_PLACEMENT_3D('',#2619,#2620,#2621);
#2619 = CARTESIAN_POINT('',(0.479,-0.229,0.329));
#2620 = DIRECTION('',(-0.,-0.,-1.));
#2621 = DIRECTION('',(1.,0.,0.));
#2622 = DEFINITIONAL_REPRESENTATION('',(#2623),#2626);
#2623 = B_SPLINE_CURVE_WITH_KNOTS('',1,(#2624,#2625),.UNSPECIFIED.,.F.,
  .F.,(2,2),(4.712388980385,6.28318530718),.PIECEWISE_BEZIER_KNOTS.);
#2624 = CARTESIAN_POINT('',(1.570796326795,-1.570796326795));
#2625 = CARTESIAN_POINT('',(1.570796326795,0.));
#2626 = ( GEOMETRIC_REPRESENTATION_CONTEXT(2) 
PARAMETRIC_REPRESENTATION_CONTEXT() REPRESENTATION_CONTEXT('2D SPACE',''
  ) );
#2627 = ORIENTED_EDGE('',*,*,#2207,.F.);
#2628 = ADVANCED_FACE('',(#2629),#2246,.T.);
#2629 = FACE_BOUND('',#2630,.F.);
#2630 = EDGE_LOOP('',(#2631,#2661,#2683,#2684));
#2631 = ORIENTED_EDGE('',*,*,#2632,.F.);
#2632 = EDGE_CURVE('',#2633,#2635,#2637,.T.);
#2633 = VERTEX_POINT('',#2634);
#2634 = CARTESIAN_POINT('',(0.5,-0.229,2.1E-02));
#2635 = VERTEX_POINT('',#2636);
#2636 = CARTESIAN_POINT('',(0.5,-0.229,0.329));
#2637 = SURFACE_CURVE('',#2638,(#2642,#2649),.PCURVE_S1.);
#2638 = LINE('',#2639,#2640);
#2639 = CARTESIAN_POINT('',(0.5,-0.229,0.));
#2640 = VECTOR('',#2641,1.);
#2641 = DIRECTION('',(0.,0.,1.));
#2642 = PCURVE('',#2246,#2643);
#2643 = DEFINITIONAL_REPRESENTATION('',(#2644),#2648);
#2644 = LINE('',#2645,#2646);
#2645 = CARTESIAN_POINT('',(-0.,0.));
#2646 = VECTOR('',#2647,1.);
#2647 = DIRECTION('',(-0.,1.));
#2648 = ( GEOMETRIC_REPRESENTATION_CONTEXT(2) 
PARAMETRIC_REPRESENTATION_CONTEXT() REPRESENTATION_CONTEXT('2D SPACE',''
  ) );
#2649 = PCURVE('',#2650,#2655);
#2650 = PLANE('',#2651);
#2651 = AXIS2_PLACEMENT_3D('',#2652,#2653,#2654);
#2652 = CARTESIAN_POINT('',(0.5,-0.25,0.));
#2653 = DIRECTION('',(1.,0.,0.));
#2654 = DIRECTION('',(0.,0.,1.));
#2655 = DEFINITIONAL_REPRESENTATION('',(#2656),#2660);
#2656 = LINE('',#2657,#2658);
#2657 = CARTESIAN_POINT('',(0.,-2.1E-02));
#2658 = VECTOR('',#2659,1.);
#2659 = DIRECTION('',(1.,0.));
#2660 = ( GEOMETRIC_REPRESENTATION_CONTEXT(2) 
PARAMETRIC_REPRESENTATION_CONTEXT() REPRESENTATION_CONTEXT('2D SPACE',''
  ) );
#2661 = ORIENTED_EDGE('',*,*,#2662,.T.);
#2662 = EDGE_CURVE('',#2633,#2231,#2663,.T.);
#2663 = SURFACE_CURVE('',#2664,(#2669,#2676),.PCURVE_S1.);
#2664 = CIRCLE('',#2665,2.1E-02);
#2665 = AXIS2_PLACEMENT_3D('',#2666,#2667,#2668);
#2666 = CARTESIAN_POINT('',(0.479,-0.229,2.1E-02));
#2667 = DIRECTION('',(0.,-0.,-1.));
#2668 = DIRECTION('',(1.,0.,-0.));
#2669 = PCURVE('',#2246,#2670);
#2670 = DEFINITIONAL_REPRESENTATION('',(#2671),#2675);
#2671 = LINE('',#2672,#2673);
#2672 = CARTESIAN_POINT('',(-0.,2.1E-02));
#2673 = VECTOR('',#2674,1.);
#2674 = DIRECTION('',(-1.,0.));
#2675 = ( GEOMETRIC_REPRESENTATION_CONTEXT(2) 
PARAMETRIC_REPRESENTATION_CONTEXT() REPRESENTATION_CONTEXT('2D SPACE',''
  ) );
#2676 = PCURVE('',#2586,#2677);
#2677 = DEFINITIONAL_REPRESENTATION('',(#2678),#2682);
#2678 = LINE('',#2679,#2680);
#2679 = CARTESIAN_POINT('',(-0.,0.));
#2680 = VECTOR('',#2681,1.);
#2681 = DIRECTION('',(-1.,0.));
#2682 = ( GEOMETRIC_REPRESENTATION_CONTEXT(2) 
PARAMETRIC_REPRESENTATION_CONTEXT() REPRESENTATION_CONTEXT('2D SPACE',''
  ) );
#2683 = ORIENTED_EDGE('',*,*,#2230,.T.);
#2684 = ORIENTED_EDGE('',*,*,#2685,.F.);
#2685 = EDGE_CURVE('',#2635,#2208,#2686,.T.);
#2686 = SURFACE_CURVE('',#2687,(#2692,#2699),.PCURVE_S1.);
#2687 = CIRCLE('',#2688,2.1E-02);
#2688 = AXIS2_PLACEMENT_3D('',#2689,#2690,#2691);
#2689 = CARTESIAN_POINT('',(0.479,-0.229,0.329));
#2690 = DIRECTION('',(0.,0.,-1.));
#2691 = DIRECTION('',(1.,0.,0.));
#2692 = PCURVE('',#2246,#2693);
#2693 = DEFINITIONAL_REPRESENTATION('',(#2694),#2698);
#2694 = LINE('',#2695,#2696);
#2695 = CARTESIAN_POINT('',(-0.,0.329));
#2696 = VECTOR('',#2697,1.);
#2697 = DIRECTION('',(-1.,0.));
#2698 = ( GEOMETRIC_REPRESENTATION_CONTEXT(2) 
PARAMETRIC_REPRESENTATION_CONTEXT() REPRESENTATION_CONTEXT('2D SPACE',''
  ) );
#2699 = PCURVE('',#2617,#2700);
#2700 = DEFINITIONAL_REPRESENTATION('',(#2701),#2705);
#2701 = LINE('',#2702,#2703);
#2702 = CARTESIAN_POINT('',(0.,0.));
#2703 = VECTOR('',#2704,1.);
#2704 = DIRECTION('',(1.,0.));
#2705 = ( GEOMETRIC_REPRESENTATION_CONTEXT(2) 
PARAMETRIC_REPRESENTATION_CONTEXT() REPRESENTATION_CONTEXT('2D SPACE',''
  ) );
#2706 = ADVANCED_FACE('',(#2707),#2348,.T.);
#2707 = FACE_BOUND('',#2708,.F.);
#2708 = EDGE_LOOP('',(#2709,#2710,#2711,#2736));
#2709 = ORIENTED_EDGE('',*,*,#2364,.F.);
#2710 = ORIENTED_EDGE('',*,*,#2334,.T.);
#2711 = ORIENTED_EDGE('',*,*,#2712,.T.);
#2712 = EDGE_CURVE('',#2307,#2519,#2713,.T.);
#2713 = SURFACE_CURVE('',#2714,(#2719,#2725),.PCURVE_S1.);
#2714 = CIRCLE('',#2715,2.1E-02);
#2715 = AXIS2_PLACEMENT_3D('',#2716,#2717,#2718);
#2716 = CARTESIAN_POINT('',(0.479,0.229,2.1E-02));
#2717 = DIRECTION('',(1.,-7.180589257285E-17,0.));
#2718 = DIRECTION('',(7.180589257285E-17,1.,0.));
#2719 = PCURVE('',#2348,#2720);
#2720 = DEFINITIONAL_REPRESENTATION('',(#2721),#2724);
#2721 = B_SPLINE_CURVE_WITH_KNOTS('',1,(#2722,#2723),.UNSPECIFIED.,.F.,
  .F.,(2,2),(4.712388980385,6.28318530718),.PIECEWISE_BEZIER_KNOTS.);
#2722 = CARTESIAN_POINT('',(-1.570796326795,0.199));
#2723 = CARTESIAN_POINT('',(0.,0.199));
#2724 = ( GEOMETRIC_REPRESENTATION_CONTEXT(2) 
PARAMETRIC_REPRESENTATION_CONTEXT() REPRESENTATION_CONTEXT('2D SPACE',''
  ) );
#2725 = PCURVE('',#2726,#2731);
#2726 = SPHERICAL_SURFACE('',#2727,2.1E-02);
#2727 = AXIS2_PLACEMENT_3D('',#2728,#2729,#2730);
#2728 = CARTESIAN_POINT('',(0.479,0.229,2.1E-02));
#2729 = DIRECTION('',(0.,0.,1.));
#2730 = DIRECTION('',(1.,1.321694076935E-15,-0.));
#2731 = DEFINITIONAL_REPRESENTATION('',(#2732),#2735);
#2732 = B_SPLINE_CURVE_WITH_KNOTS('',1,(#2733,#2734),.UNSPECIFIED.,.F.,
  .F.,(2,2),(4.712388980385,6.28318530718),.PIECEWISE_BEZIER_KNOTS.);
#2733 = CARTESIAN_POINT('',(1.570796326795,-1.570796326795));
#2734 = CARTESIAN_POINT('',(1.570796326795,0.));
#2735 = ( GEOMETRIC_REPRESENTATION_CONTEXT(2) 
PARAMETRIC_REPRESENTATION_CONTEXT() REPRESENTATION_CONTEXT('2D SPACE',''
  ) );
#2736 = ORIENTED_EDGE('',*,*,#2546,.F.);
#2737 = ADVANCED_FACE('',(#2738),#2322,.T.);
#2738 = FACE_BOUND('',#2739,.T.);
#2739 = EDGE_LOOP('',(#2740,#2760,#2761,#2783));
#2740 = ORIENTED_EDGE('',*,*,#2741,.F.);
#2741 = EDGE_CURVE('',#2284,#2633,#2742,.T.);
#2742 = SURFACE_CURVE('',#2743,(#2748,#2754),.PCURVE_S1.);
#2743 = CIRCLE('',#2744,2.1E-02);
#2744 = AXIS2_PLACEMENT_3D('',#2745,#2746,#2747);
#2745 = CARTESIAN_POINT('',(0.479,-0.229,2.1E-02));
#2746 = DIRECTION('',(0.,-1.,0.));
#2747 = DIRECTION('',(1.,0.,0.));
#2748 = PCURVE('',#2322,#2749);
#2749 = DEFINITIONAL_REPRESENTATION('',(#2750),#2753);
#2750 = B_SPLINE_CURVE_WITH_KNOTS('',1,(#2751,#2752),.UNSPECIFIED.,.F.,
  .F.,(2,2),(4.712388980385,6.28318530718),.PIECEWISE_BEZIER_KNOTS.);
#2751 = CARTESIAN_POINT('',(1.570796326795,2.1E-02));
#2752 = CARTESIAN_POINT('',(0.,2.1E-02));
#2753 = ( GEOMETRIC_REPRESENTATION_CONTEXT(2) 
PARAMETRIC_REPRESENTATION_CONTEXT() REPRESENTATION_CONTEXT('2D SPACE',''
  ) );
#2754 = PCURVE('',#2586,#2755);
#2755 = DEFINITIONAL_REPRESENTATION('',(#2756),#2759);
#2756 = B_SPLINE_CURVE_WITH_KNOTS('',1,(#2757,#2758),.UNSPECIFIED.,.F.,
  .F.,(2,2),(4.712388980385,6.28318530718),.PIECEWISE_BEZIER_KNOTS.);
#2757 = CARTESIAN_POINT('',(0.,-1.570796326795));
#2758 = CARTESIAN_POINT('',(0.,0.));
#2759 = ( GEOMETRIC_REPRESENTATION_CONTEXT(2) 
PARAMETRIC_REPRESENTATION_CONTEXT() REPRESENTATION_CONTEXT('2D SPACE',''
  ) );
#2760 = ORIENTED_EDGE('',*,*,#2306,.T.);
#2761 = ORIENTED_EDGE('',*,*,#2762,.T.);
#2762 = EDGE_CURVE('',#2307,#2763,#2765,.T.);
#2763 = VERTEX_POINT('',#2764);
#2764 = CARTESIAN_POINT('',(0.5,0.229,2.1E-02));
#2765 = SURFACE_CURVE('',#2766,(#2771,#2777),.PCURVE_S1.);
#2766 = CIRCLE('',#2767,2.1E-02);
#2767 = AXIS2_PLACEMENT_3D('',#2768,#2769,#2770);
#2768 = CARTESIAN_POINT('',(0.479,0.229,2.1E-02));
#2769 = DIRECTION('',(1.321694076935E-15,-1.,0.));
#2770 = DIRECTION('',(1.,1.321694076935E-15,0.));
#2771 = PCURVE('',#2322,#2772);
#2772 = DEFINITIONAL_REPRESENTATION('',(#2773),#2776);
#2773 = B_SPLINE_CURVE_WITH_KNOTS('',1,(#2774,#2775),.UNSPECIFIED.,.F.,
  .F.,(2,2),(4.712388980385,6.28318530718),.PIECEWISE_BEZIER_KNOTS.);
#2774 = CARTESIAN_POINT('',(1.570796326795,0.479));
#2775 = CARTESIAN_POINT('',(0.,0.479));
#2776 = ( GEOMETRIC_REPRESENTATION_CONTEXT(2) 
PARAMETRIC_REPRESENTATION_CONTEXT() REPRESENTATION_CONTEXT('2D SPACE',''
  ) );
#2777 = PCURVE('',#2726,#2778);
#2778 = DEFINITIONAL_REPRESENTATION('',(#2779),#2782);
#2779 = B_SPLINE_CURVE_WITH_KNOTS('',1,(#2780,#2781),.UNSPECIFIED.,.F.,
  .F.,(2,2),(4.712388980385,6.28318530718),.PIECEWISE_BEZIER_KNOTS.);
#2780 = CARTESIAN_POINT('',(0.,-1.570796326795));
#2781 = CARTESIAN_POINT('',(0.,0.));
#2782 = ( GEOMETRIC_REPRESENTATION_CONTEXT(2) 
PARAMETRIC_REPRESENTATION_CONTEXT() REPRESENTATION_CONTEXT('2D SPACE',''
  ) );
#2783 = ORIENTED_EDGE('',*,*,#2784,.F.);
#2784 = EDGE_CURVE('',#2633,#2763,#2785,.T.);
#2785 = SURFACE_CURVE('',#2786,(#2790,#2797),.PCURVE_S1.);
#2786 = LINE('',#2787,#2788);
#2787 = CARTESIAN_POINT('',(0.5,-0.25,2.1E-02));
#2788 = VECTOR('',#2789,1.);
#2789 = DIRECTION('',(0.,1.,0.));
#2790 = PCURVE('',#2322,#2791);
#2791 = DEFINITIONAL_REPRESENTATION('',(#2792),#2796);
#2792 = LINE('',#2793,#2794);
#2793 = CARTESIAN_POINT('',(0.,0.));
#2794 = VECTOR('',#2795,1.);
#2795 = DIRECTION('',(0.,1.));
#2796 = ( GEOMETRIC_REPRESENTATION_CONTEXT(2) 
PARAMETRIC_REPRESENTATION_CONTEXT() REPRESENTATION_CONTEXT('2D SPACE',''
  ) );
#2797 = PCURVE('',#2650,#2798);
#2798 = DEFINITIONAL_REPRESENTATION('',(#2799),#2803);
#2799 = LINE('',#2800,#2801);
#2800 = CARTESIAN_POINT('',(2.1E-02,0.));
#2801 = VECTOR('',#2802,1.);
#2802 = DIRECTION('',(0.,-1.));
#2803 = ( GEOMETRIC_REPRESENTATION_CONTEXT(2) 
PARAMETRIC_REPRESENTATION_CONTEXT() REPRESENTATION_CONTEXT('2D SPACE',''
  ) );
#2804 = ADVANCED_FACE('',(#2805),#2454,.T.);
#2805 = FACE_BOUND('',#2806,.T.);
#2806 = EDGE_LOOP('',(#2807,#2808,#2809,#2834));
#2807 = ORIENTED_EDGE('',*,*,#2470,.T.);
#2808 = ORIENTED_EDGE('',*,*,#2440,.T.);
#2809 = ORIENTED_EDGE('',*,*,#2810,.F.);
#2810 = EDGE_CURVE('',#2496,#2413,#2811,.T.);
#2811 = SURFACE_CURVE('',#2812,(#2817,#2823),.PCURVE_S1.);
#2812 = CIRCLE('',#2813,2.1E-02);
#2813 = AXIS2_PLACEMENT_3D('',#2814,#2815,#2816);
#2814 = CARTESIAN_POINT('',(0.479,0.229,0.329));
#2815 = DIRECTION('',(1.,0.,-6.123233995737E-17));
#2816 = DIRECTION('',(6.123233995737E-17,0.,1.));
#2817 = PCURVE('',#2454,#2818);
#2818 = DEFINITIONAL_REPRESENTATION('',(#2819),#2822);
#2819 = B_SPLINE_CURVE_WITH_KNOTS('',1,(#2820,#2821),.UNSPECIFIED.,.F.,
  .F.,(2,2),(4.712388980385,6.28318530718),.PIECEWISE_BEZIER_KNOTS.);
#2820 = CARTESIAN_POINT('',(0.,0.199));
#2821 = CARTESIAN_POINT('',(1.570796326795,0.199));
#2822 = ( GEOMETRIC_REPRESENTATION_CONTEXT(2) 
PARAMETRIC_REPRESENTATION_CONTEXT() REPRESENTATION_CONTEXT('2D SPACE',''
  ) );
#2823 = PCURVE('',#2824,#2829);
#2824 = SPHERICAL_SURFACE('',#2825,2.1E-02);
#2825 = AXIS2_PLACEMENT_3D('',#2826,#2827,#2828);
#2826 = CARTESIAN_POINT('',(0.479,0.229,0.329));
#2827 = DIRECTION('',(-0.,-1.,-0.));
#2828 = DIRECTION('',(1.,-0.,0.));
#2829 = DEFINITIONAL_REPRESENTATION('',(#2830),#2833);
#2830 = B_SPLINE_CURVE_WITH_KNOTS('',1,(#2831,#2832),.UNSPECIFIED.,.F.,
  .F.,(2,2),(4.712388980385,6.28318530718),.PIECEWISE_BEZIER_KNOTS.);
#2831 = CARTESIAN_POINT('',(1.570796326795,-1.570796326795));
#2832 = CARTESIAN_POINT('',(1.570796326795,0.));
#2833 = ( GEOMETRIC_REPRESENTATION_CONTEXT(2) 
PARAMETRIC_REPRESENTATION_CONTEXT() REPRESENTATION_CONTEXT('2D SPACE',''
  ) );
#2834 = ORIENTED_EDGE('',*,*,#2495,.F.);
#2835 = ADVANCED_FACE('',(#2836),#2428,.T.);
#2836 = FACE_BOUND('',#2837,.F.);
#2837 = EDGE_LOOP('',(#2838,#2858,#2859,#2883));
#2838 = ORIENTED_EDGE('',*,*,#2839,.F.);
#2839 = EDGE_CURVE('',#2390,#2635,#2840,.T.);
#2840 = SURFACE_CURVE('',#2841,(#2846,#2852),.PCURVE_S1.);
#2841 = CIRCLE('',#2842,2.1E-02);
#2842 = AXIS2_PLACEMENT_3D('',#2843,#2844,#2845);
#2843 = CARTESIAN_POINT('',(0.479,-0.229,0.329));
#2844 = DIRECTION('',(-0.,1.,0.));
#2845 = DIRECTION('',(1.,0.,0.));
#2846 = PCURVE('',#2428,#2847);
#2847 = DEFINITIONAL_REPRESENTATION('',(#2848),#2851);
#2848 = B_SPLINE_CURVE_WITH_KNOTS('',1,(#2849,#2850),.UNSPECIFIED.,.F.,
  .F.,(2,2),(4.712388980385,6.28318530718),.PIECEWISE_BEZIER_KNOTS.);
#2849 = CARTESIAN_POINT('',(-1.570796326795,2.1E-02));
#2850 = CARTESIAN_POINT('',(0.,2.1E-02));
#2851 = ( GEOMETRIC_REPRESENTATION_CONTEXT(2) 
PARAMETRIC_REPRESENTATION_CONTEXT() REPRESENTATION_CONTEXT('2D SPACE',''
  ) );
#2852 = PCURVE('',#2617,#2853);
#2853 = DEFINITIONAL_REPRESENTATION('',(#2854),#2857);
#2854 = B_SPLINE_CURVE_WITH_KNOTS('',1,(#2855,#2856),.UNSPECIFIED.,.F.,
  .F.,(2,2),(4.712388980385,6.28318530718),.PIECEWISE_BEZIER_KNOTS.);
#2855 = CARTESIAN_POINT('',(0.,-1.570796326795));
#2856 = CARTESIAN_POINT('',(0.,0.));
#2857 = ( GEOMETRIC_REPRESENTATION_CONTEXT(2) 
PARAMETRIC_REPRESENTATION_CONTEXT() REPRESENTATION_CONTEXT('2D SPACE',''
  ) );
#2858 = ORIENTED_EDGE('',*,*,#2412,.T.);
#2859 = ORIENTED_EDGE('',*,*,#2860,.F.);
#2860 = EDGE_CURVE('',#2861,#2413,#2863,.T.);
#2861 = VERTEX_POINT('',#2862);
#2862 = CARTESIAN_POINT('',(0.5,0.229,0.329));
#2863 = SURFACE_CURVE('',#2864,(#2869,#2876),.PCURVE_S1.);
#2864 = CIRCLE('',#2865,2.1E-02);
#2865 = AXIS2_PLACEMENT_3D('',#2866,#2867,#2868);
#2866 = CARTESIAN_POINT('',(0.479,0.229,0.329));
#2867 = DIRECTION('',(-0.,-1.,0.));
#2868 = DIRECTION('',(1.,-0.,0.));
#2869 = PCURVE('',#2428,#2870);
#2870 = DEFINITIONAL_REPRESENTATION('',(#2871),#2875);
#2871 = LINE('',#2872,#2873);
#2872 = CARTESIAN_POINT('',(-0.,0.479));
#2873 = VECTOR('',#2874,1.);
#2874 = DIRECTION('',(-1.,0.));
#2875 = ( GEOMETRIC_REPRESENTATION_CONTEXT(2) 
PARAMETRIC_REPRESENTATION_CONTEXT() REPRESENTATION_CONTEXT('2D SPACE',''
  ) );
#2876 = PCURVE('',#2824,#2877);
#2877 = DEFINITIONAL_REPRESENTATION('',(#2878),#2882);
#2878 = LINE('',#2879,#2880);
#2879 = CARTESIAN_POINT('',(0.,0.));
#2880 = VECTOR('',#2881,1.);
#2881 = DIRECTION('',(1.,0.));
#2882 = ( GEOMETRIC_REPRESENTATION_CONTEXT(2) 
PARAMETRIC_REPRESENTATION_CONTEXT() REPRESENTATION_CONTEXT('2D SPACE',''
  ) );
#2883 = ORIENTED_EDGE('',*,*,#2884,.F.);
#2884 = EDGE_CURVE('',#2635,#2861,#2885,.T.);
#2885 = SURFACE_CURVE('',#2886,(#2890,#2897),.PCURVE_S1.);
#2886 = LINE('',#2887,#2888);
#2887 = CARTESIAN_POINT('',(0.5,-0.25,0.329));
#2888 = VECTOR('',#2889,1.);
#2889 = DIRECTION('',(0.,1.,0.));
#2890 = PCURVE('',#2428,#2891);
#2891 = DEFINITIONAL_REPRESENTATION('',(#2892),#2896);
#2892 = LINE('',#2893,#2894);
#2893 = CARTESIAN_POINT('',(-0.,0.));
#2894 = VECTOR('',#2895,1.);
#2895 = DIRECTION('',(-0.,1.));
#2896 = ( GEOMETRIC_REPRESENTATION_CONTEXT(2) 
PARAMETRIC_REPRESENTATION_CONTEXT() REPRESENTATION_CONTEXT('2D SPACE',''
  ) );
#2897 = PCURVE('',#2650,#2898);
#2898 = DEFINITIONAL_REPRESENTATION('',(#2899),#2903);
#2899 = LINE('',#2900,#2901);
#2900 = CARTESIAN_POINT('',(0.329,0.));
#2901 = VECTOR('',#2902,1.);
#2902 = DIRECTION('',(0.,-1.));
#2903 = ( GEOMETRIC_REPRESENTATION_CONTEXT(2) 
PARAMETRIC_REPRESENTATION_CONTEXT() REPRESENTATION_CONTEXT('2D SPACE',''
  ) );
#2904 = ADVANCED_FACE('',(#2905),#2534,.T.);
#2905 = FACE_BOUND('',#2906,.T.);
#2906 = EDGE_LOOP('',(#2907,#2928,#2950,#2951));
#2907 = ORIENTED_EDGE('',*,*,#2908,.F.);
#2908 = EDGE_CURVE('',#2763,#2861,#2909,.T.);
#2909 = SURFACE_CURVE('',#2910,(#2914,#2921),.PCURVE_S1.);
#2910 = LINE('',#2911,#2912);
#2911 = CARTESIAN_POINT('',(0.5,0.229,0.));
#2912 = VECTOR('',#2913,1.);
#2913 = DIRECTION('',(0.,0.,1.));
#2914 = PCURVE('',#2534,#2915);
#2915 = DEFINITIONAL_REPRESENTATION('',(#2916),#2920);
#2916 = LINE('',#2917,#2918);
#2917 = CARTESIAN_POINT('',(0.,0.));
#2918 = VECTOR('',#2919,1.);
#2919 = DIRECTION('',(0.,1.));
#2920 = ( GEOMETRIC_REPRESENTATION_CONTEXT(2) 
PARAMETRIC_REPRESENTATION_CONTEXT() REPRESENTATION_CONTEXT('2D SPACE',''
  ) );
#2921 = PCURVE('',#2650,#2922);
#2922 = DEFINITIONAL_REPRESENTATION('',(#2923),#2927);
#2923 = LINE('',#2924,#2925);
#2924 = CARTESIAN_POINT('',(0.,-0.479));
#2925 = VECTOR('',#2926,1.);
#2926 = DIRECTION('',(1.,0.));
#2927 = ( GEOMETRIC_REPRESENTATION_CONTEXT(2) 
PARAMETRIC_REPRESENTATION_CONTEXT() REPRESENTATION_CONTEXT('2D SPACE',''
  ) );
#2928 = ORIENTED_EDGE('',*,*,#2929,.T.);
#2929 = EDGE_CURVE('',#2763,#2519,#2930,.T.);
#2930 = SURFACE_CURVE('',#2931,(#2936,#2943),.PCURVE_S1.);
#2931 = CIRCLE('',#2932,2.1E-02);
#2932 = AXIS2_PLACEMENT_3D('',#2933,#2934,#2935);
#2933 = CARTESIAN_POINT('',(0.479,0.229,2.1E-02));
#2934 = DIRECTION('',(0.,0.,1.));
#2935 = DIRECTION('',(1.,1.321694076935E-15,-0.));
#2936 = PCURVE('',#2534,#2937);
#2937 = DEFINITIONAL_REPRESENTATION('',(#2938),#2942);
#2938 = LINE('',#2939,#2940);
#2939 = CARTESIAN_POINT('',(0.,2.1E-02));
#2940 = VECTOR('',#2941,1.);
#2941 = DIRECTION('',(1.,0.));
#2942 = ( GEOMETRIC_REPRESENTATION_CONTEXT(2) 
PARAMETRIC_REPRESENTATION_CONTEXT() REPRESENTATION_CONTEXT('2D SPACE',''
  ) );
#2943 = PCURVE('',#2726,#2944);
#2944 = DEFINITIONAL_REPRESENTATION('',(#2945),#2949);
#2945 = LINE('',#2946,#2947);
#2946 = CARTESIAN_POINT('',(0.,0.));
#2947 = VECTOR('',#2948,1.);
#2948 = DIRECTION('',(1.,0.));
#2949 = ( GEOMETRIC_REPRESENTATION_CONTEXT(2) 
PARAMETRIC_REPRESENTATION_CONTEXT() REPRESENTATION_CONTEXT('2D SPACE',''
  ) );
#2950 = ORIENTED_EDGE('',*,*,#2518,.T.);
#2951 = ORIENTED_EDGE('',*,*,#2952,.T.);
#2952 = EDGE_CURVE('',#2496,#2861,#2953,.T.);
#2953 = SURFACE_CURVE('',#2954,(#2959,#2965),.PCURVE_S1.);
#2954 = CIRCLE('',#2955,2.1E-02);
#2955 = AXIS2_PLACEMENT_3D('',#2956,#2957,#2958);
#2956 = CARTESIAN_POINT('',(0.479,0.229,0.329));
#2957 = DIRECTION('',(0.,0.,-1.));
#2958 = DIRECTION('',(1.,0.,0.));
#2959 = PCURVE('',#2534,#2960);
#2960 = DEFINITIONAL_REPRESENTATION('',(#2961),#2964);
#2961 = B_SPLINE_CURVE_WITH_KNOTS('',1,(#2962,#2963),.UNSPECIFIED.,.F.,
  .F.,(2,2),(4.712388980385,6.28318530718),.PIECEWISE_BEZIER_KNOTS.);
#2962 = CARTESIAN_POINT('',(1.570796326795,0.329));
#2963 = CARTESIAN_POINT('',(0.,0.329));
#2964 = ( GEOMETRIC_REPRESENTATION_CONTEXT(2) 
PARAMETRIC_REPRESENTATION_CONTEXT() REPRESENTATION_CONTEXT('2D SPACE',''
  ) );
#2965 = PCURVE('',#2824,#2966);
#2966 = DEFINITIONAL_REPRESENTATION('',(#2967),#2970);
#2967 = B_SPLINE_CURVE_WITH_KNOTS('',1,(#2968,#2969),.UNSPECIFIED.,.F.,
  .F.,(2,2),(4.712388980385,6.28318530718),.PIECEWISE_BEZIER_KNOTS.);
#2968 = CARTESIAN_POINT('',(0.,-1.570796326795));
#2969 = CARTESIAN_POINT('',(0.,0.));
#2970 = ( GEOMETRIC_REPRESENTATION_CONTEXT(2) 
PARAMETRIC_REPRESENTATION_CONTEXT() REPRESENTATION_CONTEXT('2D SPACE',''
  ) );
#2971 = ADVANCED_FACE('',(#2972),#2586,.T.);
#2972 = FACE_BOUND('',#2973,.F.);
#2973 = EDGE_LOOP('',(#2974,#2975,#2976));
#2974 = ORIENTED_EDGE('',*,*,#2741,.F.);
#2975 = ORIENTED_EDGE('',*,*,#2572,.T.);
#2976 = ORIENTED_EDGE('',*,*,#2662,.F.);
#2977 = ADVANCED_FACE('',(#2978),#2617,.T.);
#2978 = FACE_BOUND('',#2979,.T.);
#2979 = EDGE_LOOP('',(#2980,#2981,#2982));
#2980 = ORIENTED_EDGE('',*,*,#2839,.F.);
#2981 = ORIENTED_EDGE('',*,*,#2603,.T.);
#2982 = ORIENTED_EDGE('',*,*,#2685,.F.);
#2983 = ADVANCED_FACE('',(#2984),#2650,.T.);
#2984 = FACE_BOUND('',#2985,.T.);
#2985 = EDGE_LOOP('',(#2986,#2987,#2988,#2989));
#2986 = ORIENTED_EDGE('',*,*,#2632,.F.);
#2987 = ORIENTED_EDGE('',*,*,#2784,.T.);
#2988 = ORIENTED_EDGE('',*,*,#2908,.T.);
#2989 = ORIENTED_EDGE('',*,*,#2884,.F.);
#2990 = ADVANCED_FACE('',(#2991),#2726,.T.);
#2991 = FACE_BOUND('',#2992,.T.);
#2992 = EDGE_LOOP('',(#2993,#2994,#2995));
#2993 = ORIENTED_EDGE('',*,*,#2762,.F.);
#2994 = ORIENTED_EDGE('',*,*,#2712,.T.);
#2995 = ORIENTED_EDGE('',*,*,#2929,.F.);
#2996 = ADVANCED_FACE('',(#2997),#2824,.T.);
#2997 = FACE_BOUND('',#2998,.T.);
#2998 = EDGE_LOOP('',(#2999,#3000,#3001));
#2999 = ORIENTED_EDGE('',*,*,#2952,.F.);
#3000 = ORIENTED_EDGE('',*,*,#2810,.T.);
#3001 = ORIENTED_EDGE('',*,*,#2860,.F.);
#3002 = ( GEOMETRIC_REPRESENTATION_CONTEXT(3) 
GLOBAL_UNCERTAINTY_ASSIGNED_CONTEXT((#3006)) 
GLOBAL_UNIT_ASSIGNED_CONTEXT((#3003,#3004,#3005)) REPRESENTATION_CONTEXT
('Context #1','3D Context with UNIT and UNCERTAINTY') );
#3003 = ( LENGTH_UNIT() NAMED_UNIT(*) SI_UNIT(.MILLI.,.METRE.) );
#3004 = ( NAMED_UNIT(*) PLANE_ANGLE_UNIT() SI_UNIT($,.RADIAN.) );
#3005 = ( NAMED_UNIT(*) SI_UNIT($,.STERADIAN.) SOLID_ANGLE_UNIT() );
#3006 = UNCERTAINTY_MEASURE_WITH_UNIT(LENGTH_MEASURE(1.E-07),#3003,
  'distance_accuracy_value','confusion accuracy');
#3007 = CONTEXT_DEPENDENT_SHAPE_REPRESENTATION(#3008,#3010);
#3008 = ( REPRESENTATION_RELATIONSHIP('','',#389,#10) 
REPRESENTATION_RELATIONSHIP_WITH_TRANSFORMATION(#3009) 
SHAPE_REPRESENTATION_RELATIONSHIP() );
#3009 = ITEM_DEFINED_TRANSFORMATION('','',#11,#19);
#3010 = PRODUCT_DEFINITION_SHAPE('Placement','Placement of an item',
  #3011);
#3011 = NEXT_ASSEMBLY_USAGE_OCCURRENCE('5','contacts','',#5,#384,$);
#3012 = PRODUCT_RELATED_PRODUCT_CATEGORY('part',$,(#386));
#3013 = SHAPE_DEFINITION_REPRESENTATION(#3014,#3020);
#3014 = PRODUCT_DEFINITION_SHAPE('','',#3015);
#3015 = PRODUCT_DEFINITION('design','',#3016,#3019);
#3016 = PRODUCT_DEFINITION_FORMATION('','',#3017);
#3017 = PRODUCT('marking','marking','',(#3018));
#3018 = PRODUCT_CONTEXT('',#2,'mechanical');
#3019 = PRODUCT_DEFINITION_CONTEXT('part definition',#2,'design');
#3020 = SHAPE_REPRESENTATION('',(#11,#3021,#4323,#5437,#6739),#8263);
#3021 = MANIFOLD_SOLID_BREP('',#3022);
#3022 = CLOSED_SHELL('',(#3023,#3149,#3227,#3305,#3383,#3461,#3539,#3610
    ,#3657,#3773,#3851,#3929,#4007,#4085,#4163,#4234,#4281,#4302));
#3023 = ADVANCED_FACE('',(#3024),#3038,.T.);
#3024 = FACE_BOUND('',#3025,.T.);
#3025 = EDGE_LOOP('',(#3026,#3065,#3093,#3123));
#3026 = ORIENTED_EDGE('',*,*,#3027,.T.);
#3027 = EDGE_CURVE('',#3028,#3030,#3032,.T.);
#3028 = VERTEX_POINT('',#3029);
#3029 = CARTESIAN_POINT('',(-0.122489666266,-4.129793198459E-05,
    0.3500001));
#3030 = VERTEX_POINT('',#3031);
#3031 = CARTESIAN_POINT('',(-0.122489666266,-4.129793198459E-05,
    0.3568001));
#3032 = SURFACE_CURVE('',#3033,(#3037,#3051),.PCURVE_S1.);
#3033 = LINE('',#3034,#3035);
#3034 = CARTESIAN_POINT('',(-0.122489666266,-4.129793198459E-05,
    0.3500001));
#3035 = VECTOR('',#3036,1.);
#3036 = DIRECTION('',(0.,0.,1.));
#3037 = PCURVE('',#3038,#3045);
#3038 = SURFACE_OF_LINEAR_EXTRUSION('',#3039,#3043);
#3039 = B_SPLINE_CURVE_WITH_KNOTS('',2,(#3040,#3041,#3042),
  .UNSPECIFIED.,.F.,.F.,(3,3),(0.,1.),.PIECEWISE_BEZIER_KNOTS.);
#3040 = CARTESIAN_POINT('',(-0.122489666266,-4.129793198459E-05,
    0.3500001));
#3041 = CARTESIAN_POINT('',(-0.122489666266,-3.068436346454E-02,
    0.3500001));
#3042 = CARTESIAN_POINT('',(-0.135705004501,-4.732743005433E-02,
    0.3500001));
#3043 = VECTOR('',#3044,1.);
#3044 = DIRECTION('',(-0.,-0.,-1.));
#3045 = DEFINITIONAL_REPRESENTATION('',(#3046),#3050);
#3046 = LINE('',#3047,#3048);
#3047 = CARTESIAN_POINT('',(0.,0.));
#3048 = VECTOR('',#3049,1.);
#3049 = DIRECTION('',(0.,-1.));
#3050 = ( GEOMETRIC_REPRESENTATION_CONTEXT(2) 
PARAMETRIC_REPRESENTATION_CONTEXT() REPRESENTATION_CONTEXT('2D SPACE',''
  ) );
#3051 = PCURVE('',#3052,#3059);
#3052 = SURFACE_OF_LINEAR_EXTRUSION('',#3053,#3057);
#3053 = B_SPLINE_CURVE_WITH_KNOTS('',2,(#3054,#3055,#3056),
  .UNSPECIFIED.,.F.,.F.,(3,3),(0.,1.),.PIECEWISE_BEZIER_KNOTS.);
#3054 = CARTESIAN_POINT('',(-0.135705004501,4.732743005433E-02,0.3500001
    ));
#3055 = CARTESIAN_POINT('',(-0.122489666266,3.068436346454E-02,0.3500001
    ));
#3056 = CARTESIAN_POINT('',(-0.122489666266,-4.129793198459E-05,
    0.3500001));
#3057 = VECTOR('',#3058,1.);
#3058 = DIRECTION('',(-0.,-0.,-1.));
#3059 = DEFINITIONAL_REPRESENTATION('',(#3060),#3064);
#3060 = LINE('',#3061,#3062);
#3061 = CARTESIAN_POINT('',(1.,0.));
#3062 = VECTOR('',#3063,1.);
#3063 = DIRECTION('',(0.,-1.));
#3064 = ( GEOMETRIC_REPRESENTATION_CONTEXT(2) 
PARAMETRIC_REPRESENTATION_CONTEXT() REPRESENTATION_CONTEXT('2D SPACE',''
  ) );
#3065 = ORIENTED_EDGE('',*,*,#3066,.T.);
#3066 = EDGE_CURVE('',#3030,#3067,#3069,.T.);
#3067 = VERTEX_POINT('',#3068);
#3068 = CARTESIAN_POINT('',(-0.135705004501,-4.732743005433E-02,
    0.3568001));
#3069 = SURFACE_CURVE('',#3070,(#3074,#3081),.PCURVE_S1.);
#3070 = B_SPLINE_CURVE_WITH_KNOTS('',2,(#3071,#3072,#3073),
  .UNSPECIFIED.,.F.,.F.,(3,3),(0.,1.),.PIECEWISE_BEZIER_KNOTS.);
#3071 = CARTESIAN_POINT('',(-0.122489666266,-4.129793198459E-05,
    0.3568001));
#3072 = CARTESIAN_POINT('',(-0.122489666266,-3.068436346454E-02,
    0.3568001));
#3073 = CARTESIAN_POINT('',(-0.135705004501,-4.732743005433E-02,
    0.3568001));
#3074 = PCURVE('',#3038,#3075);
#3075 = DEFINITIONAL_REPRESENTATION('',(#3076),#3080);
#3076 = LINE('',#3077,#3078);
#3077 = CARTESIAN_POINT('',(0.,-6.8E-03));
#3078 = VECTOR('',#3079,1.);
#3079 = DIRECTION('',(1.,0.));
#3080 = ( GEOMETRIC_REPRESENTATION_CONTEXT(2) 
PARAMETRIC_REPRESENTATION_CONTEXT() REPRESENTATION_CONTEXT('2D SPACE',''
  ) );
#3081 = PCURVE('',#3082,#3087);
#3082 = PLANE('',#3083);
#3083 = AXIS2_PLACEMENT_3D('',#3084,#3085,#3086);
#3084 = CARTESIAN_POINT('',(-0.232094377753,-6.157521658901E-02,
    0.3568001));
#3085 = DIRECTION('',(0.,0.,1.));
#3086 = DIRECTION('',(1.,0.,0.));
#3087 = DEFINITIONAL_REPRESENTATION('',(#3088),#3092);
#3088 = B_SPLINE_CURVE_WITH_KNOTS('',2,(#3089,#3090,#3091),
  .UNSPECIFIED.,.F.,.F.,(3,3),(0.,1.),.PIECEWISE_BEZIER_KNOTS.);
#3089 = CARTESIAN_POINT('',(0.109604711487,6.153391865703E-02));
#3090 = CARTESIAN_POINT('',(0.109604711487,3.089085312447E-02));
#3091 = CARTESIAN_POINT('',(9.638937325201E-02,1.424778653468E-02));
#3092 = ( GEOMETRIC_REPRESENTATION_CONTEXT(2) 
PARAMETRIC_REPRESENTATION_CONTEXT() REPRESENTATION_CONTEXT('2D SPACE',''
  ) );
#3093 = ORIENTED_EDGE('',*,*,#3094,.F.);
#3094 = EDGE_CURVE('',#3095,#3067,#3097,.T.);
#3095 = VERTEX_POINT('',#3096);
#3096 = CARTESIAN_POINT('',(-0.135705004501,-4.732743005433E-02,
    0.3500001));
#3097 = SURFACE_CURVE('',#3098,(#3102,#3109),.PCURVE_S1.);
#3098 = LINE('',#3099,#3100);
#3099 = CARTESIAN_POINT('',(-0.135705004501,-4.732743005433E-02,
    0.3500001));
#3100 = VECTOR('',#3101,1.);
#3101 = DIRECTION('',(0.,0.,1.));
#3102 = PCURVE('',#3038,#3103);
#3103 = DEFINITIONAL_REPRESENTATION('',(#3104),#3108);
#3104 = LINE('',#3105,#3106);
#3105 = CARTESIAN_POINT('',(1.,0.));
#3106 = VECTOR('',#3107,1.);
#3107 = DIRECTION('',(0.,-1.));
#3108 = ( GEOMETRIC_REPRESENTATION_CONTEXT(2) 
PARAMETRIC_REPRESENTATION_CONTEXT() REPRESENTATION_CONTEXT('2D SPACE',''
  ) );
#3109 = PCURVE('',#3110,#3117);
#3110 = SURFACE_OF_LINEAR_EXTRUSION('',#3111,#3115);
#3111 = B_SPLINE_CURVE_WITH_KNOTS('',2,(#3112,#3113,#3114),
  .UNSPECIFIED.,.F.,.F.,(3,3),(0.,1.),.PIECEWISE_BEZIER_KNOTS.);
#3112 = CARTESIAN_POINT('',(-0.135705004501,-4.732743005433E-02,
    0.3500001));
#3113 = CARTESIAN_POINT('',(-0.148920342736,-6.397049664412E-02,
    0.3500001));
#3114 = CARTESIAN_POINT('',(-0.173203526743,-6.397049664412E-02,
    0.3500001));
#3115 = VECTOR('',#3116,1.);
#3116 = DIRECTION('',(-0.,-0.,-1.));
#3117 = DEFINITIONAL_REPRESENTATION('',(#3118),#3122);
#3118 = LINE('',#3119,#3120);
#3119 = CARTESIAN_POINT('',(0.,0.));
#3120 = VECTOR('',#3121,1.);
#3121 = DIRECTION('',(0.,-1.));
#3122 = ( GEOMETRIC_REPRESENTATION_CONTEXT(2) 
PARAMETRIC_REPRESENTATION_CONTEXT() REPRESENTATION_CONTEXT('2D SPACE',''
  ) );
#3123 = ORIENTED_EDGE('',*,*,#3124,.F.);
#3124 = EDGE_CURVE('',#3028,#3095,#3125,.T.);
#3125 = SURFACE_CURVE('',#3126,(#3130,#3137),.PCURVE_S1.);
#3126 = B_SPLINE_CURVE_WITH_KNOTS('',2,(#3127,#3128,#3129),
  .UNSPECIFIED.,.F.,.F.,(3,3),(0.,1.),.PIECEWISE_BEZIER_KNOTS.);
#3127 = CARTESIAN_POINT('',(-0.122489666266,-4.129793198459E-05,
    0.3500001));
#3128 = CARTESIAN_POINT('',(-0.122489666266,-3.068436346454E-02,
    0.3500001));
#3129 = CARTESIAN_POINT('',(-0.135705004501,-4.732743005433E-02,
    0.3500001));
#3130 = PCURVE('',#3038,#3131);
#3131 = DEFINITIONAL_REPRESENTATION('',(#3132),#3136);
#3132 = LINE('',#3133,#3134);
#3133 = CARTESIAN_POINT('',(0.,0.));
#3134 = VECTOR('',#3135,1.);
#3135 = DIRECTION('',(1.,0.));
#3136 = ( GEOMETRIC_REPRESENTATION_CONTEXT(2) 
PARAMETRIC_REPRESENTATION_CONTEXT() REPRESENTATION_CONTEXT('2D SPACE',''
  ) );
#3137 = PCURVE('',#3138,#3143);
#3138 = PLANE('',#3139);
#3139 = AXIS2_PLACEMENT_3D('',#3140,#3141,#3142);
#3140 = CARTESIAN_POINT('',(-0.232094377753,-6.157521658901E-02,
    0.3500001));
#3141 = DIRECTION('',(0.,0.,1.));
#3142 = DIRECTION('',(1.,0.,0.));
#3143 = DEFINITIONAL_REPRESENTATION('',(#3144),#3148);
#3144 = B_SPLINE_CURVE_WITH_KNOTS('',2,(#3145,#3146,#3147),
  .UNSPECIFIED.,.F.,.F.,(3,3),(0.,1.),.PIECEWISE_BEZIER_KNOTS.);
#3145 = CARTESIAN_POINT('',(0.109604711487,6.153391865703E-02));
#3146 = CARTESIAN_POINT('',(0.109604711487,3.089085312447E-02));
#3147 = CARTESIAN_POINT('',(9.638937325201E-02,1.424778653468E-02));
#3148 = ( GEOMETRIC_REPRESENTATION_CONTEXT(2) 
PARAMETRIC_REPRESENTATION_CONTEXT() REPRESENTATION_CONTEXT('2D SPACE',''
  ) );
#3149 = ADVANCED_FACE('',(#3150),#3110,.T.);
#3150 = FACE_BOUND('',#3151,.T.);
#3151 = EDGE_LOOP('',(#3152,#3153,#3176,#3206));
#3152 = ORIENTED_EDGE('',*,*,#3094,.T.);
#3153 = ORIENTED_EDGE('',*,*,#3154,.T.);
#3154 = EDGE_CURVE('',#3067,#3155,#3157,.T.);
#3155 = VERTEX_POINT('',#3156);
#3156 = CARTESIAN_POINT('',(-0.173203526743,-6.397049664412E-02,
    0.3568001));
#3157 = SURFACE_CURVE('',#3158,(#3162,#3169),.PCURVE_S1.);
#3158 = B_SPLINE_CURVE_WITH_KNOTS('',2,(#3159,#3160,#3161),
  .UNSPECIFIED.,.F.,.F.,(3,3),(0.,1.),.PIECEWISE_BEZIER_KNOTS.);
#3159 = CARTESIAN_POINT('',(-0.135705004501,-4.732743005433E-02,
    0.3568001));
#3160 = CARTESIAN_POINT('',(-0.148920342736,-6.397049664412E-02,
    0.3568001));
#3161 = CARTESIAN_POINT('',(-0.173203526743,-6.397049664412E-02,
    0.3568001));
#3162 = PCURVE('',#3110,#3163);
#3163 = DEFINITIONAL_REPRESENTATION('',(#3164),#3168);
#3164 = LINE('',#3165,#3166);
#3165 = CARTESIAN_POINT('',(0.,-6.8E-03));
#3166 = VECTOR('',#3167,1.);
#3167 = DIRECTION('',(1.,0.));
#3168 = ( GEOMETRIC_REPRESENTATION_CONTEXT(2) 
PARAMETRIC_REPRESENTATION_CONTEXT() REPRESENTATION_CONTEXT('2D SPACE',''
  ) );
#3169 = PCURVE('',#3082,#3170);
#3170 = DEFINITIONAL_REPRESENTATION('',(#3171),#3175);
#3171 = B_SPLINE_CURVE_WITH_KNOTS('',2,(#3172,#3173,#3174),
  .UNSPECIFIED.,.F.,.F.,(3,3),(0.,1.),.PIECEWISE_BEZIER_KNOTS.);
#3172 = CARTESIAN_POINT('',(9.638937325201E-02,1.424778653468E-02));
#3173 = CARTESIAN_POINT('',(8.317403501695E-02,-2.395280055106E-03));
#3174 = CARTESIAN_POINT('',(5.889085101001E-02,-2.395280055106E-03));
#3175 = ( GEOMETRIC_REPRESENTATION_CONTEXT(2) 
PARAMETRIC_REPRESENTATION_CONTEXT() REPRESENTATION_CONTEXT('2D SPACE',''
  ) );
#3176 = ORIENTED_EDGE('',*,*,#3177,.F.);
#3177 = EDGE_CURVE('',#3178,#3155,#3180,.T.);
#3178 = VERTEX_POINT('',#3179);
#3179 = CARTESIAN_POINT('',(-0.173203526743,-6.397049664412E-02,
    0.3500001));
#3180 = SURFACE_CURVE('',#3181,(#3185,#3192),.PCURVE_S1.);
#3181 = LINE('',#3182,#3183);
#3182 = CARTESIAN_POINT('',(-0.173203526743,-6.397049664412E-02,
    0.3500001));
#3183 = VECTOR('',#3184,1.);
#3184 = DIRECTION('',(0.,0.,1.));
#3185 = PCURVE('',#3110,#3186);
#3186 = DEFINITIONAL_REPRESENTATION('',(#3187),#3191);
#3187 = LINE('',#3188,#3189);
#3188 = CARTESIAN_POINT('',(1.,0.));
#3189 = VECTOR('',#3190,1.);
#3190 = DIRECTION('',(0.,-1.));
#3191 = ( GEOMETRIC_REPRESENTATION_CONTEXT(2) 
PARAMETRIC_REPRESENTATION_CONTEXT() REPRESENTATION_CONTEXT('2D SPACE',''
  ) );
#3192 = PCURVE('',#3193,#3200);
#3193 = SURFACE_OF_LINEAR_EXTRUSION('',#3194,#3198);
#3194 = B_SPLINE_CURVE_WITH_KNOTS('',2,(#3195,#3196,#3197),
  .UNSPECIFIED.,.F.,.F.,(3,3),(0.,1.),.PIECEWISE_BEZIER_KNOTS.);
#3195 = CARTESIAN_POINT('',(-0.173203526743,-6.397049664412E-02,
    0.3500001));
#3196 = CARTESIAN_POINT('',(-0.197569306614,-6.397049664412E-02,
    0.3500001));
#3197 = CARTESIAN_POINT('',(-0.210784644849,-4.732743005433E-02,
    0.3500001));
#3198 = VECTOR('',#3199,1.);
#3199 = DIRECTION('',(-0.,-0.,-1.));
#3200 = DEFINITIONAL_REPRESENTATION('',(#3201),#3205);
#3201 = LINE('',#3202,#3203);
#3202 = CARTESIAN_POINT('',(0.,0.));
#3203 = VECTOR('',#3204,1.);
#3204 = DIRECTION('',(0.,-1.));
#3205 = ( GEOMETRIC_REPRESENTATION_CONTEXT(2) 
PARAMETRIC_REPRESENTATION_CONTEXT() REPRESENTATION_CONTEXT('2D SPACE',''
  ) );
#3206 = ORIENTED_EDGE('',*,*,#3207,.F.);
#3207 = EDGE_CURVE('',#3095,#3178,#3208,.T.);
#3208 = SURFACE_CURVE('',#3209,(#3213,#3220),.PCURVE_S1.);
#3209 = B_SPLINE_CURVE_WITH_KNOTS('',2,(#3210,#3211,#3212),
  .UNSPECIFIED.,.F.,.F.,(3,3),(0.,1.),.PIECEWISE_BEZIER_KNOTS.);
#3210 = CARTESIAN_POINT('',(-0.135705004501,-4.732743005433E-02,
    0.3500001));
#3211 = CARTESIAN_POINT('',(-0.148920342736,-6.397049664412E-02,
    0.3500001));
#3212 = CARTESIAN_POINT('',(-0.173203526743,-6.397049664412E-02,
    0.3500001));
#3213 = PCURVE('',#3110,#3214);
#3214 = DEFINITIONAL_REPRESENTATION('',(#3215),#3219);
#3215 = LINE('',#3216,#3217);
#3216 = CARTESIAN_POINT('',(0.,0.));
#3217 = VECTOR('',#3218,1.);
#3218 = DIRECTION('',(1.,0.));
#3219 = ( GEOMETRIC_REPRESENTATION_CONTEXT(2) 
PARAMETRIC_REPRESENTATION_CONTEXT() REPRESENTATION_CONTEXT('2D SPACE',''
  ) );
#3220 = PCURVE('',#3138,#3221);
#3221 = DEFINITIONAL_REPRESENTATION('',(#3222),#3226);
#3222 = B_SPLINE_CURVE_WITH_KNOTS('',2,(#3223,#3224,#3225),
  .UNSPECIFIED.,.F.,.F.,(3,3),(0.,1.),.PIECEWISE_BEZIER_KNOTS.);
#3223 = CARTESIAN_POINT('',(9.638937325201E-02,1.424778653468E-02));
#3224 = CARTESIAN_POINT('',(8.317403501695E-02,-2.395280055106E-03));
#3225 = CARTESIAN_POINT('',(5.889085101001E-02,-2.395280055106E-03));
#3226 = ( GEOMETRIC_REPRESENTATION_CONTEXT(2) 
PARAMETRIC_REPRESENTATION_CONTEXT() REPRESENTATION_CONTEXT('2D SPACE',''
  ) );
#3227 = ADVANCED_FACE('',(#3228),#3193,.T.);
#3228 = FACE_BOUND('',#3229,.T.);
#3229 = EDGE_LOOP('',(#3230,#3231,#3254,#3284));
#3230 = ORIENTED_EDGE('',*,*,#3177,.T.);
#3231 = ORIENTED_EDGE('',*,*,#3232,.T.);
#3232 = EDGE_CURVE('',#3155,#3233,#3235,.T.);
#3233 = VERTEX_POINT('',#3234);
#3234 = CARTESIAN_POINT('',(-0.210784644849,-4.732743005433E-02,
    0.3568001));
#3235 = SURFACE_CURVE('',#3236,(#3240,#3247),.PCURVE_S1.);
#3236 = B_SPLINE_CURVE_WITH_KNOTS('',2,(#3237,#3238,#3239),
  .UNSPECIFIED.,.F.,.F.,(3,3),(0.,1.),.PIECEWISE_BEZIER_KNOTS.);
#3237 = CARTESIAN_POINT('',(-0.173203526743,-6.397049664412E-02,
    0.3568001));
#3238 = CARTESIAN_POINT('',(-0.197569306614,-6.397049664412E-02,
    0.3568001));
#3239 = CARTESIAN_POINT('',(-0.210784644849,-4.732743005433E-02,
    0.3568001));
#3240 = PCURVE('',#3193,#3241);
#3241 = DEFINITIONAL_REPRESENTATION('',(#3242),#3246);
#3242 = LINE('',#3243,#3244);
#3243 = CARTESIAN_POINT('',(0.,-6.8E-03));
#3244 = VECTOR('',#3245,1.);
#3245 = DIRECTION('',(1.,0.));
#3246 = ( GEOMETRIC_REPRESENTATION_CONTEXT(2) 
PARAMETRIC_REPRESENTATION_CONTEXT() REPRESENTATION_CONTEXT('2D SPACE',''
  ) );
#3247 = PCURVE('',#3082,#3248);
#3248 = DEFINITIONAL_REPRESENTATION('',(#3249),#3253);
#3249 = B_SPLINE_CURVE_WITH_KNOTS('',2,(#3250,#3251,#3252),
  .UNSPECIFIED.,.F.,.F.,(3,3),(0.,1.),.PIECEWISE_BEZIER_KNOTS.);
#3250 = CARTESIAN_POINT('',(5.889085101001E-02,-2.395280055106E-03));
#3251 = CARTESIAN_POINT('',(3.452507113911E-02,-2.395280055106E-03));
#3252 = CARTESIAN_POINT('',(2.130973290404E-02,1.424778653468E-02));
#3253 = ( GEOMETRIC_REPRESENTATION_CONTEXT(2) 
PARAMETRIC_REPRESENTATION_CONTEXT() REPRESENTATION_CONTEXT('2D SPACE',''
  ) );
#3254 = ORIENTED_EDGE('',*,*,#3255,.F.);
#3255 = EDGE_CURVE('',#3256,#3233,#3258,.T.);
#3256 = VERTEX_POINT('',#3257);
#3257 = CARTESIAN_POINT('',(-0.210784644849,-4.732743005433E-02,
    0.3500001));
#3258 = SURFACE_CURVE('',#3259,(#3263,#3270),.PCURVE_S1.);
#3259 = LINE('',#3260,#3261);
#3260 = CARTESIAN_POINT('',(-0.210784644849,-4.732743005433E-02,
    0.3500001));
#3261 = VECTOR('',#3262,1.);
#3262 = DIRECTION('',(0.,0.,1.));
#3263 = PCURVE('',#3193,#3264);
#3264 = DEFINITIONAL_REPRESENTATION('',(#3265),#3269);
#3265 = LINE('',#3266,#3267);
#3266 = CARTESIAN_POINT('',(1.,0.));
#3267 = VECTOR('',#3268,1.);
#3268 = DIRECTION('',(0.,-1.));
#3269 = ( GEOMETRIC_REPRESENTATION_CONTEXT(2) 
PARAMETRIC_REPRESENTATION_CONTEXT() REPRESENTATION_CONTEXT('2D SPACE',''
  ) );
#3270 = PCURVE('',#3271,#3278);
#3271 = SURFACE_OF_LINEAR_EXTRUSION('',#3272,#3276);
#3272 = B_SPLINE_CURVE_WITH_KNOTS('',2,(#3273,#3274,#3275),
  .UNSPECIFIED.,.F.,.F.,(3,3),(0.,1.),.PIECEWISE_BEZIER_KNOTS.);
#3273 = CARTESIAN_POINT('',(-0.210784644849,-4.732743005433E-02,
    0.3500001));
#3274 = CARTESIAN_POINT('',(-0.223999983084,-3.068436346454E-02,
    0.3500001));
#3275 = CARTESIAN_POINT('',(-0.223999983084,-4.129793198459E-05,
    0.3500001));
#3276 = VECTOR('',#3277,1.);
#3277 = DIRECTION('',(-0.,-0.,-1.));
#3278 = DEFINITIONAL_REPRESENTATION('',(#3279),#3283);
#3279 = LINE('',#3280,#3281);
#3280 = CARTESIAN_POINT('',(0.,0.));
#3281 = VECTOR('',#3282,1.);
#3282 = DIRECTION('',(0.,-1.));
#3283 = ( GEOMETRIC_REPRESENTATION_CONTEXT(2) 
PARAMETRIC_REPRESENTATION_CONTEXT() REPRESENTATION_CONTEXT('2D SPACE',''
  ) );
#3284 = ORIENTED_EDGE('',*,*,#3285,.F.);
#3285 = EDGE_CURVE('',#3178,#3256,#3286,.T.);
#3286 = SURFACE_CURVE('',#3287,(#3291,#3298),.PCURVE_S1.);
#3287 = B_SPLINE_CURVE_WITH_KNOTS('',2,(#3288,#3289,#3290),
  .UNSPECIFIED.,.F.,.F.,(3,3),(0.,1.),.PIECEWISE_BEZIER_KNOTS.);
#3288 = CARTESIAN_POINT('',(-0.173203526743,-6.397049664412E-02,
    0.3500001));
#3289 = CARTESIAN_POINT('',(-0.197569306614,-6.397049664412E-02,
    0.3500001));
#3290 = CARTESIAN_POINT('',(-0.210784644849,-4.732743005433E-02,
    0.3500001));
#3291 = PCURVE('',#3193,#3292);
#3292 = DEFINITIONAL_REPRESENTATION('',(#3293),#3297);
#3293 = LINE('',#3294,#3295);
#3294 = CARTESIAN_POINT('',(0.,0.));
#3295 = VECTOR('',#3296,1.);
#3296 = DIRECTION('',(1.,0.));
#3297 = ( GEOMETRIC_REPRESENTATION_CONTEXT(2) 
PARAMETRIC_REPRESENTATION_CONTEXT() REPRESENTATION_CONTEXT('2D SPACE',''
  ) );
#3298 = PCURVE('',#3138,#3299);
#3299 = DEFINITIONAL_REPRESENTATION('',(#3300),#3304);
#3300 = B_SPLINE_CURVE_WITH_KNOTS('',2,(#3301,#3302,#3303),
  .UNSPECIFIED.,.F.,.F.,(3,3),(0.,1.),.PIECEWISE_BEZIER_KNOTS.);
#3301 = CARTESIAN_POINT('',(5.889085101001E-02,-2.395280055106E-03));
#3302 = CARTESIAN_POINT('',(3.452507113911E-02,-2.395280055106E-03));
#3303 = CARTESIAN_POINT('',(2.130973290404E-02,1.424778653468E-02));
#3304 = ( GEOMETRIC_REPRESENTATION_CONTEXT(2) 
PARAMETRIC_REPRESENTATION_CONTEXT() REPRESENTATION_CONTEXT('2D SPACE',''
  ) );
#3305 = ADVANCED_FACE('',(#3306),#3271,.T.);
#3306 = FACE_BOUND('',#3307,.T.);
#3307 = EDGE_LOOP('',(#3308,#3309,#3332,#3362));
#3308 = ORIENTED_EDGE('',*,*,#3255,.T.);
#3309 = ORIENTED_EDGE('',*,*,#3310,.T.);
#3310 = EDGE_CURVE('',#3233,#3311,#3313,.T.);
#3311 = VERTEX_POINT('',#3312);
#3312 = CARTESIAN_POINT('',(-0.223999983084,-4.129793198459E-05,
    0.3568001));
#3313 = SURFACE_CURVE('',#3314,(#3318,#3325),.PCURVE_S1.);
#3314 = B_SPLINE_CURVE_WITH_KNOTS('',2,(#3315,#3316,#3317),
  .UNSPECIFIED.,.F.,.F.,(3,3),(0.,1.),.PIECEWISE_BEZIER_KNOTS.);
#3315 = CARTESIAN_POINT('',(-0.210784644849,-4.732743005433E-02,
    0.3568001));
#3316 = CARTESIAN_POINT('',(-0.223999983084,-3.068436346454E-02,
    0.3568001));
#3317 = CARTESIAN_POINT('',(-0.223999983084,-4.129793198459E-05,
    0.3568001));
#3318 = PCURVE('',#3271,#3319);
#3319 = DEFINITIONAL_REPRESENTATION('',(#3320),#3324);
#3320 = LINE('',#3321,#3322);
#3321 = CARTESIAN_POINT('',(0.,-6.8E-03));
#3322 = VECTOR('',#3323,1.);
#3323 = DIRECTION('',(1.,0.));
#3324 = ( GEOMETRIC_REPRESENTATION_CONTEXT(2) 
PARAMETRIC_REPRESENTATION_CONTEXT() REPRESENTATION_CONTEXT('2D SPACE',''
  ) );
#3325 = PCURVE('',#3082,#3326);
#3326 = DEFINITIONAL_REPRESENTATION('',(#3327),#3331);
#3327 = B_SPLINE_CURVE_WITH_KNOTS('',2,(#3328,#3329,#3330),
  .UNSPECIFIED.,.F.,.F.,(3,3),(0.,1.),.PIECEWISE_BEZIER_KNOTS.);
#3328 = CARTESIAN_POINT('',(2.130973290404E-02,1.424778653468E-02));
#3329 = CARTESIAN_POINT('',(8.094394668978E-03,3.089085312447E-02));
#3330 = CARTESIAN_POINT('',(8.094394668978E-03,6.153391865703E-02));
#3331 = ( GEOMETRIC_REPRESENTATION_CONTEXT(2) 
PARAMETRIC_REPRESENTATION_CONTEXT() REPRESENTATION_CONTEXT('2D SPACE',''
  ) );
#3332 = ORIENTED_EDGE('',*,*,#3333,.F.);
#3333 = EDGE_CURVE('',#3334,#3311,#3336,.T.);
#3334 = VERTEX_POINT('',#3335);
#3335 = CARTESIAN_POINT('',(-0.223999983084,-4.129793198459E-05,
    0.3500001));
#3336 = SURFACE_CURVE('',#3337,(#3341,#3348),.PCURVE_S1.);
#3337 = LINE('',#3338,#3339);
#3338 = CARTESIAN_POINT('',(-0.223999983084,-4.129793198459E-05,
    0.3500001));
#3339 = VECTOR('',#3340,1.);
#3340 = DIRECTION('',(0.,0.,1.));
#3341 = PCURVE('',#3271,#3342);
#3342 = DEFINITIONAL_REPRESENTATION('',(#3343),#3347);
#3343 = LINE('',#3344,#3345);
#3344 = CARTESIAN_POINT('',(1.,0.));
#3345 = VECTOR('',#3346,1.);
#3346 = DIRECTION('',(0.,-1.));
#3347 = ( GEOMETRIC_REPRESENTATION_CONTEXT(2) 
PARAMETRIC_REPRESENTATION_CONTEXT() REPRESENTATION_CONTEXT('2D SPACE',''
  ) );
#3348 = PCURVE('',#3349,#3356);
#3349 = SURFACE_OF_LINEAR_EXTRUSION('',#3350,#3354);
#3350 = B_SPLINE_CURVE_WITH_KNOTS('',2,(#3351,#3352,#3353),
  .UNSPECIFIED.,.F.,.F.,(3,3),(0.,1.),.PIECEWISE_BEZIER_KNOTS.);
#3351 = CARTESIAN_POINT('',(-0.223999983084,-4.129793198459E-05,
    0.3500001));
#3352 = CARTESIAN_POINT('',(-0.223999983084,3.068436346454E-02,0.3500001
    ));
#3353 = CARTESIAN_POINT('',(-0.210784644849,4.732743005433E-02,0.3500001
    ));
#3354 = VECTOR('',#3355,1.);
#3355 = DIRECTION('',(-0.,-0.,-1.));
#3356 = DEFINITIONAL_REPRESENTATION('',(#3357),#3361);
#3357 = LINE('',#3358,#3359);
#3358 = CARTESIAN_POINT('',(0.,0.));
#3359 = VECTOR('',#3360,1.);
#3360 = DIRECTION('',(0.,-1.));
#3361 = ( GEOMETRIC_REPRESENTATION_CONTEXT(2) 
PARAMETRIC_REPRESENTATION_CONTEXT() REPRESENTATION_CONTEXT('2D SPACE',''
  ) );
#3362 = ORIENTED_EDGE('',*,*,#3363,.F.);
#3363 = EDGE_CURVE('',#3256,#3334,#3364,.T.);
#3364 = SURFACE_CURVE('',#3365,(#3369,#3376),.PCURVE_S1.);
#3365 = B_SPLINE_CURVE_WITH_KNOTS('',2,(#3366,#3367,#3368),
  .UNSPECIFIED.,.F.,.F.,(3,3),(0.,1.),.PIECEWISE_BEZIER_KNOTS.);
#3366 = CARTESIAN_POINT('',(-0.210784644849,-4.732743005433E-02,
    0.3500001));
#3367 = CARTESIAN_POINT('',(-0.223999983084,-3.068436346454E-02,
    0.3500001));
#3368 = CARTESIAN_POINT('',(-0.223999983084,-4.129793198459E-05,
    0.3500001));
#3369 = PCURVE('',#3271,#3370);
#3370 = DEFINITIONAL_REPRESENTATION('',(#3371),#3375);
#3371 = LINE('',#3372,#3373);
#3372 = CARTESIAN_POINT('',(0.,0.));
#3373 = VECTOR('',#3374,1.);
#3374 = DIRECTION('',(1.,0.));
#3375 = ( GEOMETRIC_REPRESENTATION_CONTEXT(2) 
PARAMETRIC_REPRESENTATION_CONTEXT() REPRESENTATION_CONTEXT('2D SPACE',''
  ) );
#3376 = PCURVE('',#3138,#3377);
#3377 = DEFINITIONAL_REPRESENTATION('',(#3378),#3382);
#3378 = B_SPLINE_CURVE_WITH_KNOTS('',2,(#3379,#3380,#3381),
  .UNSPECIFIED.,.F.,.F.,(3,3),(0.,1.),.PIECEWISE_BEZIER_KNOTS.);
#3379 = CARTESIAN_POINT('',(2.130973290404E-02,1.424778653468E-02));
#3380 = CARTESIAN_POINT('',(8.094394668978E-03,3.089085312447E-02));
#3381 = CARTESIAN_POINT('',(8.094394668978E-03,6.153391865703E-02));
#3382 = ( GEOMETRIC_REPRESENTATION_CONTEXT(2) 
PARAMETRIC_REPRESENTATION_CONTEXT() REPRESENTATION_CONTEXT('2D SPACE',''
  ) );
#3383 = ADVANCED_FACE('',(#3384),#3349,.T.);
#3384 = FACE_BOUND('',#3385,.T.);
#3385 = EDGE_LOOP('',(#3386,#3387,#3410,#3440));
#3386 = ORIENTED_EDGE('',*,*,#3333,.T.);
#3387 = ORIENTED_EDGE('',*,*,#3388,.T.);
#3388 = EDGE_CURVE('',#3311,#3389,#3391,.T.);
#3389 = VERTEX_POINT('',#3390);
#3390 = CARTESIAN_POINT('',(-0.210784644849,4.732743005433E-02,0.3568001
    ));
#3391 = SURFACE_CURVE('',#3392,(#3396,#3403),.PCURVE_S1.);
#3392 = B_SPLINE_CURVE_WITH_KNOTS('',2,(#3393,#3394,#3395),
  .UNSPECIFIED.,.F.,.F.,(3,3),(0.,1.),.PIECEWISE_BEZIER_KNOTS.);
#3393 = CARTESIAN_POINT('',(-0.223999983084,-4.129793198459E-05,
    0.3568001));
#3394 = CARTESIAN_POINT('',(-0.223999983084,3.068436346454E-02,0.3568001
    ));
#3395 = CARTESIAN_POINT('',(-0.210784644849,4.732743005433E-02,0.3568001
    ));
#3396 = PCURVE('',#3349,#3397);
#3397 = DEFINITIONAL_REPRESENTATION('',(#3398),#3402);
#3398 = LINE('',#3399,#3400);
#3399 = CARTESIAN_POINT('',(0.,-6.8E-03));
#3400 = VECTOR('',#3401,1.);
#3401 = DIRECTION('',(1.,0.));
#3402 = ( GEOMETRIC_REPRESENTATION_CONTEXT(2) 
PARAMETRIC_REPRESENTATION_CONTEXT() REPRESENTATION_CONTEXT('2D SPACE',''
  ) );
#3403 = PCURVE('',#3082,#3404);
#3404 = DEFINITIONAL_REPRESENTATION('',(#3405),#3409);
#3405 = B_SPLINE_CURVE_WITH_KNOTS('',2,(#3406,#3407,#3408),
  .UNSPECIFIED.,.F.,.F.,(3,3),(0.,1.),.PIECEWISE_BEZIER_KNOTS.);
#3406 = CARTESIAN_POINT('',(8.094394668978E-03,6.153391865703E-02));
#3407 = CARTESIAN_POINT('',(8.094394668978E-03,9.225958005355E-02));
#3408 = CARTESIAN_POINT('',(2.130973290404E-02,0.108902646643));
#3409 = ( GEOMETRIC_REPRESENTATION_CONTEXT(2) 
PARAMETRIC_REPRESENTATION_CONTEXT() REPRESENTATION_CONTEXT('2D SPACE',''
  ) );
#3410 = ORIENTED_EDGE('',*,*,#3411,.F.);
#3411 = EDGE_CURVE('',#3412,#3389,#3414,.T.);
#3412 = VERTEX_POINT('',#3413);
#3413 = CARTESIAN_POINT('',(-0.210784644849,4.732743005433E-02,0.3500001
    ));
#3414 = SURFACE_CURVE('',#3415,(#3419,#3426),.PCURVE_S1.);
#3415 = LINE('',#3416,#3417);
#3416 = CARTESIAN_POINT('',(-0.210784644849,4.732743005433E-02,0.3500001
    ));
#3417 = VECTOR('',#3418,1.);
#3418 = DIRECTION('',(0.,0.,1.));
#3419 = PCURVE('',#3349,#3420);
#3420 = DEFINITIONAL_REPRESENTATION('',(#3421),#3425);
#3421 = LINE('',#3422,#3423);
#3422 = CARTESIAN_POINT('',(1.,0.));
#3423 = VECTOR('',#3424,1.);
#3424 = DIRECTION('',(0.,-1.));
#3425 = ( GEOMETRIC_REPRESENTATION_CONTEXT(2) 
PARAMETRIC_REPRESENTATION_CONTEXT() REPRESENTATION_CONTEXT('2D SPACE',''
  ) );
#3426 = PCURVE('',#3427,#3434);
#3427 = SURFACE_OF_LINEAR_EXTRUSION('',#3428,#3432);
#3428 = B_SPLINE_CURVE_WITH_KNOTS('',2,(#3429,#3430,#3431),
  .UNSPECIFIED.,.F.,.F.,(3,3),(0.,1.),.PIECEWISE_BEZIER_KNOTS.);
#3429 = CARTESIAN_POINT('',(-0.210784644849,4.732743005433E-02,0.3500001
    ));
#3430 = CARTESIAN_POINT('',(-0.197569306614,6.397049664412E-02,0.3500001
    ));
#3431 = CARTESIAN_POINT('',(-0.173203526743,6.397049664412E-02,0.3500001
    ));
#3432 = VECTOR('',#3433,1.);
#3433 = DIRECTION('',(-0.,-0.,-1.));
#3434 = DEFINITIONAL_REPRESENTATION('',(#3435),#3439);
#3435 = LINE('',#3436,#3437);
#3436 = CARTESIAN_POINT('',(0.,0.));
#3437 = VECTOR('',#3438,1.);
#3438 = DIRECTION('',(0.,-1.));
#3439 = ( GEOMETRIC_REPRESENTATION_CONTEXT(2) 
PARAMETRIC_REPRESENTATION_CONTEXT() REPRESENTATION_CONTEXT('2D SPACE',''
  ) );
#3440 = ORIENTED_EDGE('',*,*,#3441,.F.);
#3441 = EDGE_CURVE('',#3334,#3412,#3442,.T.);
#3442 = SURFACE_CURVE('',#3443,(#3447,#3454),.PCURVE_S1.);
#3443 = B_SPLINE_CURVE_WITH_KNOTS('',2,(#3444,#3445,#3446),
  .UNSPECIFIED.,.F.,.F.,(3,3),(0.,1.),.PIECEWISE_BEZIER_KNOTS.);
#3444 = CARTESIAN_POINT('',(-0.223999983084,-4.129793198459E-05,
    0.3500001));
#3445 = CARTESIAN_POINT('',(-0.223999983084,3.068436346454E-02,0.3500001
    ));
#3446 = CARTESIAN_POINT('',(-0.210784644849,4.732743005433E-02,0.3500001
    ));
#3447 = PCURVE('',#3349,#3448);
#3448 = DEFINITIONAL_REPRESENTATION('',(#3449),#3453);
#3449 = LINE('',#3450,#3451);
#3450 = CARTESIAN_POINT('',(0.,0.));
#3451 = VECTOR('',#3452,1.);
#3452 = DIRECTION('',(1.,0.));
#3453 = ( GEOMETRIC_REPRESENTATION_CONTEXT(2) 
PARAMETRIC_REPRESENTATION_CONTEXT() REPRESENTATION_CONTEXT('2D SPACE',''
  ) );
#3454 = PCURVE('',#3138,#3455);
#3455 = DEFINITIONAL_REPRESENTATION('',(#3456),#3460);
#3456 = B_SPLINE_CURVE_WITH_KNOTS('',2,(#3457,#3458,#3459),
  .UNSPECIFIED.,.F.,.F.,(3,3),(0.,1.),.PIECEWISE_BEZIER_KNOTS.);
#3457 = CARTESIAN_POINT('',(8.094394668978E-03,6.153391865703E-02));
#3458 = CARTESIAN_POINT('',(8.094394668978E-03,9.225958005355E-02));
#3459 = CARTESIAN_POINT('',(2.130973290404E-02,0.108902646643));
#3460 = ( GEOMETRIC_REPRESENTATION_CONTEXT(2) 
PARAMETRIC_REPRESENTATION_CONTEXT() REPRESENTATION_CONTEXT('2D SPACE',''
  ) );
#3461 = ADVANCED_FACE('',(#3462),#3427,.T.);
#3462 = FACE_BOUND('',#3463,.T.);
#3463 = EDGE_LOOP('',(#3464,#3465,#3488,#3518));
#3464 = ORIENTED_EDGE('',*,*,#3411,.T.);
#3465 = ORIENTED_EDGE('',*,*,#3466,.T.);
#3466 = EDGE_CURVE('',#3389,#3467,#3469,.T.);
#3467 = VERTEX_POINT('',#3468);
#3468 = CARTESIAN_POINT('',(-0.173203526743,6.397049664412E-02,0.3568001
    ));
#3469 = SURFACE_CURVE('',#3470,(#3474,#3481),.PCURVE_S1.);
#3470 = B_SPLINE_CURVE_WITH_KNOTS('',2,(#3471,#3472,#3473),
  .UNSPECIFIED.,.F.,.F.,(3,3),(0.,1.),.PIECEWISE_BEZIER_KNOTS.);
#3471 = CARTESIAN_POINT('',(-0.210784644849,4.732743005433E-02,0.3568001
    ));
#3472 = CARTESIAN_POINT('',(-0.197569306614,6.397049664412E-02,0.3568001
    ));
#3473 = CARTESIAN_POINT('',(-0.173203526743,6.397049664412E-02,0.3568001
    ));
#3474 = PCURVE('',#3427,#3475);
#3475 = DEFINITIONAL_REPRESENTATION('',(#3476),#3480);
#3476 = LINE('',#3477,#3478);
#3477 = CARTESIAN_POINT('',(0.,-6.8E-03));
#3478 = VECTOR('',#3479,1.);
#3479 = DIRECTION('',(1.,0.));
#3480 = ( GEOMETRIC_REPRESENTATION_CONTEXT(2) 
PARAMETRIC_REPRESENTATION_CONTEXT() REPRESENTATION_CONTEXT('2D SPACE',''
  ) );
#3481 = PCURVE('',#3082,#3482);
#3482 = DEFINITIONAL_REPRESENTATION('',(#3483),#3487);
#3483 = B_SPLINE_CURVE_WITH_KNOTS('',2,(#3484,#3485,#3486),
  .UNSPECIFIED.,.F.,.F.,(3,3),(0.,1.),.PIECEWISE_BEZIER_KNOTS.);
#3484 = CARTESIAN_POINT('',(2.130973290404E-02,0.108902646643));
#3485 = CARTESIAN_POINT('',(3.452507113911E-02,0.125545713233));
#3486 = CARTESIAN_POINT('',(5.889085101001E-02,0.125545713233));
#3487 = ( GEOMETRIC_REPRESENTATION_CONTEXT(2) 
PARAMETRIC_REPRESENTATION_CONTEXT() REPRESENTATION_CONTEXT('2D SPACE',''
  ) );
#3488 = ORIENTED_EDGE('',*,*,#3489,.F.);
#3489 = EDGE_CURVE('',#3490,#3467,#3492,.T.);
#3490 = VERTEX_POINT('',#3491);
#3491 = CARTESIAN_POINT('',(-0.173203526743,6.397049664412E-02,0.3500001
    ));
#3492 = SURFACE_CURVE('',#3493,(#3497,#3504),.PCURVE_S1.);
#3493 = LINE('',#3494,#3495);
#3494 = CARTESIAN_POINT('',(-0.173203526743,6.397049664412E-02,0.3500001
    ));
#3495 = VECTOR('',#3496,1.);
#3496 = DIRECTION('',(0.,0.,1.));
#3497 = PCURVE('',#3427,#3498);
#3498 = DEFINITIONAL_REPRESENTATION('',(#3499),#3503);
#3499 = LINE('',#3500,#3501);
#3500 = CARTESIAN_POINT('',(1.,0.));
#3501 = VECTOR('',#3502,1.);
#3502 = DIRECTION('',(0.,-1.));
#3503 = ( GEOMETRIC_REPRESENTATION_CONTEXT(2) 
PARAMETRIC_REPRESENTATION_CONTEXT() REPRESENTATION_CONTEXT('2D SPACE',''
  ) );
#3504 = PCURVE('',#3505,#3512);
#3505 = SURFACE_OF_LINEAR_EXTRUSION('',#3506,#3510);
#3506 = B_SPLINE_CURVE_WITH_KNOTS('',2,(#3507,#3508,#3509),
  .UNSPECIFIED.,.F.,.F.,(3,3),(0.,1.),.PIECEWISE_BEZIER_KNOTS.);
#3507 = CARTESIAN_POINT('',(-0.173203526743,6.397049664412E-02,0.3500001
    ));
#3508 = CARTESIAN_POINT('',(-0.148920342736,6.397049664412E-02,0.3500001
    ));
#3509 = CARTESIAN_POINT('',(-0.135705004501,4.732743005433E-02,0.3500001
    ));
#3510 = VECTOR('',#3511,1.);
#3511 = DIRECTION('',(-0.,-0.,-1.));
#3512 = DEFINITIONAL_REPRESENTATION('',(#3513),#3517);
#3513 = LINE('',#3514,#3515);
#3514 = CARTESIAN_POINT('',(0.,0.));
#3515 = VECTOR('',#3516,1.);
#3516 = DIRECTION('',(0.,-1.));
#3517 = ( GEOMETRIC_REPRESENTATION_CONTEXT(2) 
PARAMETRIC_REPRESENTATION_CONTEXT() REPRESENTATION_CONTEXT('2D SPACE',''
  ) );
#3518 = ORIENTED_EDGE('',*,*,#3519,.F.);
#3519 = EDGE_CURVE('',#3412,#3490,#3520,.T.);
#3520 = SURFACE_CURVE('',#3521,(#3525,#3532),.PCURVE_S1.);
#3521 = B_SPLINE_CURVE_WITH_KNOTS('',2,(#3522,#3523,#3524),
  .UNSPECIFIED.,.F.,.F.,(3,3),(0.,1.),.PIECEWISE_BEZIER_KNOTS.);
#3522 = CARTESIAN_POINT('',(-0.210784644849,4.732743005433E-02,0.3500001
    ));
#3523 = CARTESIAN_POINT('',(-0.197569306614,6.397049664412E-02,0.3500001
    ));
#3524 = CARTESIAN_POINT('',(-0.173203526743,6.397049664412E-02,0.3500001
    ));
#3525 = PCURVE('',#3427,#3526);
#3526 = DEFINITIONAL_REPRESENTATION('',(#3527),#3531);
#3527 = LINE('',#3528,#3529);
#3528 = CARTESIAN_POINT('',(0.,0.));
#3529 = VECTOR('',#3530,1.);
#3530 = DIRECTION('',(1.,0.));
#3531 = ( GEOMETRIC_REPRESENTATION_CONTEXT(2) 
PARAMETRIC_REPRESENTATION_CONTEXT() REPRESENTATION_CONTEXT('2D SPACE',''
  ) );
#3532 = PCURVE('',#3138,#3533);
#3533 = DEFINITIONAL_REPRESENTATION('',(#3534),#3538);
#3534 = B_SPLINE_CURVE_WITH_KNOTS('',2,(#3535,#3536,#3537),
  .UNSPECIFIED.,.F.,.F.,(3,3),(0.,1.),.PIECEWISE_BEZIER_KNOTS.);
#3535 = CARTESIAN_POINT('',(2.130973290404E-02,0.108902646643));
#3536 = CARTESIAN_POINT('',(3.452507113911E-02,0.125545713233));
#3537 = CARTESIAN_POINT('',(5.889085101001E-02,0.125545713233));
#3538 = ( GEOMETRIC_REPRESENTATION_CONTEXT(2) 
PARAMETRIC_REPRESENTATION_CONTEXT() REPRESENTATION_CONTEXT('2D SPACE',''
  ) );
#3539 = ADVANCED_FACE('',(#3540),#3505,.T.);
#3540 = FACE_BOUND('',#3541,.T.);
#3541 = EDGE_LOOP('',(#3542,#3543,#3566,#3589));
#3542 = ORIENTED_EDGE('',*,*,#3489,.T.);
#3543 = ORIENTED_EDGE('',*,*,#3544,.T.);
#3544 = EDGE_CURVE('',#3467,#3545,#3547,.T.);
#3545 = VERTEX_POINT('',#3546);
#3546 = CARTESIAN_POINT('',(-0.135705004501,4.732743005433E-02,0.3568001
    ));
#3547 = SURFACE_CURVE('',#3548,(#3552,#3559),.PCURVE_S1.);
#3548 = B_SPLINE_CURVE_WITH_KNOTS('',2,(#3549,#3550,#3551),
  .UNSPECIFIED.,.F.,.F.,(3,3),(0.,1.),.PIECEWISE_BEZIER_KNOTS.);
#3549 = CARTESIAN_POINT('',(-0.173203526743,6.397049664412E-02,0.3568001
    ));
#3550 = CARTESIAN_POINT('',(-0.148920342736,6.397049664412E-02,0.3568001
    ));
#3551 = CARTESIAN_POINT('',(-0.135705004501,4.732743005433E-02,0.3568001
    ));
#3552 = PCURVE('',#3505,#3553);
#3553 = DEFINITIONAL_REPRESENTATION('',(#3554),#3558);
#3554 = LINE('',#3555,#3556);
#3555 = CARTESIAN_POINT('',(0.,-6.8E-03));
#3556 = VECTOR('',#3557,1.);
#3557 = DIRECTION('',(1.,0.));
#3558 = ( GEOMETRIC_REPRESENTATION_CONTEXT(2) 
PARAMETRIC_REPRESENTATION_CONTEXT() REPRESENTATION_CONTEXT('2D SPACE',''
  ) );
#3559 = PCURVE('',#3082,#3560);
#3560 = DEFINITIONAL_REPRESENTATION('',(#3561),#3565);
#3561 = B_SPLINE_CURVE_WITH_KNOTS('',2,(#3562,#3563,#3564),
  .UNSPECIFIED.,.F.,.F.,(3,3),(0.,1.),.PIECEWISE_BEZIER_KNOTS.);
#3562 = CARTESIAN_POINT('',(5.889085101001E-02,0.125545713233));
#3563 = CARTESIAN_POINT('',(8.317403501695E-02,0.125545713233));
#3564 = CARTESIAN_POINT('',(9.638937325201E-02,0.108902646643));
#3565 = ( GEOMETRIC_REPRESENTATION_CONTEXT(2) 
PARAMETRIC_REPRESENTATION_CONTEXT() REPRESENTATION_CONTEXT('2D SPACE',''
  ) );
#3566 = ORIENTED_EDGE('',*,*,#3567,.F.);
#3567 = EDGE_CURVE('',#3568,#3545,#3570,.T.);
#3568 = VERTEX_POINT('',#3569);
#3569 = CARTESIAN_POINT('',(-0.135705004501,4.732743005433E-02,0.3500001
    ));
#3570 = SURFACE_CURVE('',#3571,(#3575,#3582),.PCURVE_S1.);
#3571 = LINE('',#3572,#3573);
#3572 = CARTESIAN_POINT('',(-0.135705004501,4.732743005433E-02,0.3500001
    ));
#3573 = VECTOR('',#3574,1.);
#3574 = DIRECTION('',(0.,0.,1.));
#3575 = PCURVE('',#3505,#3576);
#3576 = DEFINITIONAL_REPRESENTATION('',(#3577),#3581);
#3577 = LINE('',#3578,#3579);
#3578 = CARTESIAN_POINT('',(1.,0.));
#3579 = VECTOR('',#3580,1.);
#3580 = DIRECTION('',(0.,-1.));
#3581 = ( GEOMETRIC_REPRESENTATION_CONTEXT(2) 
PARAMETRIC_REPRESENTATION_CONTEXT() REPRESENTATION_CONTEXT('2D SPACE',''
  ) );
#3582 = PCURVE('',#3052,#3583);
#3583 = DEFINITIONAL_REPRESENTATION('',(#3584),#3588);
#3584 = LINE('',#3585,#3586);
#3585 = CARTESIAN_POINT('',(0.,0.));
#3586 = VECTOR('',#3587,1.);
#3587 = DIRECTION('',(0.,-1.));
#3588 = ( GEOMETRIC_REPRESENTATION_CONTEXT(2) 
PARAMETRIC_REPRESENTATION_CONTEXT() REPRESENTATION_CONTEXT('2D SPACE',''
  ) );
#3589 = ORIENTED_EDGE('',*,*,#3590,.F.);
#3590 = EDGE_CURVE('',#3490,#3568,#3591,.T.);
#3591 = SURFACE_CURVE('',#3592,(#3596,#3603),.PCURVE_S1.);
#3592 = B_SPLINE_CURVE_WITH_KNOTS('',2,(#3593,#3594,#3595),
  .UNSPECIFIED.,.F.,.F.,(3,3),(0.,1.),.PIECEWISE_BEZIER_KNOTS.);
#3593 = CARTESIAN_POINT('',(-0.173203526743,6.397049664412E-02,0.3500001
    ));
#3594 = CARTESIAN_POINT('',(-0.148920342736,6.397049664412E-02,0.3500001
    ));
#3595 = CARTESIAN_POINT('',(-0.135705004501,4.732743005433E-02,0.3500001
    ));
#3596 = PCURVE('',#3505,#3597);
#3597 = DEFINITIONAL_REPRESENTATION('',(#3598),#3602);
#3598 = LINE('',#3599,#3600);
#3599 = CARTESIAN_POINT('',(0.,0.));
#3600 = VECTOR('',#3601,1.);
#3601 = DIRECTION('',(1.,0.));
#3602 = ( GEOMETRIC_REPRESENTATION_CONTEXT(2) 
PARAMETRIC_REPRESENTATION_CONTEXT() REPRESENTATION_CONTEXT('2D SPACE',''
  ) );
#3603 = PCURVE('',#3138,#3604);
#3604 = DEFINITIONAL_REPRESENTATION('',(#3605),#3609);
#3605 = B_SPLINE_CURVE_WITH_KNOTS('',2,(#3606,#3607,#3608),
  .UNSPECIFIED.,.F.,.F.,(3,3),(0.,1.),.PIECEWISE_BEZIER_KNOTS.);
#3606 = CARTESIAN_POINT('',(5.889085101001E-02,0.125545713233));
#3607 = CARTESIAN_POINT('',(8.317403501695E-02,0.125545713233));
#3608 = CARTESIAN_POINT('',(9.638937325201E-02,0.108902646643));
#3609 = ( GEOMETRIC_REPRESENTATION_CONTEXT(2) 
PARAMETRIC_REPRESENTATION_CONTEXT() REPRESENTATION_CONTEXT('2D SPACE',''
  ) );
#3610 = ADVANCED_FACE('',(#3611),#3052,.T.);
#3611 = FACE_BOUND('',#3612,.T.);
#3612 = EDGE_LOOP('',(#3613,#3614,#3635,#3636));
#3613 = ORIENTED_EDGE('',*,*,#3567,.T.);
#3614 = ORIENTED_EDGE('',*,*,#3615,.T.);
#3615 = EDGE_CURVE('',#3545,#3030,#3616,.T.);
#3616 = SURFACE_CURVE('',#3617,(#3621,#3628),.PCURVE_S1.);
#3617 = B_SPLINE_CURVE_WITH_KNOTS('',2,(#3618,#3619,#3620),
  .UNSPECIFIED.,.F.,.F.,(3,3),(0.,1.),.PIECEWISE_BEZIER_KNOTS.);
#3618 = CARTESIAN_POINT('',(-0.135705004501,4.732743005433E-02,0.3568001
    ));
#3619 = CARTESIAN_POINT('',(-0.122489666266,3.068436346454E-02,0.3568001
    ));
#3620 = CARTESIAN_POINT('',(-0.122489666266,-4.129793198459E-05,
    0.3568001));
#3621 = PCURVE('',#3052,#3622);
#3622 = DEFINITIONAL_REPRESENTATION('',(#3623),#3627);
#3623 = LINE('',#3624,#3625);
#3624 = CARTESIAN_POINT('',(0.,-6.8E-03));
#3625 = VECTOR('',#3626,1.);
#3626 = DIRECTION('',(1.,0.));
#3627 = ( GEOMETRIC_REPRESENTATION_CONTEXT(2) 
PARAMETRIC_REPRESENTATION_CONTEXT() REPRESENTATION_CONTEXT('2D SPACE',''
  ) );
#3628 = PCURVE('',#3082,#3629);
#3629 = DEFINITIONAL_REPRESENTATION('',(#3630),#3634);
#3630 = B_SPLINE_CURVE_WITH_KNOTS('',2,(#3631,#3632,#3633),
  .UNSPECIFIED.,.F.,.F.,(3,3),(0.,1.),.PIECEWISE_BEZIER_KNOTS.);
#3631 = CARTESIAN_POINT('',(9.638937325201E-02,0.108902646643));
#3632 = CARTESIAN_POINT('',(0.109604711487,9.225958005355E-02));
#3633 = CARTESIAN_POINT('',(0.109604711487,6.153391865703E-02));
#3634 = ( GEOMETRIC_REPRESENTATION_CONTEXT(2) 
PARAMETRIC_REPRESENTATION_CONTEXT() REPRESENTATION_CONTEXT('2D SPACE',''
  ) );
#3635 = ORIENTED_EDGE('',*,*,#3027,.F.);
#3636 = ORIENTED_EDGE('',*,*,#3637,.F.);
#3637 = EDGE_CURVE('',#3568,#3028,#3638,.T.);
#3638 = SURFACE_CURVE('',#3639,(#3643,#3650),.PCURVE_S1.);
#3639 = B_SPLINE_CURVE_WITH_KNOTS('',2,(#3640,#3641,#3642),
  .UNSPECIFIED.,.F.,.F.,(3,3),(0.,1.),.PIECEWISE_BEZIER_KNOTS.);
#3640 = CARTESIAN_POINT('',(-0.135705004501,4.732743005433E-02,0.3500001
    ));
#3641 = CARTESIAN_POINT('',(-0.122489666266,3.068436346454E-02,0.3500001
    ));
#3642 = CARTESIAN_POINT('',(-0.122489666266,-4.129793198459E-05,
    0.3500001));
#3643 = PCURVE('',#3052,#3644);
#3644 = DEFINITIONAL_REPRESENTATION('',(#3645),#3649);
#3645 = LINE('',#3646,#3647);
#3646 = CARTESIAN_POINT('',(0.,0.));
#3647 = VECTOR('',#3648,1.);
#3648 = DIRECTION('',(1.,0.));
#3649 = ( GEOMETRIC_REPRESENTATION_CONTEXT(2) 
PARAMETRIC_REPRESENTATION_CONTEXT() REPRESENTATION_CONTEXT('2D SPACE',''
  ) );
#3650 = PCURVE('',#3138,#3651);
#3651 = DEFINITIONAL_REPRESENTATION('',(#3652),#3656);
#3652 = B_SPLINE_CURVE_WITH_KNOTS('',2,(#3653,#3654,#3655),
  .UNSPECIFIED.,.F.,.F.,(3,3),(0.,1.),.PIECEWISE_BEZIER_KNOTS.);
#3653 = CARTESIAN_POINT('',(9.638937325201E-02,0.108902646643));
#3654 = CARTESIAN_POINT('',(0.109604711487,9.225958005355E-02));
#3655 = CARTESIAN_POINT('',(0.109604711487,6.153391865703E-02));
#3656 = ( GEOMETRIC_REPRESENTATION_CONTEXT(2) 
PARAMETRIC_REPRESENTATION_CONTEXT() REPRESENTATION_CONTEXT('2D SPACE',''
  ) );
#3657 = ADVANCED_FACE('',(#3658),#3672,.T.);
#3658 = FACE_BOUND('',#3659,.T.);
#3659 = EDGE_LOOP('',(#3660,#3699,#3722,#3752));
#3660 = ORIENTED_EDGE('',*,*,#3661,.T.);
#3661 = EDGE_CURVE('',#3662,#3664,#3666,.T.);
#3662 = VERTEX_POINT('',#3663);
#3663 = CARTESIAN_POINT('',(-0.154289073894,2.064896599229E-04,0.3500001
    ));
#3664 = VERTEX_POINT('',#3665);
#3665 = CARTESIAN_POINT('',(-0.154289073894,2.064896599229E-04,0.3568001
    ));
#3666 = SURFACE_CURVE('',#3667,(#3671,#3685),.PCURVE_S1.);
#3667 = LINE('',#3668,#3669);
#3668 = CARTESIAN_POINT('',(-0.154289073894,2.064896599229E-04,0.3500001
    ));
#3669 = VECTOR('',#3670,1.);
#3670 = DIRECTION('',(0.,0.,1.));
#3671 = PCURVE('',#3672,#3679);
#3672 = SURFACE_OF_LINEAR_EXTRUSION('',#3673,#3677);
#3673 = B_SPLINE_CURVE_WITH_KNOTS('',2,(#3674,#3675,#3676),
  .UNSPECIFIED.,.F.,.F.,(3,3),(0.,1.),.PIECEWISE_BEZIER_KNOTS.);
#3674 = CARTESIAN_POINT('',(-0.154289073894,2.064896599229E-04,0.3500001
    ));
#3675 = CARTESIAN_POINT('',(-0.154289073894,2.333333157129E-02,0.3500001
    ));
#3676 = CARTESIAN_POINT('',(-0.158625356753,3.279055799576E-02,0.3500001
    ));
#3677 = VECTOR('',#3678,1.);
#3678 = DIRECTION('',(-0.,-0.,-1.));
#3679 = DEFINITIONAL_REPRESENTATION('',(#3680),#3684);
#3680 = LINE('',#3681,#3682);
#3681 = CARTESIAN_POINT('',(0.,0.));
#3682 = VECTOR('',#3683,1.);
#3683 = DIRECTION('',(0.,-1.));
#3684 = ( GEOMETRIC_REPRESENTATION_CONTEXT(2) 
PARAMETRIC_REPRESENTATION_CONTEXT() REPRESENTATION_CONTEXT('2D SPACE',''
  ) );
#3685 = PCURVE('',#3686,#3693);
#3686 = SURFACE_OF_LINEAR_EXTRUSION('',#3687,#3691);
#3687 = B_SPLINE_CURVE_WITH_KNOTS('',2,(#3688,#3689,#3690),
  .UNSPECIFIED.,.F.,.F.,(3,3),(0.,1.),.PIECEWISE_BEZIER_KNOTS.);
#3688 = CARTESIAN_POINT('',(-0.158666654685,-3.274926006377E-02,
    0.3500001));
#3689 = CARTESIAN_POINT('',(-0.154289073894,-2.316813984335E-02,
    0.3500001));
#3690 = CARTESIAN_POINT('',(-0.154289073894,2.064896599229E-04,0.3500001
    ));
#3691 = VECTOR('',#3692,1.);
#3692 = DIRECTION('',(-0.,-0.,-1.));
#3693 = DEFINITIONAL_REPRESENTATION('',(#3694),#3698);
#3694 = LINE('',#3695,#3696);
#3695 = CARTESIAN_POINT('',(1.,0.));
#3696 = VECTOR('',#3697,1.);
#3697 = DIRECTION('',(0.,-1.));
#3698 = ( GEOMETRIC_REPRESENTATION_CONTEXT(2) 
PARAMETRIC_REPRESENTATION_CONTEXT() REPRESENTATION_CONTEXT('2D SPACE',''
  ) );
#3699 = ORIENTED_EDGE('',*,*,#3700,.T.);
#3700 = EDGE_CURVE('',#3664,#3701,#3703,.T.);
#3701 = VERTEX_POINT('',#3702);
#3702 = CARTESIAN_POINT('',(-0.158625356753,3.279055799576E-02,0.3568001
    ));
#3703 = SURFACE_CURVE('',#3704,(#3708,#3715),.PCURVE_S1.);
#3704 = B_SPLINE_CURVE_WITH_KNOTS('',2,(#3705,#3706,#3707),
  .UNSPECIFIED.,.F.,.F.,(3,3),(0.,1.),.PIECEWISE_BEZIER_KNOTS.);
#3705 = CARTESIAN_POINT('',(-0.154289073894,2.064896599229E-04,0.3568001
    ));
#3706 = CARTESIAN_POINT('',(-0.154289073894,2.333333157129E-02,0.3568001
    ));
#3707 = CARTESIAN_POINT('',(-0.158625356753,3.279055799576E-02,0.3568001
    ));
#3708 = PCURVE('',#3672,#3709);
#3709 = DEFINITIONAL_REPRESENTATION('',(#3710),#3714);
#3710 = LINE('',#3711,#3712);
#3711 = CARTESIAN_POINT('',(0.,-6.8E-03));
#3712 = VECTOR('',#3713,1.);
#3713 = DIRECTION('',(1.,0.));
#3714 = ( GEOMETRIC_REPRESENTATION_CONTEXT(2) 
PARAMETRIC_REPRESENTATION_CONTEXT() REPRESENTATION_CONTEXT('2D SPACE',''
  ) );
#3715 = PCURVE('',#3082,#3716);
#3716 = DEFINITIONAL_REPRESENTATION('',(#3717),#3721);
#3717 = B_SPLINE_CURVE_WITH_KNOTS('',2,(#3718,#3719,#3720),
  .UNSPECIFIED.,.F.,.F.,(3,3),(0.,1.),.PIECEWISE_BEZIER_KNOTS.);
#3718 = CARTESIAN_POINT('',(7.780530385895E-02,6.178170624893E-02));
#3719 = CARTESIAN_POINT('',(7.780530385895E-02,8.49085481603E-02));
#3720 = CARTESIAN_POINT('',(7.346902100057E-02,9.436577458477E-02));
#3721 = ( GEOMETRIC_REPRESENTATION_CONTEXT(2) 
PARAMETRIC_REPRESENTATION_CONTEXT() REPRESENTATION_CONTEXT('2D SPACE',''
  ) );
#3722 = ORIENTED_EDGE('',*,*,#3723,.F.);
#3723 = EDGE_CURVE('',#3724,#3701,#3726,.T.);
#3724 = VERTEX_POINT('',#3725);
#3725 = CARTESIAN_POINT('',(-0.158625356753,3.279055799576E-02,0.3500001
    ));
#3726 = SURFACE_CURVE('',#3727,(#3731,#3738),.PCURVE_S1.);
#3727 = LINE('',#3728,#3729);
#3728 = CARTESIAN_POINT('',(-0.158625356753,3.279055799576E-02,0.3500001
    ));
#3729 = VECTOR('',#3730,1.);
#3730 = DIRECTION('',(0.,0.,1.));
#3731 = PCURVE('',#3672,#3732);
#3732 = DEFINITIONAL_REPRESENTATION('',(#3733),#3737);
#3733 = LINE('',#3734,#3735);
#3734 = CARTESIAN_POINT('',(1.,0.));
#3735 = VECTOR('',#3736,1.);
#3736 = DIRECTION('',(0.,-1.));
#3737 = ( GEOMETRIC_REPRESENTATION_CONTEXT(2) 
PARAMETRIC_REPRESENTATION_CONTEXT() REPRESENTATION_CONTEXT('2D SPACE',''
  ) );
#3738 = PCURVE('',#3739,#3746);
#3739 = SURFACE_OF_LINEAR_EXTRUSION('',#3740,#3744);
#3740 = B_SPLINE_CURVE_WITH_KNOTS('',2,(#3741,#3742,#3743),
  .UNSPECIFIED.,.F.,.F.,(3,3),(0.,1.),.PIECEWISE_BEZIER_KNOTS.);
#3741 = CARTESIAN_POINT('',(-0.158625356753,3.279055799576E-02,0.3500001
    ));
#3742 = CARTESIAN_POINT('',(-0.162961639611,4.224778442023E-02,0.3500001
    ));
#3743 = CARTESIAN_POINT('',(-0.173203526743,4.224778442023E-02,0.3500001
    ));
#3744 = VECTOR('',#3745,1.);
#3745 = DIRECTION('',(-0.,-0.,-1.));
#3746 = DEFINITIONAL_REPRESENTATION('',(#3747),#3751);
#3747 = LINE('',#3748,#3749);
#3748 = CARTESIAN_POINT('',(0.,0.));
#3749 = VECTOR('',#3750,1.);
#3750 = DIRECTION('',(0.,-1.));
#3751 = ( GEOMETRIC_REPRESENTATION_CONTEXT(2) 
PARAMETRIC_REPRESENTATION_CONTEXT() REPRESENTATION_CONTEXT('2D SPACE',''
  ) );
#3752 = ORIENTED_EDGE('',*,*,#3753,.F.);
#3753 = EDGE_CURVE('',#3662,#3724,#3754,.T.);
#3754 = SURFACE_CURVE('',#3755,(#3759,#3766),.PCURVE_S1.);
#3755 = B_SPLINE_CURVE_WITH_KNOTS('',2,(#3756,#3757,#3758),
  .UNSPECIFIED.,.F.,.F.,(3,3),(0.,1.),.PIECEWISE_BEZIER_KNOTS.);
#3756 = CARTESIAN_POINT('',(-0.154289073894,2.064896599229E-04,0.3500001
    ));
#3757 = CARTESIAN_POINT('',(-0.154289073894,2.333333157129E-02,0.3500001
    ));
#3758 = CARTESIAN_POINT('',(-0.158625356753,3.279055799576E-02,0.3500001
    ));
#3759 = PCURVE('',#3672,#3760);
#3760 = DEFINITIONAL_REPRESENTATION('',(#3761),#3765);
#3761 = LINE('',#3762,#3763);
#3762 = CARTESIAN_POINT('',(0.,0.));
#3763 = VECTOR('',#3764,1.);
#3764 = DIRECTION('',(1.,0.));
#3765 = ( GEOMETRIC_REPRESENTATION_CONTEXT(2) 
PARAMETRIC_REPRESENTATION_CONTEXT() REPRESENTATION_CONTEXT('2D SPACE',''
  ) );
#3766 = PCURVE('',#3138,#3767);
#3767 = DEFINITIONAL_REPRESENTATION('',(#3768),#3772);
#3768 = B_SPLINE_CURVE_WITH_KNOTS('',2,(#3769,#3770,#3771),
  .UNSPECIFIED.,.F.,.F.,(3,3),(0.,1.),.PIECEWISE_BEZIER_KNOTS.);
#3769 = CARTESIAN_POINT('',(7.780530385895E-02,6.178170624893E-02));
#3770 = CARTESIAN_POINT('',(7.780530385895E-02,8.49085481603E-02));
#3771 = CARTESIAN_POINT('',(7.346902100057E-02,9.436577458477E-02));
#3772 = ( GEOMETRIC_REPRESENTATION_CONTEXT(2) 
PARAMETRIC_REPRESENTATION_CONTEXT() REPRESENTATION_CONTEXT('2D SPACE',''
  ) );
#3773 = ADVANCED_FACE('',(#3774),#3739,.T.);
#3774 = FACE_BOUND('',#3775,.T.);
#3775 = EDGE_LOOP('',(#3776,#3777,#3800,#3830));
#3776 = ORIENTED_EDGE('',*,*,#3723,.T.);
#3777 = ORIENTED_EDGE('',*,*,#3778,.T.);
#3778 = EDGE_CURVE('',#3701,#3779,#3781,.T.);
#3779 = VERTEX_POINT('',#3780);
#3780 = CARTESIAN_POINT('',(-0.173203526743,4.224778442023E-02,0.3568001
    ));
#3781 = SURFACE_CURVE('',#3782,(#3786,#3793),.PCURVE_S1.);
#3782 = B_SPLINE_CURVE_WITH_KNOTS('',2,(#3783,#3784,#3785),
  .UNSPECIFIED.,.F.,.F.,(3,3),(0.,1.),.PIECEWISE_BEZIER_KNOTS.);
#3783 = CARTESIAN_POINT('',(-0.158625356753,3.279055799576E-02,0.3568001
    ));
#3784 = CARTESIAN_POINT('',(-0.162961639611,4.224778442023E-02,0.3568001
    ));
#3785 = CARTESIAN_POINT('',(-0.173203526743,4.224778442023E-02,0.3568001
    ));
#3786 = PCURVE('',#3739,#3787);
#3787 = DEFINITIONAL_REPRESENTATION('',(#3788),#3792);
#3788 = LINE('',#3789,#3790);
#3789 = CARTESIAN_POINT('',(0.,-6.8E-03));
#3790 = VECTOR('',#3791,1.);
#3791 = DIRECTION('',(1.,0.));
#3792 = ( GEOMETRIC_REPRESENTATION_CONTEXT(2) 
PARAMETRIC_REPRESENTATION_CONTEXT() REPRESENTATION_CONTEXT('2D SPACE',''
  ) );
#3793 = PCURVE('',#3082,#3794);
#3794 = DEFINITIONAL_REPRESENTATION('',(#3795),#3799);
#3795 = B_SPLINE_CURVE_WITH_KNOTS('',2,(#3796,#3797,#3798),
  .UNSPECIFIED.,.F.,.F.,(3,3),(0.,1.),.PIECEWISE_BEZIER_KNOTS.);
#3796 = CARTESIAN_POINT('',(7.346902100057E-02,9.436577458477E-02));
#3797 = CARTESIAN_POINT('',(6.913273814219E-02,0.103823001009));
#3798 = CARTESIAN_POINT('',(5.889085101001E-02,0.103823001009));
#3799 = ( GEOMETRIC_REPRESENTATION_CONTEXT(2) 
PARAMETRIC_REPRESENTATION_CONTEXT() REPRESENTATION_CONTEXT('2D SPACE',''
  ) );
#3800 = ORIENTED_EDGE('',*,*,#3801,.F.);
#3801 = EDGE_CURVE('',#3802,#3779,#3804,.T.);
#3802 = VERTEX_POINT('',#3803);
#3803 = CARTESIAN_POINT('',(-0.173203526743,4.224778442023E-02,0.3500001
    ));
#3804 = SURFACE_CURVE('',#3805,(#3809,#3816),.PCURVE_S1.);
#3805 = LINE('',#3806,#3807);
#3806 = CARTESIAN_POINT('',(-0.173203526743,4.224778442023E-02,0.3500001
    ));
#3807 = VECTOR('',#3808,1.);
#3808 = DIRECTION('',(0.,0.,1.));
#3809 = PCURVE('',#3739,#3810);
#3810 = DEFINITIONAL_REPRESENTATION('',(#3811),#3815);
#3811 = LINE('',#3812,#3813);
#3812 = CARTESIAN_POINT('',(1.,0.));
#3813 = VECTOR('',#3814,1.);
#3814 = DIRECTION('',(0.,-1.));
#3815 = ( GEOMETRIC_REPRESENTATION_CONTEXT(2) 
PARAMETRIC_REPRESENTATION_CONTEXT() REPRESENTATION_CONTEXT('2D SPACE',''
  ) );
#3816 = PCURVE('',#3817,#3824);
#3817 = SURFACE_OF_LINEAR_EXTRUSION('',#3818,#3822);
#3818 = B_SPLINE_CURVE_WITH_KNOTS('',2,(#3819,#3820,#3821),
  .UNSPECIFIED.,.F.,.F.,(3,3),(0.,1.),.PIECEWISE_BEZIER_KNOTS.);
#3819 = CARTESIAN_POINT('',(-0.173203526743,4.224778442023E-02,0.3500001
    ));
#3820 = CARTESIAN_POINT('',(-0.183445413876,4.224778442023E-02,0.3500001
    ));
#3821 = CARTESIAN_POINT('',(-0.187822994666,3.279055799576E-02,0.3500001
    ));
#3822 = VECTOR('',#3823,1.);
#3823 = DIRECTION('',(-0.,-0.,-1.));
#3824 = DEFINITIONAL_REPRESENTATION('',(#3825),#3829);
#3825 = LINE('',#3826,#3827);
#3826 = CARTESIAN_POINT('',(0.,0.));
#3827 = VECTOR('',#3828,1.);
#3828 = DIRECTION('',(0.,-1.));
#3829 = ( GEOMETRIC_REPRESENTATION_CONTEXT(2) 
PARAMETRIC_REPRESENTATION_CONTEXT() REPRESENTATION_CONTEXT('2D SPACE',''
  ) );
#3830 = ORIENTED_EDGE('',*,*,#3831,.F.);
#3831 = EDGE_CURVE('',#3724,#3802,#3832,.T.);
#3832 = SURFACE_CURVE('',#3833,(#3837,#3844),.PCURVE_S1.);
#3833 = B_SPLINE_CURVE_WITH_KNOTS('',2,(#3834,#3835,#3836),
  .UNSPECIFIED.,.F.,.F.,(3,3),(0.,1.),.PIECEWISE_BEZIER_KNOTS.);
#3834 = CARTESIAN_POINT('',(-0.158625356753,3.279055799576E-02,0.3500001
    ));
#3835 = CARTESIAN_POINT('',(-0.162961639611,4.224778442023E-02,0.3500001
    ));
#3836 = CARTESIAN_POINT('',(-0.173203526743,4.224778442023E-02,0.3500001
    ));
#3837 = PCURVE('',#3739,#3838);
#3838 = DEFINITIONAL_REPRESENTATION('',(#3839),#3843);
#3839 = LINE('',#3840,#3841);
#3840 = CARTESIAN_POINT('',(0.,0.));
#3841 = VECTOR('',#3842,1.);
#3842 = DIRECTION('',(1.,0.));
#3843 = ( GEOMETRIC_REPRESENTATION_CONTEXT(2) 
PARAMETRIC_REPRESENTATION_CONTEXT() REPRESENTATION_CONTEXT('2D SPACE',''
  ) );
#3844 = PCURVE('',#3138,#3845);
#3845 = DEFINITIONAL_REPRESENTATION('',(#3846),#3850);
#3846 = B_SPLINE_CURVE_WITH_KNOTS('',2,(#3847,#3848,#3849),
  .UNSPECIFIED.,.F.,.F.,(3,3),(0.,1.),.PIECEWISE_BEZIER_KNOTS.);
#3847 = CARTESIAN_POINT('',(7.346902100057E-02,9.436577458477E-02));
#3848 = CARTESIAN_POINT('',(6.913273814219E-02,0.103823001009));
#3849 = CARTESIAN_POINT('',(5.889085101001E-02,0.103823001009));
#3850 = ( GEOMETRIC_REPRESENTATION_CONTEXT(2) 
PARAMETRIC_REPRESENTATION_CONTEXT() REPRESENTATION_CONTEXT('2D SPACE',''
  ) );
#3851 = ADVANCED_FACE('',(#3852),#3817,.T.);
#3852 = FACE_BOUND('',#3853,.T.);
#3853 = EDGE_LOOP('',(#3854,#3855,#3878,#3908));
#3854 = ORIENTED_EDGE('',*,*,#3801,.T.);
#3855 = ORIENTED_EDGE('',*,*,#3856,.T.);
#3856 = EDGE_CURVE('',#3779,#3857,#3859,.T.);
#3857 = VERTEX_POINT('',#3858);
#3858 = CARTESIAN_POINT('',(-0.187822994666,3.279055799576E-02,0.3568001
    ));
#3859 = SURFACE_CURVE('',#3860,(#3864,#3871),.PCURVE_S1.);
#3860 = B_SPLINE_CURVE_WITH_KNOTS('',2,(#3861,#3862,#3863),
  .UNSPECIFIED.,.F.,.F.,(3,3),(0.,1.),.PIECEWISE_BEZIER_KNOTS.);
#3861 = CARTESIAN_POINT('',(-0.173203526743,4.224778442023E-02,0.3568001
    ));
#3862 = CARTESIAN_POINT('',(-0.183445413876,4.224778442023E-02,0.3568001
    ));
#3863 = CARTESIAN_POINT('',(-0.187822994666,3.279055799576E-02,0.3568001
    ));
#3864 = PCURVE('',#3817,#3865);
#3865 = DEFINITIONAL_REPRESENTATION('',(#3866),#3870);
#3866 = LINE('',#3867,#3868);
#3867 = CARTESIAN_POINT('',(0.,-6.8E-03));
#3868 = VECTOR('',#3869,1.);
#3869 = DIRECTION('',(1.,0.));
#3870 = ( GEOMETRIC_REPRESENTATION_CONTEXT(2) 
PARAMETRIC_REPRESENTATION_CONTEXT() REPRESENTATION_CONTEXT('2D SPACE',''
  ) );
#3871 = PCURVE('',#3082,#3872);
#3872 = DEFINITIONAL_REPRESENTATION('',(#3873),#3877);
#3873 = B_SPLINE_CURVE_WITH_KNOTS('',2,(#3874,#3875,#3876),
  .UNSPECIFIED.,.F.,.F.,(3,3),(0.,1.),.PIECEWISE_BEZIER_KNOTS.);
#3874 = CARTESIAN_POINT('',(5.889085101001E-02,0.103823001009));
#3875 = CARTESIAN_POINT('',(4.864896387784E-02,0.103823001009));
#3876 = CARTESIAN_POINT('',(4.427138308747E-02,9.436577458477E-02));
#3877 = ( GEOMETRIC_REPRESENTATION_CONTEXT(2) 
PARAMETRIC_REPRESENTATION_CONTEXT() REPRESENTATION_CONTEXT('2D SPACE',''
  ) );
#3878 = ORIENTED_EDGE('',*,*,#3879,.F.);
#3879 = EDGE_CURVE('',#3880,#3857,#3882,.T.);
#3880 = VERTEX_POINT('',#3881);
#3881 = CARTESIAN_POINT('',(-0.187822994666,3.279055799576E-02,0.3500001
    ));
#3882 = SURFACE_CURVE('',#3883,(#3887,#3894),.PCURVE_S1.);
#3883 = LINE('',#3884,#3885);
#3884 = CARTESIAN_POINT('',(-0.187822994666,3.279055799576E-02,0.3500001
    ));
#3885 = VECTOR('',#3886,1.);
#3886 = DIRECTION('',(0.,0.,1.));
#3887 = PCURVE('',#3817,#3888);
#3888 = DEFINITIONAL_REPRESENTATION('',(#3889),#3893);
#3889 = LINE('',#3890,#3891);
#3890 = CARTESIAN_POINT('',(1.,0.));
#3891 = VECTOR('',#3892,1.);
#3892 = DIRECTION('',(0.,-1.));
#3893 = ( GEOMETRIC_REPRESENTATION_CONTEXT(2) 
PARAMETRIC_REPRESENTATION_CONTEXT() REPRESENTATION_CONTEXT('2D SPACE',''
  ) );
#3894 = PCURVE('',#3895,#3902);
#3895 = SURFACE_OF_LINEAR_EXTRUSION('',#3896,#3900);
#3896 = B_SPLINE_CURVE_WITH_KNOTS('',2,(#3897,#3898,#3899),
  .UNSPECIFIED.,.F.,.F.,(3,3),(0.,1.),.PIECEWISE_BEZIER_KNOTS.);
#3897 = CARTESIAN_POINT('',(-0.187822994666,3.279055799576E-02,0.3500001
    ));
#3898 = CARTESIAN_POINT('',(-0.192200575456,2.333333157129E-02,0.3500001
    ));
#3899 = CARTESIAN_POINT('',(-0.192200575456,2.064896599229E-04,0.3500001
    ));
#3900 = VECTOR('',#3901,1.);
#3901 = DIRECTION('',(-0.,-0.,-1.));
#3902 = DEFINITIONAL_REPRESENTATION('',(#3903),#3907);
#3903 = LINE('',#3904,#3905);
#3904 = CARTESIAN_POINT('',(0.,0.));
#3905 = VECTOR('',#3906,1.);
#3906 = DIRECTION('',(0.,-1.));
#3907 = ( GEOMETRIC_REPRESENTATION_CONTEXT(2) 
PARAMETRIC_REPRESENTATION_CONTEXT() REPRESENTATION_CONTEXT('2D SPACE',''
  ) );
#3908 = ORIENTED_EDGE('',*,*,#3909,.F.);
#3909 = EDGE_CURVE('',#3802,#3880,#3910,.T.);
#3910 = SURFACE_CURVE('',#3911,(#3915,#3922),.PCURVE_S1.);
#3911 = B_SPLINE_CURVE_WITH_KNOTS('',2,(#3912,#3913,#3914),
  .UNSPECIFIED.,.F.,.F.,(3,3),(0.,1.),.PIECEWISE_BEZIER_KNOTS.);
#3912 = CARTESIAN_POINT('',(-0.173203526743,4.224778442023E-02,0.3500001
    ));
#3913 = CARTESIAN_POINT('',(-0.183445413876,4.224778442023E-02,0.3500001
    ));
#3914 = CARTESIAN_POINT('',(-0.187822994666,3.279055799576E-02,0.3500001
    ));
#3915 = PCURVE('',#3817,#3916);
#3916 = DEFINITIONAL_REPRESENTATION('',(#3917),#3921);
#3917 = LINE('',#3918,#3919);
#3918 = CARTESIAN_POINT('',(0.,0.));
#3919 = VECTOR('',#3920,1.);
#3920 = DIRECTION('',(1.,0.));
#3921 = ( GEOMETRIC_REPRESENTATION_CONTEXT(2) 
PARAMETRIC_REPRESENTATION_CONTEXT() REPRESENTATION_CONTEXT('2D SPACE',''
  ) );
#3922 = PCURVE('',#3138,#3923);
#3923 = DEFINITIONAL_REPRESENTATION('',(#3924),#3928);
#3924 = B_SPLINE_CURVE_WITH_KNOTS('',2,(#3925,#3926,#3927),
  .UNSPECIFIED.,.F.,.F.,(3,3),(0.,1.),.PIECEWISE_BEZIER_KNOTS.);
#3925 = CARTESIAN_POINT('',(5.889085101001E-02,0.103823001009));
#3926 = CARTESIAN_POINT('',(4.864896387784E-02,0.103823001009));
#3927 = CARTESIAN_POINT('',(4.427138308747E-02,9.436577458477E-02));
#3928 = ( GEOMETRIC_REPRESENTATION_CONTEXT(2) 
PARAMETRIC_REPRESENTATION_CONTEXT() REPRESENTATION_CONTEXT('2D SPACE',''
  ) );
#3929 = ADVANCED_FACE('',(#3930),#3895,.T.);
#3930 = FACE_BOUND('',#3931,.T.);
#3931 = EDGE_LOOP('',(#3932,#3933,#3956,#3986));
#3932 = ORIENTED_EDGE('',*,*,#3879,.T.);
#3933 = ORIENTED_EDGE('',*,*,#3934,.T.);
#3934 = EDGE_CURVE('',#3857,#3935,#3937,.T.);
#3935 = VERTEX_POINT('',#3936);
#3936 = CARTESIAN_POINT('',(-0.192200575456,2.064896599229E-04,0.3568001
    ));
#3937 = SURFACE_CURVE('',#3938,(#3942,#3949),.PCURVE_S1.);
#3938 = B_SPLINE_CURVE_WITH_KNOTS('',2,(#3939,#3940,#3941),
  .UNSPECIFIED.,.F.,.F.,(3,3),(0.,1.),.PIECEWISE_BEZIER_KNOTS.);
#3939 = CARTESIAN_POINT('',(-0.187822994666,3.279055799576E-02,0.3568001
    ));
#3940 = CARTESIAN_POINT('',(-0.192200575456,2.333333157129E-02,0.3568001
    ));
#3941 = CARTESIAN_POINT('',(-0.192200575456,2.064896599229E-04,0.3568001
    ));
#3942 = PCURVE('',#3895,#3943);
#3943 = DEFINITIONAL_REPRESENTATION('',(#3944),#3948);
#3944 = LINE('',#3945,#3946);
#3945 = CARTESIAN_POINT('',(0.,-6.8E-03));
#3946 = VECTOR('',#3947,1.);
#3947 = DIRECTION('',(1.,0.));
#3948 = ( GEOMETRIC_REPRESENTATION_CONTEXT(2) 
PARAMETRIC_REPRESENTATION_CONTEXT() REPRESENTATION_CONTEXT('2D SPACE',''
  ) );
#3949 = PCURVE('',#3082,#3950);
#3950 = DEFINITIONAL_REPRESENTATION('',(#3951),#3955);
#3951 = B_SPLINE_CURVE_WITH_KNOTS('',2,(#3952,#3953,#3954),
  .UNSPECIFIED.,.F.,.F.,(3,3),(0.,1.),.PIECEWISE_BEZIER_KNOTS.);
#3952 = CARTESIAN_POINT('',(4.427138308747E-02,9.436577458477E-02));
#3953 = CARTESIAN_POINT('',(3.989380229711E-02,8.49085481603E-02));
#3954 = CARTESIAN_POINT('',(3.989380229711E-02,6.178170624893E-02));
#3955 = ( GEOMETRIC_REPRESENTATION_CONTEXT(2) 
PARAMETRIC_REPRESENTATION_CONTEXT() REPRESENTATION_CONTEXT('2D SPACE',''
  ) );
#3956 = ORIENTED_EDGE('',*,*,#3957,.F.);
#3957 = EDGE_CURVE('',#3958,#3935,#3960,.T.);
#3958 = VERTEX_POINT('',#3959);
#3959 = CARTESIAN_POINT('',(-0.192200575456,2.064896599229E-04,0.3500001
    ));
#3960 = SURFACE_CURVE('',#3961,(#3965,#3972),.PCURVE_S1.);
#3961 = LINE('',#3962,#3963);
#3962 = CARTESIAN_POINT('',(-0.192200575456,2.064896599229E-04,0.3500001
    ));
#3963 = VECTOR('',#3964,1.);
#3964 = DIRECTION('',(0.,0.,1.));
#3965 = PCURVE('',#3895,#3966);
#3966 = DEFINITIONAL_REPRESENTATION('',(#3967),#3971);
#3967 = LINE('',#3968,#3969);
#3968 = CARTESIAN_POINT('',(1.,0.));
#3969 = VECTOR('',#3970,1.);
#3970 = DIRECTION('',(0.,-1.));
#3971 = ( GEOMETRIC_REPRESENTATION_CONTEXT(2) 
PARAMETRIC_REPRESENTATION_CONTEXT() REPRESENTATION_CONTEXT('2D SPACE',''
  ) );
#3972 = PCURVE('',#3973,#3980);
#3973 = SURFACE_OF_LINEAR_EXTRUSION('',#3974,#3978);
#3974 = B_SPLINE_CURVE_WITH_KNOTS('',2,(#3975,#3976,#3977),
  .UNSPECIFIED.,.F.,.F.,(3,3),(0.,1.),.PIECEWISE_BEZIER_KNOTS.);
#3975 = CARTESIAN_POINT('',(-0.192200575456,2.064896599229E-04,0.3500001
    ));
#3976 = CARTESIAN_POINT('',(-0.192200575456,-2.316813984335E-02,
    0.3500001));
#3977 = CARTESIAN_POINT('',(-0.187822994666,-3.274926006377E-02,
    0.3500001));
#3978 = VECTOR('',#3979,1.);
#3979 = DIRECTION('',(-0.,-0.,-1.));
#3980 = DEFINITIONAL_REPRESENTATION('',(#3981),#3985);
#3981 = LINE('',#3982,#3983);
#3982 = CARTESIAN_POINT('',(0.,0.));
#3983 = VECTOR('',#3984,1.);
#3984 = DIRECTION('',(0.,-1.));
#3985 = ( GEOMETRIC_REPRESENTATION_CONTEXT(2) 
PARAMETRIC_REPRESENTATION_CONTEXT() REPRESENTATION_CONTEXT('2D SPACE',''
  ) );
#3986 = ORIENTED_EDGE('',*,*,#3987,.F.);
#3987 = EDGE_CURVE('',#3880,#3958,#3988,.T.);
#3988 = SURFACE_CURVE('',#3989,(#3993,#4000),.PCURVE_S1.);
#3989 = B_SPLINE_CURVE_WITH_KNOTS('',2,(#3990,#3991,#3992),
  .UNSPECIFIED.,.F.,.F.,(3,3),(0.,1.),.PIECEWISE_BEZIER_KNOTS.);
#3990 = CARTESIAN_POINT('',(-0.187822994666,3.279055799576E-02,0.3500001
    ));
#3991 = CARTESIAN_POINT('',(-0.192200575456,2.333333157129E-02,0.3500001
    ));
#3992 = CARTESIAN_POINT('',(-0.192200575456,2.064896599229E-04,0.3500001
    ));
#3993 = PCURVE('',#3895,#3994);
#3994 = DEFINITIONAL_REPRESENTATION('',(#3995),#3999);
#3995 = LINE('',#3996,#3997);
#3996 = CARTESIAN_POINT('',(0.,0.));
#3997 = VECTOR('',#3998,1.);
#3998 = DIRECTION('',(1.,0.));
#3999 = ( GEOMETRIC_REPRESENTATION_CONTEXT(2) 
PARAMETRIC_REPRESENTATION_CONTEXT() REPRESENTATION_CONTEXT('2D SPACE',''
  ) );
#4000 = PCURVE('',#3138,#4001);
#4001 = DEFINITIONAL_REPRESENTATION('',(#4002),#4006);
#4002 = B_SPLINE_CURVE_WITH_KNOTS('',2,(#4003,#4004,#4005),
  .UNSPECIFIED.,.F.,.F.,(3,3),(0.,1.),.PIECEWISE_BEZIER_KNOTS.);
#4003 = CARTESIAN_POINT('',(4.427138308747E-02,9.436577458477E-02));
#4004 = CARTESIAN_POINT('',(3.989380229711E-02,8.49085481603E-02));
#4005 = CARTESIAN_POINT('',(3.989380229711E-02,6.178170624893E-02));
#4006 = ( GEOMETRIC_REPRESENTATION_CONTEXT(2) 
PARAMETRIC_REPRESENTATION_CONTEXT() REPRESENTATION_CONTEXT('2D SPACE',''
  ) );
#4007 = ADVANCED_FACE('',(#4008),#3973,.T.);
#4008 = FACE_BOUND('',#4009,.T.);
#4009 = EDGE_LOOP('',(#4010,#4011,#4034,#4064));
#4010 = ORIENTED_EDGE('',*,*,#3957,.T.);
#4011 = ORIENTED_EDGE('',*,*,#4012,.T.);
#4012 = EDGE_CURVE('',#3935,#4013,#4015,.T.);
#4013 = VERTEX_POINT('',#4014);
#4014 = CARTESIAN_POINT('',(-0.187822994666,-3.274926006377E-02,
    0.3568001));
#4015 = SURFACE_CURVE('',#4016,(#4020,#4027),.PCURVE_S1.);
#4016 = B_SPLINE_CURVE_WITH_KNOTS('',2,(#4017,#4018,#4019),
  .UNSPECIFIED.,.F.,.F.,(3,3),(0.,1.),.PIECEWISE_BEZIER_KNOTS.);
#4017 = CARTESIAN_POINT('',(-0.192200575456,2.064896599229E-04,0.3568001
    ));
#4018 = CARTESIAN_POINT('',(-0.192200575456,-2.316813984335E-02,
    0.3568001));
#4019 = CARTESIAN_POINT('',(-0.187822994666,-3.274926006377E-02,
    0.3568001));
#4020 = PCURVE('',#3973,#4021);
#4021 = DEFINITIONAL_REPRESENTATION('',(#4022),#4026);
#4022 = LINE('',#4023,#4024);
#4023 = CARTESIAN_POINT('',(0.,-6.8E-03));
#4024 = VECTOR('',#4025,1.);
#4025 = DIRECTION('',(1.,0.));
#4026 = ( GEOMETRIC_REPRESENTATION_CONTEXT(2) 
PARAMETRIC_REPRESENTATION_CONTEXT() REPRESENTATION_CONTEXT('2D SPACE',''
  ) );
#4027 = PCURVE('',#3082,#4028);
#4028 = DEFINITIONAL_REPRESENTATION('',(#4029),#4033);
#4029 = B_SPLINE_CURVE_WITH_KNOTS('',2,(#4030,#4031,#4032),
  .UNSPECIFIED.,.F.,.F.,(3,3),(0.,1.),.PIECEWISE_BEZIER_KNOTS.);
#4030 = CARTESIAN_POINT('',(3.989380229711E-02,6.178170624893E-02));
#4031 = CARTESIAN_POINT('',(3.989380229711E-02,3.840707674566E-02));
#4032 = CARTESIAN_POINT('',(4.427138308747E-02,2.882595652524E-02));
#4033 = ( GEOMETRIC_REPRESENTATION_CONTEXT(2) 
PARAMETRIC_REPRESENTATION_CONTEXT() REPRESENTATION_CONTEXT('2D SPACE',''
  ) );
#4034 = ORIENTED_EDGE('',*,*,#4035,.F.);
#4035 = EDGE_CURVE('',#4036,#4013,#4038,.T.);
#4036 = VERTEX_POINT('',#4037);
#4037 = CARTESIAN_POINT('',(-0.187822994666,-3.274926006377E-02,
    0.3500001));
#4038 = SURFACE_CURVE('',#4039,(#4043,#4050),.PCURVE_S1.);
#4039 = LINE('',#4040,#4041);
#4040 = CARTESIAN_POINT('',(-0.187822994666,-3.274926006377E-02,
    0.3500001));
#4041 = VECTOR('',#4042,1.);
#4042 = DIRECTION('',(0.,0.,1.));
#4043 = PCURVE('',#3973,#4044);
#4044 = DEFINITIONAL_REPRESENTATION('',(#4045),#4049);
#4045 = LINE('',#4046,#4047);
#4046 = CARTESIAN_POINT('',(1.,0.));
#4047 = VECTOR('',#4048,1.);
#4048 = DIRECTION('',(0.,-1.));
#4049 = ( GEOMETRIC_REPRESENTATION_CONTEXT(2) 
PARAMETRIC_REPRESENTATION_CONTEXT() REPRESENTATION_CONTEXT('2D SPACE',''
  ) );
#4050 = PCURVE('',#4051,#4058);
#4051 = SURFACE_OF_LINEAR_EXTRUSION('',#4052,#4056);
#4052 = B_SPLINE_CURVE_WITH_KNOTS('',2,(#4053,#4054,#4055),
  .UNSPECIFIED.,.F.,.F.,(3,3),(0.,1.),.PIECEWISE_BEZIER_KNOTS.);
#4053 = CARTESIAN_POINT('',(-0.187822994666,-3.274926006377E-02,
    0.3500001));
#4054 = CARTESIAN_POINT('',(-0.183445413876,-4.23303802842E-02,0.3500001
    ));
#4055 = CARTESIAN_POINT('',(-0.173203526743,-4.23303802842E-02,0.3500001
    ));
#4056 = VECTOR('',#4057,1.);
#4057 = DIRECTION('',(-0.,-0.,-1.));
#4058 = DEFINITIONAL_REPRESENTATION('',(#4059),#4063);
#4059 = LINE('',#4060,#4061);
#4060 = CARTESIAN_POINT('',(0.,0.));
#4061 = VECTOR('',#4062,1.);
#4062 = DIRECTION('',(0.,-1.));
#4063 = ( GEOMETRIC_REPRESENTATION_CONTEXT(2) 
PARAMETRIC_REPRESENTATION_CONTEXT() REPRESENTATION_CONTEXT('2D SPACE',''
  ) );
#4064 = ORIENTED_EDGE('',*,*,#4065,.F.);
#4065 = EDGE_CURVE('',#3958,#4036,#4066,.T.);
#4066 = SURFACE_CURVE('',#4067,(#4071,#4078),.PCURVE_S1.);
#4067 = B_SPLINE_CURVE_WITH_KNOTS('',2,(#4068,#4069,#4070),
  .UNSPECIFIED.,.F.,.F.,(3,3),(0.,1.),.PIECEWISE_BEZIER_KNOTS.);
#4068 = CARTESIAN_POINT('',(-0.192200575456,2.064896599229E-04,0.3500001
    ));
#4069 = CARTESIAN_POINT('',(-0.192200575456,-2.316813984335E-02,
    0.3500001));
#4070 = CARTESIAN_POINT('',(-0.187822994666,-3.274926006377E-02,
    0.3500001));
#4071 = PCURVE('',#3973,#4072);
#4072 = DEFINITIONAL_REPRESENTATION('',(#4073),#4077);
#4073 = LINE('',#4074,#4075);
#4074 = CARTESIAN_POINT('',(0.,0.));
#4075 = VECTOR('',#4076,1.);
#4076 = DIRECTION('',(1.,0.));
#4077 = ( GEOMETRIC_REPRESENTATION_CONTEXT(2) 
PARAMETRIC_REPRESENTATION_CONTEXT() REPRESENTATION_CONTEXT('2D SPACE',''
  ) );
#4078 = PCURVE('',#3138,#4079);
#4079 = DEFINITIONAL_REPRESENTATION('',(#4080),#4084);
#4080 = B_SPLINE_CURVE_WITH_KNOTS('',2,(#4081,#4082,#4083),
  .UNSPECIFIED.,.F.,.F.,(3,3),(0.,1.),.PIECEWISE_BEZIER_KNOTS.);
#4081 = CARTESIAN_POINT('',(3.989380229711E-02,6.178170624893E-02));
#4082 = CARTESIAN_POINT('',(3.989380229711E-02,3.840707674566E-02));
#4083 = CARTESIAN_POINT('',(4.427138308747E-02,2.882595652524E-02));
#4084 = ( GEOMETRIC_REPRESENTATION_CONTEXT(2) 
PARAMETRIC_REPRESENTATION_CONTEXT() REPRESENTATION_CONTEXT('2D SPACE',''
  ) );
#4085 = ADVANCED_FACE('',(#4086),#4051,.T.);
#4086 = FACE_BOUND('',#4087,.T.);
#4087 = EDGE_LOOP('',(#4088,#4089,#4112,#4142));
#4088 = ORIENTED_EDGE('',*,*,#4035,.T.);
#4089 = ORIENTED_EDGE('',*,*,#4090,.T.);
#4090 = EDGE_CURVE('',#4013,#4091,#4093,.T.);
#4091 = VERTEX_POINT('',#4092);
#4092 = CARTESIAN_POINT('',(-0.173203526743,-4.23303802842E-02,0.3568001
    ));
#4093 = SURFACE_CURVE('',#4094,(#4098,#4105),.PCURVE_S1.);
#4094 = B_SPLINE_CURVE_WITH_KNOTS('',2,(#4095,#4096,#4097),
  .UNSPECIFIED.,.F.,.F.,(3,3),(0.,1.),.PIECEWISE_BEZIER_KNOTS.);
#4095 = CARTESIAN_POINT('',(-0.187822994666,-3.274926006377E-02,
    0.3568001));
#4096 = CARTESIAN_POINT('',(-0.183445413876,-4.23303802842E-02,0.3568001
    ));
#4097 = CARTESIAN_POINT('',(-0.173203526743,-4.23303802842E-02,0.3568001
    ));
#4098 = PCURVE('',#4051,#4099);
#4099 = DEFINITIONAL_REPRESENTATION('',(#4100),#4104);
#4100 = LINE('',#4101,#4102);
#4101 = CARTESIAN_POINT('',(0.,-6.8E-03));
#4102 = VECTOR('',#4103,1.);
#4103 = DIRECTION('',(1.,0.));
#4104 = ( GEOMETRIC_REPRESENTATION_CONTEXT(2) 
PARAMETRIC_REPRESENTATION_CONTEXT() REPRESENTATION_CONTEXT('2D SPACE',''
  ) );
#4105 = PCURVE('',#3082,#4106);
#4106 = DEFINITIONAL_REPRESENTATION('',(#4107),#4111);
#4107 = B_SPLINE_CURVE_WITH_KNOTS('',2,(#4108,#4109,#4110),
  .UNSPECIFIED.,.F.,.F.,(3,3),(0.,1.),.PIECEWISE_BEZIER_KNOTS.);
#4108 = CARTESIAN_POINT('',(4.427138308747E-02,2.882595652524E-02));
#4109 = CARTESIAN_POINT('',(4.864896387784E-02,1.924483630481E-02));
#4110 = CARTESIAN_POINT('',(5.889085101001E-02,1.924483630481E-02));
#4111 = ( GEOMETRIC_REPRESENTATION_CONTEXT(2) 
PARAMETRIC_REPRESENTATION_CONTEXT() REPRESENTATION_CONTEXT('2D SPACE',''
  ) );
#4112 = ORIENTED_EDGE('',*,*,#4113,.F.);
#4113 = EDGE_CURVE('',#4114,#4091,#4116,.T.);
#4114 = VERTEX_POINT('',#4115);
#4115 = CARTESIAN_POINT('',(-0.173203526743,-4.23303802842E-02,0.3500001
    ));
#4116 = SURFACE_CURVE('',#4117,(#4121,#4128),.PCURVE_S1.);
#4117 = LINE('',#4118,#4119);
#4118 = CARTESIAN_POINT('',(-0.173203526743,-4.23303802842E-02,0.3500001
    ));
#4119 = VECTOR('',#4120,1.);
#4120 = DIRECTION('',(0.,0.,1.));
#4121 = PCURVE('',#4051,#4122);
#4122 = DEFINITIONAL_REPRESENTATION('',(#4123),#4127);
#4123 = LINE('',#4124,#4125);
#4124 = CARTESIAN_POINT('',(1.,0.));
#4125 = VECTOR('',#4126,1.);
#4126 = DIRECTION('',(0.,-1.));
#4127 = ( GEOMETRIC_REPRESENTATION_CONTEXT(2) 
PARAMETRIC_REPRESENTATION_CONTEXT() REPRESENTATION_CONTEXT('2D SPACE',''
  ) );
#4128 = PCURVE('',#4129,#4136);
#4129 = SURFACE_OF_LINEAR_EXTRUSION('',#4130,#4134);
#4130 = B_SPLINE_CURVE_WITH_KNOTS('',2,(#4131,#4132,#4133),
  .UNSPECIFIED.,.F.,.F.,(3,3),(0.,1.),.PIECEWISE_BEZIER_KNOTS.);
#4131 = CARTESIAN_POINT('',(-0.173203526743,-4.23303802842E-02,0.3500001
    ));
#4132 = CARTESIAN_POINT('',(-0.163044235475,-4.23303802842E-02,0.3500001
    ));
#4133 = CARTESIAN_POINT('',(-0.158666654685,-3.274926006377E-02,
    0.3500001));
#4134 = VECTOR('',#4135,1.);
#4135 = DIRECTION('',(-0.,-0.,-1.));
#4136 = DEFINITIONAL_REPRESENTATION('',(#4137),#4141);
#4137 = LINE('',#4138,#4139);
#4138 = CARTESIAN_POINT('',(0.,0.));
#4139 = VECTOR('',#4140,1.);
#4140 = DIRECTION('',(0.,-1.));
#4141 = ( GEOMETRIC_REPRESENTATION_CONTEXT(2) 
PARAMETRIC_REPRESENTATION_CONTEXT() REPRESENTATION_CONTEXT('2D SPACE',''
  ) );
#4142 = ORIENTED_EDGE('',*,*,#4143,.F.);
#4143 = EDGE_CURVE('',#4036,#4114,#4144,.T.);
#4144 = SURFACE_CURVE('',#4145,(#4149,#4156),.PCURVE_S1.);
#4145 = B_SPLINE_CURVE_WITH_KNOTS('',2,(#4146,#4147,#4148),
  .UNSPECIFIED.,.F.,.F.,(3,3),(0.,1.),.PIECEWISE_BEZIER_KNOTS.);
#4146 = CARTESIAN_POINT('',(-0.187822994666,-3.274926006377E-02,
    0.3500001));
#4147 = CARTESIAN_POINT('',(-0.183445413876,-4.23303802842E-02,0.3500001
    ));
#4148 = CARTESIAN_POINT('',(-0.173203526743,-4.23303802842E-02,0.3500001
    ));
#4149 = PCURVE('',#4051,#4150);
#4150 = DEFINITIONAL_REPRESENTATION('',(#4151),#4155);
#4151 = LINE('',#4152,#4153);
#4152 = CARTESIAN_POINT('',(0.,0.));
#4153 = VECTOR('',#4154,1.);
#4154 = DIRECTION('',(1.,0.));
#4155 = ( GEOMETRIC_REPRESENTATION_CONTEXT(2) 
PARAMETRIC_REPRESENTATION_CONTEXT() REPRESENTATION_CONTEXT('2D SPACE',''
  ) );
#4156 = PCURVE('',#3138,#4157);
#4157 = DEFINITIONAL_REPRESENTATION('',(#4158),#4162);
#4158 = B_SPLINE_CURVE_WITH_KNOTS('',2,(#4159,#4160,#4161),
  .UNSPECIFIED.,.F.,.F.,(3,3),(0.,1.),.PIECEWISE_BEZIER_KNOTS.);
#4159 = CARTESIAN_POINT('',(4.427138308747E-02,2.882595652524E-02));
#4160 = CARTESIAN_POINT('',(4.864896387784E-02,1.924483630481E-02));
#4161 = CARTESIAN_POINT('',(5.889085101001E-02,1.924483630481E-02));
#4162 = ( GEOMETRIC_REPRESENTATION_CONTEXT(2) 
PARAMETRIC_REPRESENTATION_CONTEXT() REPRESENTATION_CONTEXT('2D SPACE',''
  ) );
#4163 = ADVANCED_FACE('',(#4164),#4129,.T.);
#4164 = FACE_BOUND('',#4165,.T.);
#4165 = EDGE_LOOP('',(#4166,#4167,#4190,#4213));
#4166 = ORIENTED_EDGE('',*,*,#4113,.T.);
#4167 = ORIENTED_EDGE('',*,*,#4168,.T.);
#4168 = EDGE_CURVE('',#4091,#4169,#4171,.T.);
#4169 = VERTEX_POINT('',#4170);
#4170 = CARTESIAN_POINT('',(-0.158666654685,-3.274926006377E-02,
    0.3568001));
#4171 = SURFACE_CURVE('',#4172,(#4176,#4183),.PCURVE_S1.);
#4172 = B_SPLINE_CURVE_WITH_KNOTS('',2,(#4173,#4174,#4175),
  .UNSPECIFIED.,.F.,.F.,(3,3),(0.,1.),.PIECEWISE_BEZIER_KNOTS.);
#4173 = CARTESIAN_POINT('',(-0.173203526743,-4.23303802842E-02,0.3568001
    ));
#4174 = CARTESIAN_POINT('',(-0.163044235475,-4.23303802842E-02,0.3568001
    ));
#4175 = CARTESIAN_POINT('',(-0.158666654685,-3.274926006377E-02,
    0.3568001));
#4176 = PCURVE('',#4129,#4177);
#4177 = DEFINITIONAL_REPRESENTATION('',(#4178),#4182);
#4178 = LINE('',#4179,#4180);
#4179 = CARTESIAN_POINT('',(0.,-6.8E-03));
#4180 = VECTOR('',#4181,1.);
#4181 = DIRECTION('',(1.,0.));
#4182 = ( GEOMETRIC_REPRESENTATION_CONTEXT(2) 
PARAMETRIC_REPRESENTATION_CONTEXT() REPRESENTATION_CONTEXT('2D SPACE',''
  ) );
#4183 = PCURVE('',#3082,#4184);
#4184 = DEFINITIONAL_REPRESENTATION('',(#4185),#4189);
#4185 = B_SPLINE_CURVE_WITH_KNOTS('',2,(#4186,#4187,#4188),
  .UNSPECIFIED.,.F.,.F.,(3,3),(0.,1.),.PIECEWISE_BEZIER_KNOTS.);
#4186 = CARTESIAN_POINT('',(5.889085101001E-02,1.924483630481E-02));
#4187 = CARTESIAN_POINT('',(6.905014227822E-02,1.924483630481E-02));
#4188 = CARTESIAN_POINT('',(7.342772306858E-02,2.882595652524E-02));
#4189 = ( GEOMETRIC_REPRESENTATION_CONTEXT(2) 
PARAMETRIC_REPRESENTATION_CONTEXT() REPRESENTATION_CONTEXT('2D SPACE',''
  ) );
#4190 = ORIENTED_EDGE('',*,*,#4191,.F.);
#4191 = EDGE_CURVE('',#4192,#4169,#4194,.T.);
#4192 = VERTEX_POINT('',#4193);
#4193 = CARTESIAN_POINT('',(-0.158666654685,-3.274926006377E-02,
    0.3500001));
#4194 = SURFACE_CURVE('',#4195,(#4199,#4206),.PCURVE_S1.);
#4195 = LINE('',#4196,#4197);
#4196 = CARTESIAN_POINT('',(-0.158666654685,-3.274926006377E-02,
    0.3500001));
#4197 = VECTOR('',#4198,1.);
#4198 = DIRECTION('',(0.,0.,1.));
#4199 = PCURVE('',#4129,#4200);
#4200 = DEFINITIONAL_REPRESENTATION('',(#4201),#4205);
#4201 = LINE('',#4202,#4203);
#4202 = CARTESIAN_POINT('',(1.,0.));
#4203 = VECTOR('',#4204,1.);
#4204 = DIRECTION('',(0.,-1.));
#4205 = ( GEOMETRIC_REPRESENTATION_CONTEXT(2) 
PARAMETRIC_REPRESENTATION_CONTEXT() REPRESENTATION_CONTEXT('2D SPACE',''
  ) );
#4206 = PCURVE('',#3686,#4207);
#4207 = DEFINITIONAL_REPRESENTATION('',(#4208),#4212);
#4208 = LINE('',#4209,#4210);
#4209 = CARTESIAN_POINT('',(0.,0.));
#4210 = VECTOR('',#4211,1.);
#4211 = DIRECTION('',(0.,-1.));
#4212 = ( GEOMETRIC_REPRESENTATION_CONTEXT(2) 
PARAMETRIC_REPRESENTATION_CONTEXT() REPRESENTATION_CONTEXT('2D SPACE',''
  ) );
#4213 = ORIENTED_EDGE('',*,*,#4214,.F.);
#4214 = EDGE_CURVE('',#4114,#4192,#4215,.T.);
#4215 = SURFACE_CURVE('',#4216,(#4220,#4227),.PCURVE_S1.);
#4216 = B_SPLINE_CURVE_WITH_KNOTS('',2,(#4217,#4218,#4219),
  .UNSPECIFIED.,.F.,.F.,(3,3),(0.,1.),.PIECEWISE_BEZIER_KNOTS.);
#4217 = CARTESIAN_POINT('',(-0.173203526743,-4.23303802842E-02,0.3500001
    ));
#4218 = CARTESIAN_POINT('',(-0.163044235475,-4.23303802842E-02,0.3500001
    ));
#4219 = CARTESIAN_POINT('',(-0.158666654685,-3.274926006377E-02,
    0.3500001));
#4220 = PCURVE('',#4129,#4221);
#4221 = DEFINITIONAL_REPRESENTATION('',(#4222),#4226);
#4222 = LINE('',#4223,#4224);
#4223 = CARTESIAN_POINT('',(0.,0.));
#4224 = VECTOR('',#4225,1.);
#4225 = DIRECTION('',(1.,0.));
#4226 = ( GEOMETRIC_REPRESENTATION_CONTEXT(2) 
PARAMETRIC_REPRESENTATION_CONTEXT() REPRESENTATION_CONTEXT('2D SPACE',''
  ) );
#4227 = PCURVE('',#3138,#4228);
#4228 = DEFINITIONAL_REPRESENTATION('',(#4229),#4233);
#4229 = B_SPLINE_CURVE_WITH_KNOTS('',2,(#4230,#4231,#4232),
  .UNSPECIFIED.,.F.,.F.,(3,3),(0.,1.),.PIECEWISE_BEZIER_KNOTS.);
#4230 = CARTESIAN_POINT('',(5.889085101001E-02,1.924483630481E-02));
#4231 = CARTESIAN_POINT('',(6.905014227822E-02,1.924483630481E-02));
#4232 = CARTESIAN_POINT('',(7.342772306858E-02,2.882595652524E-02));
#4233 = ( GEOMETRIC_REPRESENTATION_CONTEXT(2) 
PARAMETRIC_REPRESENTATION_CONTEXT() REPRESENTATION_CONTEXT('2D SPACE',''
  ) );
#4234 = ADVANCED_FACE('',(#4235),#3686,.T.);
#4235 = FACE_BOUND('',#4236,.T.);
#4236 = EDGE_LOOP('',(#4237,#4238,#4259,#4260));
#4237 = ORIENTED_EDGE('',*,*,#4191,.T.);
#4238 = ORIENTED_EDGE('',*,*,#4239,.T.);
#4239 = EDGE_CURVE('',#4169,#3664,#4240,.T.);
#4240 = SURFACE_CURVE('',#4241,(#4245,#4252),.PCURVE_S1.);
#4241 = B_SPLINE_CURVE_WITH_KNOTS('',2,(#4242,#4243,#4244),
  .UNSPECIFIED.,.F.,.F.,(3,3),(0.,1.),.PIECEWISE_BEZIER_KNOTS.);
#4242 = CARTESIAN_POINT('',(-0.158666654685,-3.274926006377E-02,
    0.3568001));
#4243 = CARTESIAN_POINT('',(-0.154289073894,-2.316813984335E-02,
    0.3568001));
#4244 = CARTESIAN_POINT('',(-0.154289073894,2.064896599229E-04,0.3568001
    ));
#4245 = PCURVE('',#3686,#4246);
#4246 = DEFINITIONAL_REPRESENTATION('',(#4247),#4251);
#4247 = LINE('',#4248,#4249);
#4248 = CARTESIAN_POINT('',(0.,-6.8E-03));
#4249 = VECTOR('',#4250,1.);
#4250 = DIRECTION('',(1.,0.));
#4251 = ( GEOMETRIC_REPRESENTATION_CONTEXT(2) 
PARAMETRIC_REPRESENTATION_CONTEXT() REPRESENTATION_CONTEXT('2D SPACE',''
  ) );
#4252 = PCURVE('',#3082,#4253);
#4253 = DEFINITIONAL_REPRESENTATION('',(#4254),#4258);
#4254 = B_SPLINE_CURVE_WITH_KNOTS('',2,(#4255,#4256,#4257),
  .UNSPECIFIED.,.F.,.F.,(3,3),(0.,1.),.PIECEWISE_BEZIER_KNOTS.);
#4255 = CARTESIAN_POINT('',(7.342772306858E-02,2.882595652524E-02));
#4256 = CARTESIAN_POINT('',(7.780530385895E-02,3.840707674566E-02));
#4257 = CARTESIAN_POINT('',(7.780530385895E-02,6.178170624893E-02));
#4258 = ( GEOMETRIC_REPRESENTATION_CONTEXT(2) 
PARAMETRIC_REPRESENTATION_CONTEXT() REPRESENTATION_CONTEXT('2D SPACE',''
  ) );
#4259 = ORIENTED_EDGE('',*,*,#3661,.F.);
#4260 = ORIENTED_EDGE('',*,*,#4261,.F.);
#4261 = EDGE_CURVE('',#4192,#3662,#4262,.T.);
#4262 = SURFACE_CURVE('',#4263,(#4267,#4274),.PCURVE_S1.);
#4263 = B_SPLINE_CURVE_WITH_KNOTS('',2,(#4264,#4265,#4266),
  .UNSPECIFIED.,.F.,.F.,(3,3),(0.,1.),.PIECEWISE_BEZIER_KNOTS.);
#4264 = CARTESIAN_POINT('',(-0.158666654685,-3.274926006377E-02,
    0.3500001));
#4265 = CARTESIAN_POINT('',(-0.154289073894,-2.316813984335E-02,
    0.3500001));
#4266 = CARTESIAN_POINT('',(-0.154289073894,2.064896599229E-04,0.3500001
    ));
#4267 = PCURVE('',#3686,#4268);
#4268 = DEFINITIONAL_REPRESENTATION('',(#4269),#4273);
#4269 = LINE('',#4270,#4271);
#4270 = CARTESIAN_POINT('',(0.,0.));
#4271 = VECTOR('',#4272,1.);
#4272 = DIRECTION('',(1.,0.));
#4273 = ( GEOMETRIC_REPRESENTATION_CONTEXT(2) 
PARAMETRIC_REPRESENTATION_CONTEXT() REPRESENTATION_CONTEXT('2D SPACE',''
  ) );
#4274 = PCURVE('',#3138,#4275);
#4275 = DEFINITIONAL_REPRESENTATION('',(#4276),#4280);
#4276 = B_SPLINE_CURVE_WITH_KNOTS('',2,(#4277,#4278,#4279),
  .UNSPECIFIED.,.F.,.F.,(3,3),(0.,1.),.PIECEWISE_BEZIER_KNOTS.);
#4277 = CARTESIAN_POINT('',(7.342772306858E-02,2.882595652524E-02));
#4278 = CARTESIAN_POINT('',(7.780530385895E-02,3.840707674566E-02));
#4279 = CARTESIAN_POINT('',(7.780530385895E-02,6.178170624893E-02));
#4280 = ( GEOMETRIC_REPRESENTATION_CONTEXT(2) 
PARAMETRIC_REPRESENTATION_CONTEXT() REPRESENTATION_CONTEXT('2D SPACE',''
  ) );
#4281 = ADVANCED_FACE('',(#4282,#4292),#3138,.F.);
#4282 = FACE_BOUND('',#4283,.T.);
#4283 = EDGE_LOOP('',(#4284,#4285,#4286,#4287,#4288,#4289,#4290,#4291));
#4284 = ORIENTED_EDGE('',*,*,#3124,.T.);
#4285 = ORIENTED_EDGE('',*,*,#3207,.T.);
#4286 = ORIENTED_EDGE('',*,*,#3285,.T.);
#4287 = ORIENTED_EDGE('',*,*,#3363,.T.);
#4288 = ORIENTED_EDGE('',*,*,#3441,.T.);
#4289 = ORIENTED_EDGE('',*,*,#3519,.T.);
#4290 = ORIENTED_EDGE('',*,*,#3590,.T.);
#4291 = ORIENTED_EDGE('',*,*,#3637,.T.);
#4292 = FACE_BOUND('',#4293,.T.);
#4293 = EDGE_LOOP('',(#4294,#4295,#4296,#4297,#4298,#4299,#4300,#4301));
#4294 = ORIENTED_EDGE('',*,*,#3753,.T.);
#4295 = ORIENTED_EDGE('',*,*,#3831,.T.);
#4296 = ORIENTED_EDGE('',*,*,#3909,.T.);
#4297 = ORIENTED_EDGE('',*,*,#3987,.T.);
#4298 = ORIENTED_EDGE('',*,*,#4065,.T.);
#4299 = ORIENTED_EDGE('',*,*,#4143,.T.);
#4300 = ORIENTED_EDGE('',*,*,#4214,.T.);
#4301 = ORIENTED_EDGE('',*,*,#4261,.T.);
#4302 = ADVANCED_FACE('',(#4303,#4313),#3082,.T.);
#4303 = FACE_BOUND('',#4304,.F.);
#4304 = EDGE_LOOP('',(#4305,#4306,#4307,#4308,#4309,#4310,#4311,#4312));
#4305 = ORIENTED_EDGE('',*,*,#3066,.T.);
#4306 = ORIENTED_EDGE('',*,*,#3154,.T.);
#4307 = ORIENTED_EDGE('',*,*,#3232,.T.);
#4308 = ORIENTED_EDGE('',*,*,#3310,.T.);
#4309 = ORIENTED_EDGE('',*,*,#3388,.T.);
#4310 = ORIENTED_EDGE('',*,*,#3466,.T.);
#4311 = ORIENTED_EDGE('',*,*,#3544,.T.);
#4312 = ORIENTED_EDGE('',*,*,#3615,.T.);
#4313 = FACE_BOUND('',#4314,.F.);
#4314 = EDGE_LOOP('',(#4315,#4316,#4317,#4318,#4319,#4320,#4321,#4322));
#4315 = ORIENTED_EDGE('',*,*,#3700,.T.);
#4316 = ORIENTED_EDGE('',*,*,#3778,.T.);
#4317 = ORIENTED_EDGE('',*,*,#3856,.T.);
#4318 = ORIENTED_EDGE('',*,*,#3934,.T.);
#4319 = ORIENTED_EDGE('',*,*,#4012,.T.);
#4320 = ORIENTED_EDGE('',*,*,#4090,.T.);
#4321 = ORIENTED_EDGE('',*,*,#4168,.T.);
#4322 = ORIENTED_EDGE('',*,*,#4239,.T.);
#4323 = MANIFOLD_SOLID_BREP('',#4324);
#4324 = CLOSED_SHELL('',(#4325,#4445,#4521,#4597,#4673,#4749,#4825,#4901
    ,#4977,#5053,#5124,#5171,#5281,#5352,#5399,#5418));
#4325 = ADVANCED_FACE('',(#4326),#4340,.T.);
#4326 = FACE_BOUND('',#4327,.T.);
#4327 = EDGE_LOOP('',(#4328,#4363,#4391,#4419));
#4328 = ORIENTED_EDGE('',*,*,#4329,.T.);
#4329 = EDGE_CURVE('',#4330,#4332,#4334,.T.);
#4330 = VERTEX_POINT('',#4331);
#4331 = CARTESIAN_POINT('',(-0.106796452112,-1.185250647957E-02,
    0.3500001));
#4332 = VERTEX_POINT('',#4333);
#4333 = CARTESIAN_POINT('',(-0.106796452112,-1.185250647957E-02,
    0.3568001));
#4334 = SURFACE_CURVE('',#4335,(#4339,#4351),.PCURVE_S1.);
#4335 = LINE('',#4336,#4337);
#4336 = CARTESIAN_POINT('',(-0.106796452112,-1.185250647957E-02,
    0.3500001));
#4337 = VECTOR('',#4338,1.);
#4338 = DIRECTION('',(0.,0.,1.));
#4339 = PCURVE('',#4340,#4345);
#4340 = PLANE('',#4341);
#4341 = AXIS2_PLACEMENT_3D('',#4342,#4343,#4344);
#4342 = CARTESIAN_POINT('',(-0.106796452112,-1.185250647957E-02,
    0.3500001));
#4343 = DIRECTION('',(-0.830325855404,0.557278183537,0.));
#4344 = DIRECTION('',(0.557278183537,0.830325855404,0.));
#4345 = DEFINITIONAL_REPRESENTATION('',(#4346),#4350);
#4346 = LINE('',#4347,#4348);
#4347 = CARTESIAN_POINT('',(0.,0.));
#4348 = VECTOR('',#4349,1.);
#4349 = DIRECTION('',(0.,-1.));
#4350 = ( GEOMETRIC_REPRESENTATION_CONTEXT(2) 
PARAMETRIC_REPRESENTATION_CONTEXT() REPRESENTATION_CONTEXT('2D SPACE',''
  ) );
#4351 = PCURVE('',#4352,#4357);
#4352 = PLANE('',#4353);
#4353 = AXIS2_PLACEMENT_3D('',#4354,#4355,#4356);
#4354 = CARTESIAN_POINT('',(-0.106796452112,-3.91091415894E-02,0.3500001
    ));
#4355 = DIRECTION('',(-1.,0.,0.));
#4356 = DIRECTION('',(0.,1.,0.));
#4357 = DEFINITIONAL_REPRESENTATION('',(#4358),#4362);
#4358 = LINE('',#4359,#4360);
#4359 = CARTESIAN_POINT('',(2.725663510982E-02,0.));
#4360 = VECTOR('',#4361,1.);
#4361 = DIRECTION('',(0.,-1.));
#4362 = ( GEOMETRIC_REPRESENTATION_CONTEXT(2) 
PARAMETRIC_REPRESENTATION_CONTEXT() REPRESENTATION_CONTEXT('2D SPACE',''
  ) );
#4363 = ORIENTED_EDGE('',*,*,#4364,.T.);
#4364 = EDGE_CURVE('',#4332,#4365,#4367,.T.);
#4365 = VERTEX_POINT('',#4366);
#4366 = CARTESIAN_POINT('',(-5.740412545857E-02,6.174040831695E-02,
    0.3568001));
#4367 = SURFACE_CURVE('',#4368,(#4372,#4379),.PCURVE_S1.);
#4368 = LINE('',#4369,#4370);
#4369 = CARTESIAN_POINT('',(-0.106796452112,-1.185250647957E-02,
    0.3568001));
#4370 = VECTOR('',#4371,1.);
#4371 = DIRECTION('',(0.557278183537,0.830325855404,0.));
#4372 = PCURVE('',#4340,#4373);
#4373 = DEFINITIONAL_REPRESENTATION('',(#4374),#4378);
#4374 = LINE('',#4375,#4376);
#4375 = CARTESIAN_POINT('',(-1.440385754081E-18,-6.8E-03));
#4376 = VECTOR('',#4377,1.);
#4377 = DIRECTION('',(1.,0.));
#4378 = ( GEOMETRIC_REPRESENTATION_CONTEXT(2) 
PARAMETRIC_REPRESENTATION_CONTEXT() REPRESENTATION_CONTEXT('2D SPACE',''
  ) );
#4379 = PCURVE('',#4380,#4385);
#4380 = PLANE('',#4381);
#4381 = AXIS2_PLACEMENT_3D('',#4382,#4383,#4384);
#4382 = CARTESIAN_POINT('',(-0.114395271597,-6.157521658901E-02,
    0.3568001));
#4383 = DIRECTION('',(0.,0.,1.));
#4384 = DIRECTION('',(1.,0.,0.));
#4385 = DEFINITIONAL_REPRESENTATION('',(#4386),#4390);
#4386 = LINE('',#4387,#4388);
#4387 = CARTESIAN_POINT('',(7.598819485163E-03,4.972271010944E-02));
#4388 = VECTOR('',#4389,1.);
#4389 = DIRECTION('',(0.557278183537,0.830325855404));
#4390 = ( GEOMETRIC_REPRESENTATION_CONTEXT(2) 
PARAMETRIC_REPRESENTATION_CONTEXT() REPRESENTATION_CONTEXT('2D SPACE',''
  ) );
#4391 = ORIENTED_EDGE('',*,*,#4392,.F.);
#4392 = EDGE_CURVE('',#4393,#4365,#4395,.T.);
#4393 = VERTEX_POINT('',#4394);
#4394 = CARTESIAN_POINT('',(-5.740412545857E-02,6.174040831695E-02,
    0.3500001));
#4395 = SURFACE_CURVE('',#4396,(#4400,#4407),.PCURVE_S1.);
#4396 = LINE('',#4397,#4398);
#4397 = CARTESIAN_POINT('',(-5.740412545857E-02,6.174040831695E-02,
    0.3500001));
#4398 = VECTOR('',#4399,1.);
#4399 = DIRECTION('',(0.,0.,1.));
#4400 = PCURVE('',#4340,#4401);
#4401 = DEFINITIONAL_REPRESENTATION('',(#4402),#4406);
#4402 = LINE('',#4403,#4404);
#4403 = CARTESIAN_POINT('',(8.863136600832E-02,0.));
#4404 = VECTOR('',#4405,1.);
#4405 = DIRECTION('',(0.,-1.));
#4406 = ( GEOMETRIC_REPRESENTATION_CONTEXT(2) 
PARAMETRIC_REPRESENTATION_CONTEXT() REPRESENTATION_CONTEXT('2D SPACE',''
  ) );
#4407 = PCURVE('',#4408,#4413);
#4408 = PLANE('',#4409);
#4409 = AXIS2_PLACEMENT_3D('',#4410,#4411,#4412);
#4410 = CARTESIAN_POINT('',(-5.740412545857E-02,6.174040831695E-02,
    0.3500001));
#4411 = DIRECTION('',(0.,1.,0.));
#4412 = DIRECTION('',(1.,0.,0.));
#4413 = DEFINITIONAL_REPRESENTATION('',(#4414),#4418);
#4414 = LINE('',#4415,#4416);
#4415 = CARTESIAN_POINT('',(6.938893903907E-18,0.));
#4416 = VECTOR('',#4417,1.);
#4417 = DIRECTION('',(0.,-1.));
#4418 = ( GEOMETRIC_REPRESENTATION_CONTEXT(2) 
PARAMETRIC_REPRESENTATION_CONTEXT() REPRESENTATION_CONTEXT('2D SPACE',''
  ) );
#4419 = ORIENTED_EDGE('',*,*,#4420,.F.);
#4420 = EDGE_CURVE('',#4330,#4393,#4421,.T.);
#4421 = SURFACE_CURVE('',#4422,(#4426,#4433),.PCURVE_S1.);
#4422 = LINE('',#4423,#4424);
#4423 = CARTESIAN_POINT('',(-0.106796452112,-1.185250647957E-02,
    0.3500001));
#4424 = VECTOR('',#4425,1.);
#4425 = DIRECTION('',(0.557278183537,0.830325855404,0.));
#4426 = PCURVE('',#4340,#4427);
#4427 = DEFINITIONAL_REPRESENTATION('',(#4428),#4432);
#4428 = LINE('',#4429,#4430);
#4429 = CARTESIAN_POINT('',(-1.440385754081E-18,0.));
#4430 = VECTOR('',#4431,1.);
#4431 = DIRECTION('',(1.,0.));
#4432 = ( GEOMETRIC_REPRESENTATION_CONTEXT(2) 
PARAMETRIC_REPRESENTATION_CONTEXT() REPRESENTATION_CONTEXT('2D SPACE',''
  ) );
#4433 = PCURVE('',#4434,#4439);
#4434 = PLANE('',#4435);
#4435 = AXIS2_PLACEMENT_3D('',#4436,#4437,#4438);
#4436 = CARTESIAN_POINT('',(-0.114395271597,-6.157521658901E-02,
    0.3500001));
#4437 = DIRECTION('',(0.,0.,1.));
#4438 = DIRECTION('',(1.,0.,0.));
#4439 = DEFINITIONAL_REPRESENTATION('',(#4440),#4444);
#4440 = LINE('',#4441,#4442);
#4441 = CARTESIAN_POINT('',(7.598819485163E-03,4.972271010944E-02));
#4442 = VECTOR('',#4443,1.);
#4443 = DIRECTION('',(0.557278183537,0.830325855404));
#4444 = ( GEOMETRIC_REPRESENTATION_CONTEXT(2) 
PARAMETRIC_REPRESENTATION_CONTEXT() REPRESENTATION_CONTEXT('2D SPACE',''
  ) );
#4445 = ADVANCED_FACE('',(#4446),#4408,.T.);
#4446 = FACE_BOUND('',#4447,.T.);
#4447 = EDGE_LOOP('',(#4448,#4449,#4472,#4500));
#4448 = ORIENTED_EDGE('',*,*,#4392,.T.);
#4449 = ORIENTED_EDGE('',*,*,#4450,.T.);
#4450 = EDGE_CURVE('',#4365,#4451,#4453,.T.);
#4451 = VERTEX_POINT('',#4452);
#4452 = CARTESIAN_POINT('',(-2.205309567977E-02,6.174040831695E-02,
    0.3568001));
#4453 = SURFACE_CURVE('',#4454,(#4458,#4465),.PCURVE_S1.);
#4454 = LINE('',#4455,#4456);
#4455 = CARTESIAN_POINT('',(-5.740412545857E-02,6.174040831695E-02,
    0.3568001));
#4456 = VECTOR('',#4457,1.);
#4457 = DIRECTION('',(1.,0.,0.));
#4458 = PCURVE('',#4408,#4459);
#4459 = DEFINITIONAL_REPRESENTATION('',(#4460),#4464);
#4460 = LINE('',#4461,#4462);
#4461 = CARTESIAN_POINT('',(0.,-6.8E-03));
#4462 = VECTOR('',#4463,1.);
#4463 = DIRECTION('',(1.,0.));
#4464 = ( GEOMETRIC_REPRESENTATION_CONTEXT(2) 
PARAMETRIC_REPRESENTATION_CONTEXT() REPRESENTATION_CONTEXT('2D SPACE',''
  ) );
#4465 = PCURVE('',#4380,#4466);
#4466 = DEFINITIONAL_REPRESENTATION('',(#4467),#4471);
#4467 = LINE('',#4468,#4469);
#4468 = CARTESIAN_POINT('',(5.699114613872E-02,0.123315624906));
#4469 = VECTOR('',#4470,1.);
#4470 = DIRECTION('',(1.,0.));
#4471 = ( GEOMETRIC_REPRESENTATION_CONTEXT(2) 
PARAMETRIC_REPRESENTATION_CONTEXT() REPRESENTATION_CONTEXT('2D SPACE',''
  ) );
#4472 = ORIENTED_EDGE('',*,*,#4473,.F.);
#4473 = EDGE_CURVE('',#4474,#4451,#4476,.T.);
#4474 = VERTEX_POINT('',#4475);
#4475 = CARTESIAN_POINT('',(-2.205309567977E-02,6.174040831695E-02,
    0.3500001));
#4476 = SURFACE_CURVE('',#4477,(#4481,#4488),.PCURVE_S1.);
#4477 = LINE('',#4478,#4479);
#4478 = CARTESIAN_POINT('',(-2.205309567977E-02,6.174040831695E-02,
    0.3500001));
#4479 = VECTOR('',#4480,1.);
#4480 = DIRECTION('',(0.,0.,1.));
#4481 = PCURVE('',#4408,#4482);
#4482 = DEFINITIONAL_REPRESENTATION('',(#4483),#4487);
#4483 = LINE('',#4484,#4485);
#4484 = CARTESIAN_POINT('',(3.53510297788E-02,0.));
#4485 = VECTOR('',#4486,1.);
#4486 = DIRECTION('',(0.,-1.));
#4487 = ( GEOMETRIC_REPRESENTATION_CONTEXT(2) 
PARAMETRIC_REPRESENTATION_CONTEXT() REPRESENTATION_CONTEXT('2D SPACE',''
  ) );
#4488 = PCURVE('',#4489,#4494);
#4489 = PLANE('',#4490);
#4490 = AXIS2_PLACEMENT_3D('',#4491,#4492,#4493);
#4491 = CARTESIAN_POINT('',(-2.205309567977E-02,6.174040831695E-02,
    0.3500001));
#4492 = DIRECTION('',(1.,0.,0.));
#4493 = DIRECTION('',(0.,-1.,0.));
#4494 = DEFINITIONAL_REPRESENTATION('',(#4495),#4499);
#4495 = LINE('',#4496,#4497);
#4496 = CARTESIAN_POINT('',(0.,0.));
#4497 = VECTOR('',#4498,1.);
#4498 = DIRECTION('',(0.,-1.));
#4499 = ( GEOMETRIC_REPRESENTATION_CONTEXT(2) 
PARAMETRIC_REPRESENTATION_CONTEXT() REPRESENTATION_CONTEXT('2D SPACE',''
  ) );
#4500 = ORIENTED_EDGE('',*,*,#4501,.F.);
#4501 = EDGE_CURVE('',#4393,#4474,#4502,.T.);
#4502 = SURFACE_CURVE('',#4503,(#4507,#4514),.PCURVE_S1.);
#4503 = LINE('',#4504,#4505);
#4504 = CARTESIAN_POINT('',(-5.740412545857E-02,6.174040831695E-02,
    0.3500001));
#4505 = VECTOR('',#4506,1.);
#4506 = DIRECTION('',(1.,0.,0.));
#4507 = PCURVE('',#4408,#4508);
#4508 = DEFINITIONAL_REPRESENTATION('',(#4509),#4513);
#4509 = LINE('',#4510,#4511);
#4510 = CARTESIAN_POINT('',(0.,0.));
#4511 = VECTOR('',#4512,1.);
#4512 = DIRECTION('',(1.,0.));
#4513 = ( GEOMETRIC_REPRESENTATION_CONTEXT(2) 
PARAMETRIC_REPRESENTATION_CONTEXT() REPRESENTATION_CONTEXT('2D SPACE',''
  ) );
#4514 = PCURVE('',#4434,#4515);
#4515 = DEFINITIONAL_REPRESENTATION('',(#4516),#4520);
#4516 = LINE('',#4517,#4518);
#4517 = CARTESIAN_POINT('',(5.699114613872E-02,0.123315624906));
#4518 = VECTOR('',#4519,1.);
#4519 = DIRECTION('',(1.,0.));
#4520 = ( GEOMETRIC_REPRESENTATION_CONTEXT(2) 
PARAMETRIC_REPRESENTATION_CONTEXT() REPRESENTATION_CONTEXT('2D SPACE',''
  ) );
#4521 = ADVANCED_FACE('',(#4522),#4489,.T.);
#4522 = FACE_BOUND('',#4523,.T.);
#4523 = EDGE_LOOP('',(#4524,#4525,#4548,#4576));
#4524 = ORIENTED_EDGE('',*,*,#4473,.T.);
#4525 = ORIENTED_EDGE('',*,*,#4526,.T.);
#4526 = EDGE_CURVE('',#4451,#4527,#4529,.T.);
#4527 = VERTEX_POINT('',#4528);
#4528 = CARTESIAN_POINT('',(-2.205309567977E-02,-1.6064895542E-02,
    0.3568001));
#4529 = SURFACE_CURVE('',#4530,(#4534,#4541),.PCURVE_S1.);
#4530 = LINE('',#4531,#4532);
#4531 = CARTESIAN_POINT('',(-2.205309567977E-02,6.174040831695E-02,
    0.3568001));
#4532 = VECTOR('',#4533,1.);
#4533 = DIRECTION('',(0.,-1.,0.));
#4534 = PCURVE('',#4489,#4535);
#4535 = DEFINITIONAL_REPRESENTATION('',(#4536),#4540);
#4536 = LINE('',#4537,#4538);
#4537 = CARTESIAN_POINT('',(6.938893903907E-18,-6.8E-03));
#4538 = VECTOR('',#4539,1.);
#4539 = DIRECTION('',(1.,0.));
#4540 = ( GEOMETRIC_REPRESENTATION_CONTEXT(2) 
PARAMETRIC_REPRESENTATION_CONTEXT() REPRESENTATION_CONTEXT('2D SPACE',''
  ) );
#4541 = PCURVE('',#4380,#4542);
#4542 = DEFINITIONAL_REPRESENTATION('',(#4543),#4547);
#4543 = LINE('',#4544,#4545);
#4544 = CARTESIAN_POINT('',(9.234217591752E-02,0.123315624906));
#4545 = VECTOR('',#4546,1.);
#4546 = DIRECTION('',(0.,-1.));
#4547 = ( GEOMETRIC_REPRESENTATION_CONTEXT(2) 
PARAMETRIC_REPRESENTATION_CONTEXT() REPRESENTATION_CONTEXT('2D SPACE',''
  ) );
#4548 = ORIENTED_EDGE('',*,*,#4549,.F.);
#4549 = EDGE_CURVE('',#4550,#4527,#4552,.T.);
#4550 = VERTEX_POINT('',#4551);
#4551 = CARTESIAN_POINT('',(-2.205309567977E-02,-1.6064895542E-02,
    0.3500001));
#4552 = SURFACE_CURVE('',#4553,(#4557,#4564),.PCURVE_S1.);
#4553 = LINE('',#4554,#4555);
#4554 = CARTESIAN_POINT('',(-2.205309567977E-02,-1.6064895542E-02,
    0.3500001));
#4555 = VECTOR('',#4556,1.);
#4556 = DIRECTION('',(0.,0.,1.));
#4557 = PCURVE('',#4489,#4558);
#4558 = DEFINITIONAL_REPRESENTATION('',(#4559),#4563);
#4559 = LINE('',#4560,#4561);
#4560 = CARTESIAN_POINT('',(7.780530385895E-02,0.));
#4561 = VECTOR('',#4562,1.);
#4562 = DIRECTION('',(0.,-1.));
#4563 = ( GEOMETRIC_REPRESENTATION_CONTEXT(2) 
PARAMETRIC_REPRESENTATION_CONTEXT() REPRESENTATION_CONTEXT('2D SPACE',''
  ) );
#4564 = PCURVE('',#4565,#4570);
#4565 = PLANE('',#4566);
#4566 = AXIS2_PLACEMENT_3D('',#4567,#4568,#4569);
#4567 = CARTESIAN_POINT('',(-2.205309567977E-02,-1.6064895542E-02,
    0.3500001));
#4568 = DIRECTION('',(0.,1.,0.));
#4569 = DIRECTION('',(1.,0.,0.));
#4570 = DEFINITIONAL_REPRESENTATION('',(#4571),#4575);
#4571 = LINE('',#4572,#4573);
#4572 = CARTESIAN_POINT('',(0.,0.));
#4573 = VECTOR('',#4574,1.);
#4574 = DIRECTION('',(0.,-1.));
#4575 = ( GEOMETRIC_REPRESENTATION_CONTEXT(2) 
PARAMETRIC_REPRESENTATION_CONTEXT() REPRESENTATION_CONTEXT('2D SPACE',''
  ) );
#4576 = ORIENTED_EDGE('',*,*,#4577,.F.);
#4577 = EDGE_CURVE('',#4474,#4550,#4578,.T.);
#4578 = SURFACE_CURVE('',#4579,(#4583,#4590),.PCURVE_S1.);
#4579 = LINE('',#4580,#4581);
#4580 = CARTESIAN_POINT('',(-2.205309567977E-02,6.174040831695E-02,
    0.3500001));
#4581 = VECTOR('',#4582,1.);
#4582 = DIRECTION('',(0.,-1.,0.));
#4583 = PCURVE('',#4489,#4584);
#4584 = DEFINITIONAL_REPRESENTATION('',(#4585),#4589);
#4585 = LINE('',#4586,#4587);
#4586 = CARTESIAN_POINT('',(6.938893903907E-18,0.));
#4587 = VECTOR('',#4588,1.);
#4588 = DIRECTION('',(1.,0.));
#4589 = ( GEOMETRIC_REPRESENTATION_CONTEXT(2) 
PARAMETRIC_REPRESENTATION_CONTEXT() REPRESENTATION_CONTEXT('2D SPACE',''
  ) );
#4590 = PCURVE('',#4434,#4591);
#4591 = DEFINITIONAL_REPRESENTATION('',(#4592),#4596);
#4592 = LINE('',#4593,#4594);
#4593 = CARTESIAN_POINT('',(9.234217591752E-02,0.123315624906));
#4594 = VECTOR('',#4595,1.);
#4595 = DIRECTION('',(0.,-1.));
#4596 = ( GEOMETRIC_REPRESENTATION_CONTEXT(2) 
PARAMETRIC_REPRESENTATION_CONTEXT() REPRESENTATION_CONTEXT('2D SPACE',''
  ) );
#4597 = ADVANCED_FACE('',(#4598),#4565,.T.);
#4598 = FACE_BOUND('',#4599,.T.);
#4599 = EDGE_LOOP('',(#4600,#4601,#4624,#4652));
#4600 = ORIENTED_EDGE('',*,*,#4549,.T.);
#4601 = ORIENTED_EDGE('',*,*,#4602,.T.);
#4602 = EDGE_CURVE('',#4527,#4603,#4605,.T.);
#4603 = VERTEX_POINT('',#4604);
#4604 = CARTESIAN_POINT('',(-4.460176654335E-03,-1.6064895542E-02,
    0.3568001));
#4605 = SURFACE_CURVE('',#4606,(#4610,#4617),.PCURVE_S1.);
#4606 = LINE('',#4607,#4608);
#4607 = CARTESIAN_POINT('',(-2.205309567977E-02,-1.6064895542E-02,
    0.3568001));
#4608 = VECTOR('',#4609,1.);
#4609 = DIRECTION('',(1.,0.,0.));
#4610 = PCURVE('',#4565,#4611);
#4611 = DEFINITIONAL_REPRESENTATION('',(#4612),#4616);
#4612 = LINE('',#4613,#4614);
#4613 = CARTESIAN_POINT('',(0.,-6.8E-03));
#4614 = VECTOR('',#4615,1.);
#4615 = DIRECTION('',(1.,0.));
#4616 = ( GEOMETRIC_REPRESENTATION_CONTEXT(2) 
PARAMETRIC_REPRESENTATION_CONTEXT() REPRESENTATION_CONTEXT('2D SPACE',''
  ) );
#4617 = PCURVE('',#4380,#4618);
#4618 = DEFINITIONAL_REPRESENTATION('',(#4619),#4623);
#4619 = LINE('',#4620,#4621);
#4620 = CARTESIAN_POINT('',(9.234217591752E-02,4.551032104701E-02));
#4621 = VECTOR('',#4622,1.);
#4622 = DIRECTION('',(1.,0.));
#4623 = ( GEOMETRIC_REPRESENTATION_CONTEXT(2) 
PARAMETRIC_REPRESENTATION_CONTEXT() REPRESENTATION_CONTEXT('2D SPACE',''
  ) );
#4624 = ORIENTED_EDGE('',*,*,#4625,.F.);
#4625 = EDGE_CURVE('',#4626,#4603,#4628,.T.);
#4626 = VERTEX_POINT('',#4627);
#4627 = CARTESIAN_POINT('',(-4.460176654335E-03,-1.6064895542E-02,
    0.3500001));
#4628 = SURFACE_CURVE('',#4629,(#4633,#4640),.PCURVE_S1.);
#4629 = LINE('',#4630,#4631);
#4630 = CARTESIAN_POINT('',(-4.460176654335E-03,-1.6064895542E-02,
    0.3500001));
#4631 = VECTOR('',#4632,1.);
#4632 = DIRECTION('',(0.,0.,1.));
#4633 = PCURVE('',#4565,#4634);
#4634 = DEFINITIONAL_REPRESENTATION('',(#4635),#4639);
#4635 = LINE('',#4636,#4637);
#4636 = CARTESIAN_POINT('',(1.759291902543E-02,0.));
#4637 = VECTOR('',#4638,1.);
#4638 = DIRECTION('',(0.,-1.));
#4639 = ( GEOMETRIC_REPRESENTATION_CONTEXT(2) 
PARAMETRIC_REPRESENTATION_CONTEXT() REPRESENTATION_CONTEXT('2D SPACE',''
  ) );
#4640 = PCURVE('',#4641,#4646);
#4641 = PLANE('',#4642);
#4642 = AXIS2_PLACEMENT_3D('',#4643,#4644,#4645);
#4643 = CARTESIAN_POINT('',(-4.460176654335E-03,-1.6064895542E-02,
    0.3500001));
#4644 = DIRECTION('',(1.,0.,0.));
#4645 = DIRECTION('',(0.,-1.,0.));
#4646 = DEFINITIONAL_REPRESENTATION('',(#4647),#4651);
#4647 = LINE('',#4648,#4649);
#4648 = CARTESIAN_POINT('',(0.,0.));
#4649 = VECTOR('',#4650,1.);
#4650 = DIRECTION('',(0.,-1.));
#4651 = ( GEOMETRIC_REPRESENTATION_CONTEXT(2) 
PARAMETRIC_REPRESENTATION_CONTEXT() REPRESENTATION_CONTEXT('2D SPACE',''
  ) );
#4652 = ORIENTED_EDGE('',*,*,#4653,.F.);
#4653 = EDGE_CURVE('',#4550,#4626,#4654,.T.);
#4654 = SURFACE_CURVE('',#4655,(#4659,#4666),.PCURVE_S1.);
#4655 = LINE('',#4656,#4657);
#4656 = CARTESIAN_POINT('',(-2.205309567977E-02,-1.6064895542E-02,
    0.3500001));
#4657 = VECTOR('',#4658,1.);
#4658 = DIRECTION('',(1.,0.,0.));
#4659 = PCURVE('',#4565,#4660);
#4660 = DEFINITIONAL_REPRESENTATION('',(#4661),#4665);
#4661 = LINE('',#4662,#4663);
#4662 = CARTESIAN_POINT('',(0.,0.));
#4663 = VECTOR('',#4664,1.);
#4664 = DIRECTION('',(1.,0.));
#4665 = ( GEOMETRIC_REPRESENTATION_CONTEXT(2) 
PARAMETRIC_REPRESENTATION_CONTEXT() REPRESENTATION_CONTEXT('2D SPACE',''
  ) );
#4666 = PCURVE('',#4434,#4667);
#4667 = DEFINITIONAL_REPRESENTATION('',(#4668),#4672);
#4668 = LINE('',#4669,#4670);
#4669 = CARTESIAN_POINT('',(9.234217591752E-02,4.551032104701E-02));
#4670 = VECTOR('',#4671,1.);
#4671 = DIRECTION('',(1.,0.));
#4672 = ( GEOMETRIC_REPRESENTATION_CONTEXT(2) 
PARAMETRIC_REPRESENTATION_CONTEXT() REPRESENTATION_CONTEXT('2D SPACE',''
  ) );
#4673 = ADVANCED_FACE('',(#4674),#4641,.T.);
#4674 = FACE_BOUND('',#4675,.T.);
#4675 = EDGE_LOOP('',(#4676,#4677,#4700,#4728));
#4676 = ORIENTED_EDGE('',*,*,#4625,.T.);
#4677 = ORIENTED_EDGE('',*,*,#4678,.T.);
#4678 = EDGE_CURVE('',#4603,#4679,#4681,.T.);
#4679 = VERTEX_POINT('',#4680);
#4680 = CARTESIAN_POINT('',(-4.460176654335E-03,-3.91091415894E-02,
    0.3568001));
#4681 = SURFACE_CURVE('',#4682,(#4686,#4693),.PCURVE_S1.);
#4682 = LINE('',#4683,#4684);
#4683 = CARTESIAN_POINT('',(-4.460176654335E-03,-1.6064895542E-02,
    0.3568001));
#4684 = VECTOR('',#4685,1.);
#4685 = DIRECTION('',(0.,-1.,0.));
#4686 = PCURVE('',#4641,#4687);
#4687 = DEFINITIONAL_REPRESENTATION('',(#4688),#4692);
#4688 = LINE('',#4689,#4690);
#4689 = CARTESIAN_POINT('',(3.469446951954E-18,-6.8E-03));
#4690 = VECTOR('',#4691,1.);
#4691 = DIRECTION('',(1.,0.));
#4692 = ( GEOMETRIC_REPRESENTATION_CONTEXT(2) 
PARAMETRIC_REPRESENTATION_CONTEXT() REPRESENTATION_CONTEXT('2D SPACE',''
  ) );
#4693 = PCURVE('',#4380,#4694);
#4694 = DEFINITIONAL_REPRESENTATION('',(#4695),#4699);
#4695 = LINE('',#4696,#4697);
#4696 = CARTESIAN_POINT('',(0.109935094943,4.551032104701E-02));
#4697 = VECTOR('',#4698,1.);
#4698 = DIRECTION('',(0.,-1.));
#4699 = ( GEOMETRIC_REPRESENTATION_CONTEXT(2) 
PARAMETRIC_REPRESENTATION_CONTEXT() REPRESENTATION_CONTEXT('2D SPACE',''
  ) );
#4700 = ORIENTED_EDGE('',*,*,#4701,.F.);
#4701 = EDGE_CURVE('',#4702,#4679,#4704,.T.);
#4702 = VERTEX_POINT('',#4703);
#4703 = CARTESIAN_POINT('',(-4.460176654335E-03,-3.91091415894E-02,
    0.3500001));
#4704 = SURFACE_CURVE('',#4705,(#4709,#4716),.PCURVE_S1.);
#4705 = LINE('',#4706,#4707);
#4706 = CARTESIAN_POINT('',(-4.460176654335E-03,-3.91091415894E-02,
    0.3500001));
#4707 = VECTOR('',#4708,1.);
#4708 = DIRECTION('',(0.,0.,1.));
#4709 = PCURVE('',#4641,#4710);
#4710 = DEFINITIONAL_REPRESENTATION('',(#4711),#4715);
#4711 = LINE('',#4712,#4713);
#4712 = CARTESIAN_POINT('',(2.30442460474E-02,0.));
#4713 = VECTOR('',#4714,1.);
#4714 = DIRECTION('',(0.,-1.));
#4715 = ( GEOMETRIC_REPRESENTATION_CONTEXT(2) 
PARAMETRIC_REPRESENTATION_CONTEXT() REPRESENTATION_CONTEXT('2D SPACE',''
  ) );
#4716 = PCURVE('',#4717,#4722);
#4717 = PLANE('',#4718);
#4718 = AXIS2_PLACEMENT_3D('',#4719,#4720,#4721);
#4719 = CARTESIAN_POINT('',(-4.460176654335E-03,-3.91091415894E-02,
    0.3500001));
#4720 = DIRECTION('',(0.,-1.,0.));
#4721 = DIRECTION('',(-1.,0.,0.));
#4722 = DEFINITIONAL_REPRESENTATION('',(#4723),#4727);
#4723 = LINE('',#4724,#4725);
#4724 = CARTESIAN_POINT('',(0.,-0.));
#4725 = VECTOR('',#4726,1.);
#4726 = DIRECTION('',(0.,-1.));
#4727 = ( GEOMETRIC_REPRESENTATION_CONTEXT(2) 
PARAMETRIC_REPRESENTATION_CONTEXT() REPRESENTATION_CONTEXT('2D SPACE',''
  ) );
#4728 = ORIENTED_EDGE('',*,*,#4729,.F.);
#4729 = EDGE_CURVE('',#4626,#4702,#4730,.T.);
#4730 = SURFACE_CURVE('',#4731,(#4735,#4742),.PCURVE_S1.);
#4731 = LINE('',#4732,#4733);
#4732 = CARTESIAN_POINT('',(-4.460176654335E-03,-1.6064895542E-02,
    0.3500001));
#4733 = VECTOR('',#4734,1.);
#4734 = DIRECTION('',(0.,-1.,0.));
#4735 = PCURVE('',#4641,#4736);
#4736 = DEFINITIONAL_REPRESENTATION('',(#4737),#4741);
#4737 = LINE('',#4738,#4739);
#4738 = CARTESIAN_POINT('',(3.469446951954E-18,0.));
#4739 = VECTOR('',#4740,1.);
#4740 = DIRECTION('',(1.,0.));
#4741 = ( GEOMETRIC_REPRESENTATION_CONTEXT(2) 
PARAMETRIC_REPRESENTATION_CONTEXT() REPRESENTATION_CONTEXT('2D SPACE',''
  ) );
#4742 = PCURVE('',#4434,#4743);
#4743 = DEFINITIONAL_REPRESENTATION('',(#4744),#4748);
#4744 = LINE('',#4745,#4746);
#4745 = CARTESIAN_POINT('',(0.109935094943,4.551032104701E-02));
#4746 = VECTOR('',#4747,1.);
#4747 = DIRECTION('',(0.,-1.));
#4748 = ( GEOMETRIC_REPRESENTATION_CONTEXT(2) 
PARAMETRIC_REPRESENTATION_CONTEXT() REPRESENTATION_CONTEXT('2D SPACE',''
  ) );
#4749 = ADVANCED_FACE('',(#4750),#4717,.T.);
#4750 = FACE_BOUND('',#4751,.T.);
#4751 = EDGE_LOOP('',(#4752,#4753,#4776,#4804));
#4752 = ORIENTED_EDGE('',*,*,#4701,.T.);
#4753 = ORIENTED_EDGE('',*,*,#4754,.T.);
#4754 = EDGE_CURVE('',#4679,#4755,#4757,.T.);
#4755 = VERTEX_POINT('',#4756);
#4756 = CARTESIAN_POINT('',(-2.205309567977E-02,-3.91091415894E-02,
    0.3568001));
#4757 = SURFACE_CURVE('',#4758,(#4762,#4769),.PCURVE_S1.);
#4758 = LINE('',#4759,#4760);
#4759 = CARTESIAN_POINT('',(-4.460176654335E-03,-3.91091415894E-02,
    0.3568001));
#4760 = VECTOR('',#4761,1.);
#4761 = DIRECTION('',(-1.,0.,0.));
#4762 = PCURVE('',#4717,#4763);
#4763 = DEFINITIONAL_REPRESENTATION('',(#4764),#4768);
#4764 = LINE('',#4765,#4766);
#4765 = CARTESIAN_POINT('',(0.,-6.8E-03));
#4766 = VECTOR('',#4767,1.);
#4767 = DIRECTION('',(1.,0.));
#4768 = ( GEOMETRIC_REPRESENTATION_CONTEXT(2) 
PARAMETRIC_REPRESENTATION_CONTEXT() REPRESENTATION_CONTEXT('2D SPACE',''
  ) );
#4769 = PCURVE('',#4380,#4770);
#4770 = DEFINITIONAL_REPRESENTATION('',(#4771),#4775);
#4771 = LINE('',#4772,#4773);
#4772 = CARTESIAN_POINT('',(0.109935094943,2.246607499961E-02));
#4773 = VECTOR('',#4774,1.);
#4774 = DIRECTION('',(-1.,0.));
#4775 = ( GEOMETRIC_REPRESENTATION_CONTEXT(2) 
PARAMETRIC_REPRESENTATION_CONTEXT() REPRESENTATION_CONTEXT('2D SPACE',''
  ) );
#4776 = ORIENTED_EDGE('',*,*,#4777,.F.);
#4777 = EDGE_CURVE('',#4778,#4755,#4780,.T.);
#4778 = VERTEX_POINT('',#4779);
#4779 = CARTESIAN_POINT('',(-2.205309567977E-02,-3.91091415894E-02,
    0.3500001));
#4780 = SURFACE_CURVE('',#4781,(#4785,#4792),.PCURVE_S1.);
#4781 = LINE('',#4782,#4783);
#4782 = CARTESIAN_POINT('',(-2.205309567977E-02,-3.91091415894E-02,
    0.3500001));
#4783 = VECTOR('',#4784,1.);
#4784 = DIRECTION('',(0.,0.,1.));
#4785 = PCURVE('',#4717,#4786);
#4786 = DEFINITIONAL_REPRESENTATION('',(#4787),#4791);
#4787 = LINE('',#4788,#4789);
#4788 = CARTESIAN_POINT('',(1.759291902543E-02,0.));
#4789 = VECTOR('',#4790,1.);
#4790 = DIRECTION('',(0.,-1.));
#4791 = ( GEOMETRIC_REPRESENTATION_CONTEXT(2) 
PARAMETRIC_REPRESENTATION_CONTEXT() REPRESENTATION_CONTEXT('2D SPACE',''
  ) );
#4792 = PCURVE('',#4793,#4798);
#4793 = PLANE('',#4794);
#4794 = AXIS2_PLACEMENT_3D('',#4795,#4796,#4797);
#4795 = CARTESIAN_POINT('',(-2.205309567977E-02,-3.91091415894E-02,
    0.3500001));
#4796 = DIRECTION('',(1.,0.,0.));
#4797 = DIRECTION('',(0.,-1.,0.));
#4798 = DEFINITIONAL_REPRESENTATION('',(#4799),#4803);
#4799 = LINE('',#4800,#4801);
#4800 = CARTESIAN_POINT('',(0.,0.));
#4801 = VECTOR('',#4802,1.);
#4802 = DIRECTION('',(0.,-1.));
#4803 = ( GEOMETRIC_REPRESENTATION_CONTEXT(2) 
PARAMETRIC_REPRESENTATION_CONTEXT() REPRESENTATION_CONTEXT('2D SPACE',''
  ) );
#4804 = ORIENTED_EDGE('',*,*,#4805,.F.);
#4805 = EDGE_CURVE('',#4702,#4778,#4806,.T.);
#4806 = SURFACE_CURVE('',#4807,(#4811,#4818),.PCURVE_S1.);
#4807 = LINE('',#4808,#4809);
#4808 = CARTESIAN_POINT('',(-4.460176654335E-03,-3.91091415894E-02,
    0.3500001));
#4809 = VECTOR('',#4810,1.);
#4810 = DIRECTION('',(-1.,0.,0.));
#4811 = PCURVE('',#4717,#4812);
#4812 = DEFINITIONAL_REPRESENTATION('',(#4813),#4817);
#4813 = LINE('',#4814,#4815);
#4814 = CARTESIAN_POINT('',(0.,-0.));
#4815 = VECTOR('',#4816,1.);
#4816 = DIRECTION('',(1.,0.));
#4817 = ( GEOMETRIC_REPRESENTATION_CONTEXT(2) 
PARAMETRIC_REPRESENTATION_CONTEXT() REPRESENTATION_CONTEXT('2D SPACE',''
  ) );
#4818 = PCURVE('',#4434,#4819);
#4819 = DEFINITIONAL_REPRESENTATION('',(#4820),#4824);
#4820 = LINE('',#4821,#4822);
#4821 = CARTESIAN_POINT('',(0.109935094943,2.246607499961E-02));
#4822 = VECTOR('',#4823,1.);
#4823 = DIRECTION('',(-1.,0.));
#4824 = ( GEOMETRIC_REPRESENTATION_CONTEXT(2) 
PARAMETRIC_REPRESENTATION_CONTEXT() REPRESENTATION_CONTEXT('2D SPACE',''
  ) );
#4825 = ADVANCED_FACE('',(#4826),#4793,.T.);
#4826 = FACE_BOUND('',#4827,.T.);
#4827 = EDGE_LOOP('',(#4828,#4829,#4852,#4880));
#4828 = ORIENTED_EDGE('',*,*,#4777,.T.);
#4829 = ORIENTED_EDGE('',*,*,#4830,.T.);
#4830 = EDGE_CURVE('',#4755,#4831,#4833,.T.);
#4831 = VERTEX_POINT('',#4832);
#4832 = CARTESIAN_POINT('',(-2.205309567977E-02,-6.157521658901E-02,
    0.3568001));
#4833 = SURFACE_CURVE('',#4834,(#4838,#4845),.PCURVE_S1.);
#4834 = LINE('',#4835,#4836);
#4835 = CARTESIAN_POINT('',(-2.205309567977E-02,-3.91091415894E-02,
    0.3568001));
#4836 = VECTOR('',#4837,1.);
#4837 = DIRECTION('',(0.,-1.,0.));
#4838 = PCURVE('',#4793,#4839);
#4839 = DEFINITIONAL_REPRESENTATION('',(#4840),#4844);
#4840 = LINE('',#4841,#4842);
#4841 = CARTESIAN_POINT('',(1.387778780781E-17,-6.8E-03));
#4842 = VECTOR('',#4843,1.);
#4843 = DIRECTION('',(1.,0.));
#4844 = ( GEOMETRIC_REPRESENTATION_CONTEXT(2) 
PARAMETRIC_REPRESENTATION_CONTEXT() REPRESENTATION_CONTEXT('2D SPACE',''
  ) );
#4845 = PCURVE('',#4380,#4846);
#4846 = DEFINITIONAL_REPRESENTATION('',(#4847),#4851);
#4847 = LINE('',#4848,#4849);
#4848 = CARTESIAN_POINT('',(9.234217591752E-02,2.246607499961E-02));
#4849 = VECTOR('',#4850,1.);
#4850 = DIRECTION('',(0.,-1.));
#4851 = ( GEOMETRIC_REPRESENTATION_CONTEXT(2) 
PARAMETRIC_REPRESENTATION_CONTEXT() REPRESENTATION_CONTEXT('2D SPACE',''
  ) );
#4852 = ORIENTED_EDGE('',*,*,#4853,.F.);
#4853 = EDGE_CURVE('',#4854,#4831,#4856,.T.);
#4854 = VERTEX_POINT('',#4855);
#4855 = CARTESIAN_POINT('',(-2.205309567977E-02,-6.157521658901E-02,
    0.3500001));
#4856 = SURFACE_CURVE('',#4857,(#4861,#4868),.PCURVE_S1.);
#4857 = LINE('',#4858,#4859);
#4858 = CARTESIAN_POINT('',(-2.205309567977E-02,-6.157521658901E-02,
    0.3500001));
#4859 = VECTOR('',#4860,1.);
#4860 = DIRECTION('',(0.,0.,1.));
#4861 = PCURVE('',#4793,#4862);
#4862 = DEFINITIONAL_REPRESENTATION('',(#4863),#4867);
#4863 = LINE('',#4864,#4865);
#4864 = CARTESIAN_POINT('',(2.246607499961E-02,0.));
#4865 = VECTOR('',#4866,1.);
#4866 = DIRECTION('',(0.,-1.));
#4867 = ( GEOMETRIC_REPRESENTATION_CONTEXT(2) 
PARAMETRIC_REPRESENTATION_CONTEXT() REPRESENTATION_CONTEXT('2D SPACE',''
  ) );
#4868 = PCURVE('',#4869,#4874);
#4869 = PLANE('',#4870);
#4870 = AXIS2_PLACEMENT_3D('',#4871,#4872,#4873);
#4871 = CARTESIAN_POINT('',(-2.205309567977E-02,-6.157521658901E-02,
    0.3500001));
#4872 = DIRECTION('',(0.,-1.,0.));
#4873 = DIRECTION('',(-1.,0.,0.));
#4874 = DEFINITIONAL_REPRESENTATION('',(#4875),#4879);
#4875 = LINE('',#4876,#4877);
#4876 = CARTESIAN_POINT('',(0.,-0.));
#4877 = VECTOR('',#4878,1.);
#4878 = DIRECTION('',(0.,-1.));
#4879 = ( GEOMETRIC_REPRESENTATION_CONTEXT(2) 
PARAMETRIC_REPRESENTATION_CONTEXT() REPRESENTATION_CONTEXT('2D SPACE',''
  ) );
#4880 = ORIENTED_EDGE('',*,*,#4881,.F.);
#4881 = EDGE_CURVE('',#4778,#4854,#4882,.T.);
#4882 = SURFACE_CURVE('',#4883,(#4887,#4894),.PCURVE_S1.);
#4883 = LINE('',#4884,#4885);
#4884 = CARTESIAN_POINT('',(-2.205309567977E-02,-3.91091415894E-02,
    0.3500001));
#4885 = VECTOR('',#4886,1.);
#4886 = DIRECTION('',(0.,-1.,0.));
#4887 = PCURVE('',#4793,#4888);
#4888 = DEFINITIONAL_REPRESENTATION('',(#4889),#4893);
#4889 = LINE('',#4890,#4891);
#4890 = CARTESIAN_POINT('',(1.387778780781E-17,0.));
#4891 = VECTOR('',#4892,1.);
#4892 = DIRECTION('',(1.,0.));
#4893 = ( GEOMETRIC_REPRESENTATION_CONTEXT(2) 
PARAMETRIC_REPRESENTATION_CONTEXT() REPRESENTATION_CONTEXT('2D SPACE',''
  ) );
#4894 = PCURVE('',#4434,#4895);
#4895 = DEFINITIONAL_REPRESENTATION('',(#4896),#4900);
#4896 = LINE('',#4897,#4898);
#4897 = CARTESIAN_POINT('',(9.234217591752E-02,2.246607499961E-02));
#4898 = VECTOR('',#4899,1.);
#4899 = DIRECTION('',(0.,-1.));
#4900 = ( GEOMETRIC_REPRESENTATION_CONTEXT(2) 
PARAMETRIC_REPRESENTATION_CONTEXT() REPRESENTATION_CONTEXT('2D SPACE',''
  ) );
#4901 = ADVANCED_FACE('',(#4902),#4869,.T.);
#4902 = FACE_BOUND('',#4903,.T.);
#4903 = EDGE_LOOP('',(#4904,#4905,#4928,#4956));
#4904 = ORIENTED_EDGE('',*,*,#4853,.T.);
#4905 = ORIENTED_EDGE('',*,*,#4906,.T.);
#4906 = EDGE_CURVE('',#4831,#4907,#4909,.T.);
#4907 = VERTEX_POINT('',#4908);
#4908 = CARTESIAN_POINT('',(-5.211799016454E-02,-6.157521658901E-02,
    0.3568001));
#4909 = SURFACE_CURVE('',#4910,(#4914,#4921),.PCURVE_S1.);
#4910 = LINE('',#4911,#4912);
#4911 = CARTESIAN_POINT('',(-2.205309567977E-02,-6.157521658901E-02,
    0.3568001));
#4912 = VECTOR('',#4913,1.);
#4913 = DIRECTION('',(-1.,0.,0.));
#4914 = PCURVE('',#4869,#4915);
#4915 = DEFINITIONAL_REPRESENTATION('',(#4916),#4920);
#4916 = LINE('',#4917,#4918);
#4917 = CARTESIAN_POINT('',(0.,-6.8E-03));
#4918 = VECTOR('',#4919,1.);
#4919 = DIRECTION('',(1.,0.));
#4920 = ( GEOMETRIC_REPRESENTATION_CONTEXT(2) 
PARAMETRIC_REPRESENTATION_CONTEXT() REPRESENTATION_CONTEXT('2D SPACE',''
  ) );
#4921 = PCURVE('',#4380,#4922);
#4922 = DEFINITIONAL_REPRESENTATION('',(#4923),#4927);
#4923 = LINE('',#4924,#4925);
#4924 = CARTESIAN_POINT('',(9.234217591752E-02,0.));
#4925 = VECTOR('',#4926,1.);
#4926 = DIRECTION('',(-1.,0.));
#4927 = ( GEOMETRIC_REPRESENTATION_CONTEXT(2) 
PARAMETRIC_REPRESENTATION_CONTEXT() REPRESENTATION_CONTEXT('2D SPACE',''
  ) );
#4928 = ORIENTED_EDGE('',*,*,#4929,.F.);
#4929 = EDGE_CURVE('',#4930,#4907,#4932,.T.);
#4930 = VERTEX_POINT('',#4931);
#4931 = CARTESIAN_POINT('',(-5.211799016454E-02,-6.157521658901E-02,
    0.3500001));
#4932 = SURFACE_CURVE('',#4933,(#4937,#4944),.PCURVE_S1.);
#4933 = LINE('',#4934,#4935);
#4934 = CARTESIAN_POINT('',(-5.211799016454E-02,-6.157521658901E-02,
    0.3500001));
#4935 = VECTOR('',#4936,1.);
#4936 = DIRECTION('',(0.,0.,1.));
#4937 = PCURVE('',#4869,#4938);
#4938 = DEFINITIONAL_REPRESENTATION('',(#4939),#4943);
#4939 = LINE('',#4940,#4941);
#4940 = CARTESIAN_POINT('',(3.006489448477E-02,0.));
#4941 = VECTOR('',#4942,1.);
#4942 = DIRECTION('',(0.,-1.));
#4943 = ( GEOMETRIC_REPRESENTATION_CONTEXT(2) 
PARAMETRIC_REPRESENTATION_CONTEXT() REPRESENTATION_CONTEXT('2D SPACE',''
  ) );
#4944 = PCURVE('',#4945,#4950);
#4945 = PLANE('',#4946);
#4946 = AXIS2_PLACEMENT_3D('',#4947,#4948,#4949);
#4947 = CARTESIAN_POINT('',(-5.211799016454E-02,-6.157521658901E-02,
    0.3500001));
#4948 = DIRECTION('',(-1.,0.,0.));
#4949 = DIRECTION('',(0.,1.,0.));
#4950 = DEFINITIONAL_REPRESENTATION('',(#4951),#4955);
#4951 = LINE('',#4952,#4953);
#4952 = CARTESIAN_POINT('',(0.,0.));
#4953 = VECTOR('',#4954,1.);
#4954 = DIRECTION('',(0.,-1.));
#4955 = ( GEOMETRIC_REPRESENTATION_CONTEXT(2) 
PARAMETRIC_REPRESENTATION_CONTEXT() REPRESENTATION_CONTEXT('2D SPACE',''
  ) );
#4956 = ORIENTED_EDGE('',*,*,#4957,.F.);
#4957 = EDGE_CURVE('',#4854,#4930,#4958,.T.);
#4958 = SURFACE_CURVE('',#4959,(#4963,#4970),.PCURVE_S1.);
#4959 = LINE('',#4960,#4961);
#4960 = CARTESIAN_POINT('',(-2.205309567977E-02,-6.157521658901E-02,
    0.3500001));
#4961 = VECTOR('',#4962,1.);
#4962 = DIRECTION('',(-1.,0.,0.));
#4963 = PCURVE('',#4869,#4964);
#4964 = DEFINITIONAL_REPRESENTATION('',(#4965),#4969);
#4965 = LINE('',#4966,#4967);
#4966 = CARTESIAN_POINT('',(0.,-0.));
#4967 = VECTOR('',#4968,1.);
#4968 = DIRECTION('',(1.,0.));
#4969 = ( GEOMETRIC_REPRESENTATION_CONTEXT(2) 
PARAMETRIC_REPRESENTATION_CONTEXT() REPRESENTATION_CONTEXT('2D SPACE',''
  ) );
#4970 = PCURVE('',#4434,#4971);
#4971 = DEFINITIONAL_REPRESENTATION('',(#4972),#4976);
#4972 = LINE('',#4973,#4974);
#4973 = CARTESIAN_POINT('',(9.234217591752E-02,0.));
#4974 = VECTOR('',#4975,1.);
#4975 = DIRECTION('',(-1.,0.));
#4976 = ( GEOMETRIC_REPRESENTATION_CONTEXT(2) 
PARAMETRIC_REPRESENTATION_CONTEXT() REPRESENTATION_CONTEXT('2D SPACE',''
  ) );
#4977 = ADVANCED_FACE('',(#4978),#4945,.T.);
#4978 = FACE_BOUND('',#4979,.T.);
#4979 = EDGE_LOOP('',(#4980,#4981,#5004,#5032));
#4980 = ORIENTED_EDGE('',*,*,#4929,.T.);
#4981 = ORIENTED_EDGE('',*,*,#4982,.T.);
#4982 = EDGE_CURVE('',#4907,#4983,#4985,.T.);
#4983 = VERTEX_POINT('',#4984);
#4984 = CARTESIAN_POINT('',(-5.211799016454E-02,-3.91091415894E-02,
    0.3568001));
#4985 = SURFACE_CURVE('',#4986,(#4990,#4997),.PCURVE_S1.);
#4986 = LINE('',#4987,#4988);
#4987 = CARTESIAN_POINT('',(-5.211799016454E-02,-6.157521658901E-02,
    0.3568001));
#4988 = VECTOR('',#4989,1.);
#4989 = DIRECTION('',(0.,1.,0.));
#4990 = PCURVE('',#4945,#4991);
#4991 = DEFINITIONAL_REPRESENTATION('',(#4992),#4996);
#4992 = LINE('',#4993,#4994);
#4993 = CARTESIAN_POINT('',(0.,-6.8E-03));
#4994 = VECTOR('',#4995,1.);
#4995 = DIRECTION('',(1.,0.));
#4996 = ( GEOMETRIC_REPRESENTATION_CONTEXT(2) 
PARAMETRIC_REPRESENTATION_CONTEXT() REPRESENTATION_CONTEXT('2D SPACE',''
  ) );
#4997 = PCURVE('',#4380,#4998);
#4998 = DEFINITIONAL_REPRESENTATION('',(#4999),#5003);
#4999 = LINE('',#5000,#5001);
#5000 = CARTESIAN_POINT('',(6.227728143275E-02,0.));
#5001 = VECTOR('',#5002,1.);
#5002 = DIRECTION('',(0.,1.));
#5003 = ( GEOMETRIC_REPRESENTATION_CONTEXT(2) 
PARAMETRIC_REPRESENTATION_CONTEXT() REPRESENTATION_CONTEXT('2D SPACE',''
  ) );
#5004 = ORIENTED_EDGE('',*,*,#5005,.F.);
#5005 = EDGE_CURVE('',#5006,#4983,#5008,.T.);
#5006 = VERTEX_POINT('',#5007);
#5007 = CARTESIAN_POINT('',(-5.211799016454E-02,-3.91091415894E-02,
    0.3500001));
#5008 = SURFACE_CURVE('',#5009,(#5013,#5020),.PCURVE_S1.);
#5009 = LINE('',#5010,#5011);
#5010 = CARTESIAN_POINT('',(-5.211799016454E-02,-3.91091415894E-02,
    0.3500001));
#5011 = VECTOR('',#5012,1.);
#5012 = DIRECTION('',(0.,0.,1.));
#5013 = PCURVE('',#4945,#5014);
#5014 = DEFINITIONAL_REPRESENTATION('',(#5015),#5019);
#5015 = LINE('',#5016,#5017);
#5016 = CARTESIAN_POINT('',(2.246607499961E-02,0.));
#5017 = VECTOR('',#5018,1.);
#5018 = DIRECTION('',(0.,-1.));
#5019 = ( GEOMETRIC_REPRESENTATION_CONTEXT(2) 
PARAMETRIC_REPRESENTATION_CONTEXT() REPRESENTATION_CONTEXT('2D SPACE',''
  ) );
#5020 = PCURVE('',#5021,#5026);
#5021 = PLANE('',#5022);
#5022 = AXIS2_PLACEMENT_3D('',#5023,#5024,#5025);
#5023 = CARTESIAN_POINT('',(-5.211799016454E-02,-3.91091415894E-02,
    0.3500001));
#5024 = DIRECTION('',(0.,-1.,0.));
#5025 = DIRECTION('',(-1.,0.,0.));
#5026 = DEFINITIONAL_REPRESENTATION('',(#5027),#5031);
#5027 = LINE('',#5028,#5029);
#5028 = CARTESIAN_POINT('',(0.,-0.));
#5029 = VECTOR('',#5030,1.);
#5030 = DIRECTION('',(0.,-1.));
#5031 = ( GEOMETRIC_REPRESENTATION_CONTEXT(2) 
PARAMETRIC_REPRESENTATION_CONTEXT() REPRESENTATION_CONTEXT('2D SPACE',''
  ) );
#5032 = ORIENTED_EDGE('',*,*,#5033,.F.);
#5033 = EDGE_CURVE('',#4930,#5006,#5034,.T.);
#5034 = SURFACE_CURVE('',#5035,(#5039,#5046),.PCURVE_S1.);
#5035 = LINE('',#5036,#5037);
#5036 = CARTESIAN_POINT('',(-5.211799016454E-02,-6.157521658901E-02,
    0.3500001));
#5037 = VECTOR('',#5038,1.);
#5038 = DIRECTION('',(0.,1.,0.));
#5039 = PCURVE('',#4945,#5040);
#5040 = DEFINITIONAL_REPRESENTATION('',(#5041),#5045);
#5041 = LINE('',#5042,#5043);
#5042 = CARTESIAN_POINT('',(0.,0.));
#5043 = VECTOR('',#5044,1.);
#5044 = DIRECTION('',(1.,0.));
#5045 = ( GEOMETRIC_REPRESENTATION_CONTEXT(2) 
PARAMETRIC_REPRESENTATION_CONTEXT() REPRESENTATION_CONTEXT('2D SPACE',''
  ) );
#5046 = PCURVE('',#4434,#5047);
#5047 = DEFINITIONAL_REPRESENTATION('',(#5048),#5052);
#5048 = LINE('',#5049,#5050);
#5049 = CARTESIAN_POINT('',(6.227728143275E-02,0.));
#5050 = VECTOR('',#5051,1.);
#5051 = DIRECTION('',(0.,1.));
#5052 = ( GEOMETRIC_REPRESENTATION_CONTEXT(2) 
PARAMETRIC_REPRESENTATION_CONTEXT() REPRESENTATION_CONTEXT('2D SPACE',''
  ) );
#5053 = ADVANCED_FACE('',(#5054),#5021,.T.);
#5054 = FACE_BOUND('',#5055,.T.);
#5055 = EDGE_LOOP('',(#5056,#5057,#5080,#5103));
#5056 = ORIENTED_EDGE('',*,*,#5005,.T.);
#5057 = ORIENTED_EDGE('',*,*,#5058,.T.);
#5058 = EDGE_CURVE('',#4983,#5059,#5061,.T.);
#5059 = VERTEX_POINT('',#5060);
#5060 = CARTESIAN_POINT('',(-0.106796452112,-3.91091415894E-02,0.3568001
    ));
#5061 = SURFACE_CURVE('',#5062,(#5066,#5073),.PCURVE_S1.);
#5062 = LINE('',#5063,#5064);
#5063 = CARTESIAN_POINT('',(-5.211799016454E-02,-3.91091415894E-02,
    0.3568001));
#5064 = VECTOR('',#5065,1.);
#5065 = DIRECTION('',(-1.,0.,0.));
#5066 = PCURVE('',#5021,#5067);
#5067 = DEFINITIONAL_REPRESENTATION('',(#5068),#5072);
#5068 = LINE('',#5069,#5070);
#5069 = CARTESIAN_POINT('',(0.,-6.8E-03));
#5070 = VECTOR('',#5071,1.);
#5071 = DIRECTION('',(1.,0.));
#5072 = ( GEOMETRIC_REPRESENTATION_CONTEXT(2) 
PARAMETRIC_REPRESENTATION_CONTEXT() REPRESENTATION_CONTEXT('2D SPACE',''
  ) );
#5073 = PCURVE('',#4380,#5074);
#5074 = DEFINITIONAL_REPRESENTATION('',(#5075),#5079);
#5075 = LINE('',#5076,#5077);
#5076 = CARTESIAN_POINT('',(6.227728143275E-02,2.246607499961E-02));
#5077 = VECTOR('',#5078,1.);
#5078 = DIRECTION('',(-1.,0.));
#5079 = ( GEOMETRIC_REPRESENTATION_CONTEXT(2) 
PARAMETRIC_REPRESENTATION_CONTEXT() REPRESENTATION_CONTEXT('2D SPACE',''
  ) );
#5080 = ORIENTED_EDGE('',*,*,#5081,.F.);
#5081 = EDGE_CURVE('',#5082,#5059,#5084,.T.);
#5082 = VERTEX_POINT('',#5083);
#5083 = CARTESIAN_POINT('',(-0.106796452112,-3.91091415894E-02,0.3500001
    ));
#5084 = SURFACE_CURVE('',#5085,(#5089,#5096),.PCURVE_S1.);
#5085 = LINE('',#5086,#5087);
#5086 = CARTESIAN_POINT('',(-0.106796452112,-3.91091415894E-02,0.3500001
    ));
#5087 = VECTOR('',#5088,1.);
#5088 = DIRECTION('',(0.,0.,1.));
#5089 = PCURVE('',#5021,#5090);
#5090 = DEFINITIONAL_REPRESENTATION('',(#5091),#5095);
#5091 = LINE('',#5092,#5093);
#5092 = CARTESIAN_POINT('',(5.467846194759E-02,0.));
#5093 = VECTOR('',#5094,1.);
#5094 = DIRECTION('',(0.,-1.));
#5095 = ( GEOMETRIC_REPRESENTATION_CONTEXT(2) 
PARAMETRIC_REPRESENTATION_CONTEXT() REPRESENTATION_CONTEXT('2D SPACE',''
  ) );
#5096 = PCURVE('',#4352,#5097);
#5097 = DEFINITIONAL_REPRESENTATION('',(#5098),#5102);
#5098 = LINE('',#5099,#5100);
#5099 = CARTESIAN_POINT('',(0.,0.));
#5100 = VECTOR('',#5101,1.);
#5101 = DIRECTION('',(0.,-1.));
#5102 = ( GEOMETRIC_REPRESENTATION_CONTEXT(2) 
PARAMETRIC_REPRESENTATION_CONTEXT() REPRESENTATION_CONTEXT('2D SPACE',''
  ) );
#5103 = ORIENTED_EDGE('',*,*,#5104,.F.);
#5104 = EDGE_CURVE('',#5006,#5082,#5105,.T.);
#5105 = SURFACE_CURVE('',#5106,(#5110,#5117),.PCURVE_S1.);
#5106 = LINE('',#5107,#5108);
#5107 = CARTESIAN_POINT('',(-5.211799016454E-02,-3.91091415894E-02,
    0.3500001));
#5108 = VECTOR('',#5109,1.);
#5109 = DIRECTION('',(-1.,0.,0.));
#5110 = PCURVE('',#5021,#5111);
#5111 = DEFINITIONAL_REPRESENTATION('',(#5112),#5116);
#5112 = LINE('',#5113,#5114);
#5113 = CARTESIAN_POINT('',(0.,-0.));
#5114 = VECTOR('',#5115,1.);
#5115 = DIRECTION('',(1.,0.));
#5116 = ( GEOMETRIC_REPRESENTATION_CONTEXT(2) 
PARAMETRIC_REPRESENTATION_CONTEXT() REPRESENTATION_CONTEXT('2D SPACE',''
  ) );
#5117 = PCURVE('',#4434,#5118);
#5118 = DEFINITIONAL_REPRESENTATION('',(#5119),#5123);
#5119 = LINE('',#5120,#5121);
#5120 = CARTESIAN_POINT('',(6.227728143275E-02,2.246607499961E-02));
#5121 = VECTOR('',#5122,1.);
#5122 = DIRECTION('',(-1.,0.));
#5123 = ( GEOMETRIC_REPRESENTATION_CONTEXT(2) 
PARAMETRIC_REPRESENTATION_CONTEXT() REPRESENTATION_CONTEXT('2D SPACE',''
  ) );
#5124 = ADVANCED_FACE('',(#5125),#4352,.T.);
#5125 = FACE_BOUND('',#5126,.T.);
#5126 = EDGE_LOOP('',(#5127,#5128,#5149,#5150));
#5127 = ORIENTED_EDGE('',*,*,#5081,.T.);
#5128 = ORIENTED_EDGE('',*,*,#5129,.T.);
#5129 = EDGE_CURVE('',#5059,#4332,#5130,.T.);
#5130 = SURFACE_CURVE('',#5131,(#5135,#5142),.PCURVE_S1.);
#5131 = LINE('',#5132,#5133);
#5132 = CARTESIAN_POINT('',(-0.106796452112,-3.91091415894E-02,0.3568001
    ));
#5133 = VECTOR('',#5134,1.);
#5134 = DIRECTION('',(0.,1.,0.));
#5135 = PCURVE('',#4352,#5136);
#5136 = DEFINITIONAL_REPRESENTATION('',(#5137),#5141);
#5137 = LINE('',#5138,#5139);
#5138 = CARTESIAN_POINT('',(-1.387778780781E-17,-6.8E-03));
#5139 = VECTOR('',#5140,1.);
#5140 = DIRECTION('',(1.,0.));
#5141 = ( GEOMETRIC_REPRESENTATION_CONTEXT(2) 
PARAMETRIC_REPRESENTATION_CONTEXT() REPRESENTATION_CONTEXT('2D SPACE',''
  ) );
#5142 = PCURVE('',#4380,#5143);
#5143 = DEFINITIONAL_REPRESENTATION('',(#5144),#5148);
#5144 = LINE('',#5145,#5146);
#5145 = CARTESIAN_POINT('',(7.598819485163E-03,2.246607499961E-02));
#5146 = VECTOR('',#5147,1.);
#5147 = DIRECTION('',(0.,1.));
#5148 = ( GEOMETRIC_REPRESENTATION_CONTEXT(2) 
PARAMETRIC_REPRESENTATION_CONTEXT() REPRESENTATION_CONTEXT('2D SPACE',''
  ) );
#5149 = ORIENTED_EDGE('',*,*,#4329,.F.);
#5150 = ORIENTED_EDGE('',*,*,#5151,.F.);
#5151 = EDGE_CURVE('',#5082,#4330,#5152,.T.);
#5152 = SURFACE_CURVE('',#5153,(#5157,#5164),.PCURVE_S1.);
#5153 = LINE('',#5154,#5155);
#5154 = CARTESIAN_POINT('',(-0.106796452112,-3.91091415894E-02,0.3500001
    ));
#5155 = VECTOR('',#5156,1.);
#5156 = DIRECTION('',(0.,1.,0.));
#5157 = PCURVE('',#4352,#5158);
#5158 = DEFINITIONAL_REPRESENTATION('',(#5159),#5163);
#5159 = LINE('',#5160,#5161);
#5160 = CARTESIAN_POINT('',(-1.387778780781E-17,0.));
#5161 = VECTOR('',#5162,1.);
#5162 = DIRECTION('',(1.,0.));
#5163 = ( GEOMETRIC_REPRESENTATION_CONTEXT(2) 
PARAMETRIC_REPRESENTATION_CONTEXT() REPRESENTATION_CONTEXT('2D SPACE',''
  ) );
#5164 = PCURVE('',#4434,#5165);
#5165 = DEFINITIONAL_REPRESENTATION('',(#5166),#5170);
#5166 = LINE('',#5167,#5168);
#5167 = CARTESIAN_POINT('',(7.598819485163E-03,2.246607499961E-02));
#5168 = VECTOR('',#5169,1.);
#5169 = DIRECTION('',(0.,1.));
#5170 = ( GEOMETRIC_REPRESENTATION_CONTEXT(2) 
PARAMETRIC_REPRESENTATION_CONTEXT() REPRESENTATION_CONTEXT('2D SPACE',''
  ) );
#5171 = ADVANCED_FACE('',(#5172),#5186,.T.);
#5172 = FACE_BOUND('',#5173,.T.);
#5173 = EDGE_LOOP('',(#5174,#5209,#5232,#5260));
#5174 = ORIENTED_EDGE('',*,*,#5175,.T.);
#5175 = EDGE_CURVE('',#5176,#5178,#5180,.T.);
#5176 = VERTEX_POINT('',#5177);
#5177 = CARTESIAN_POINT('',(-5.211799016454E-02,-1.6064895542E-02,
    0.3500001));
#5178 = VERTEX_POINT('',#5179);
#5179 = CARTESIAN_POINT('',(-5.211799016454E-02,-1.6064895542E-02,
    0.3568001));
#5180 = SURFACE_CURVE('',#5181,(#5185,#5197),.PCURVE_S1.);
#5181 = LINE('',#5182,#5183);
#5182 = CARTESIAN_POINT('',(-5.211799016454E-02,-1.6064895542E-02,
    0.3500001));
#5183 = VECTOR('',#5184,1.);
#5184 = DIRECTION('',(0.,0.,1.));
#5185 = PCURVE('',#5186,#5191);
#5186 = PLANE('',#5187);
#5187 = AXIS2_PLACEMENT_3D('',#5188,#5189,#5190);
#5188 = CARTESIAN_POINT('',(-5.211799016454E-02,-1.6064895542E-02,
    0.3500001));
#5189 = DIRECTION('',(-1.,0.,0.));
#5190 = DIRECTION('',(0.,1.,0.));
#5191 = DEFINITIONAL_REPRESENTATION('',(#5192),#5196);
#5192 = LINE('',#5193,#5194);
#5193 = CARTESIAN_POINT('',(0.,0.));
#5194 = VECTOR('',#5195,1.);
#5195 = DIRECTION('',(0.,-1.));
#5196 = ( GEOMETRIC_REPRESENTATION_CONTEXT(2) 
PARAMETRIC_REPRESENTATION_CONTEXT() REPRESENTATION_CONTEXT('2D SPACE',''
  ) );
#5197 = PCURVE('',#5198,#5203);
#5198 = PLANE('',#5199);
#5199 = AXIS2_PLACEMENT_3D('',#5200,#5201,#5202);
#5200 = CARTESIAN_POINT('',(-8.697344475953E-02,-1.6064895542E-02,
    0.3500001));
#5201 = DIRECTION('',(0.,1.,0.));
#5202 = DIRECTION('',(1.,0.,0.));
#5203 = DEFINITIONAL_REPRESENTATION('',(#5204),#5208);
#5204 = LINE('',#5205,#5206);
#5205 = CARTESIAN_POINT('',(3.485545459499E-02,0.));
#5206 = VECTOR('',#5207,1.);
#5207 = DIRECTION('',(0.,-1.));
#5208 = ( GEOMETRIC_REPRESENTATION_CONTEXT(2) 
PARAMETRIC_REPRESENTATION_CONTEXT() REPRESENTATION_CONTEXT('2D SPACE',''
  ) );
#5209 = ORIENTED_EDGE('',*,*,#5210,.T.);
#5210 = EDGE_CURVE('',#5178,#5211,#5213,.T.);
#5211 = VERTEX_POINT('',#5212);
#5212 = CARTESIAN_POINT('',(-5.211799016454E-02,3.555751943872E-02,
    0.3568001));
#5213 = SURFACE_CURVE('',#5214,(#5218,#5225),.PCURVE_S1.);
#5214 = LINE('',#5215,#5216);
#5215 = CARTESIAN_POINT('',(-5.211799016454E-02,-1.6064895542E-02,
    0.3568001));
#5216 = VECTOR('',#5217,1.);
#5217 = DIRECTION('',(0.,1.,0.));
#5218 = PCURVE('',#5186,#5219);
#5219 = DEFINITIONAL_REPRESENTATION('',(#5220),#5224);
#5220 = LINE('',#5221,#5222);
#5221 = CARTESIAN_POINT('',(-3.469446951954E-18,-6.8E-03));
#5222 = VECTOR('',#5223,1.);
#5223 = DIRECTION('',(1.,0.));
#5224 = ( GEOMETRIC_REPRESENTATION_CONTEXT(2) 
PARAMETRIC_REPRESENTATION_CONTEXT() REPRESENTATION_CONTEXT('2D SPACE',''
  ) );
#5225 = PCURVE('',#4380,#5226);
#5226 = DEFINITIONAL_REPRESENTATION('',(#5227),#5231);
#5227 = LINE('',#5228,#5229);
#5228 = CARTESIAN_POINT('',(6.227728143275E-02,4.551032104701E-02));
#5229 = VECTOR('',#5230,1.);
#5230 = DIRECTION('',(0.,1.));
#5231 = ( GEOMETRIC_REPRESENTATION_CONTEXT(2) 
PARAMETRIC_REPRESENTATION_CONTEXT() REPRESENTATION_CONTEXT('2D SPACE',''
  ) );
#5232 = ORIENTED_EDGE('',*,*,#5233,.F.);
#5233 = EDGE_CURVE('',#5234,#5211,#5236,.T.);
#5234 = VERTEX_POINT('',#5235);
#5235 = CARTESIAN_POINT('',(-5.211799016454E-02,3.555751943872E-02,
    0.3500001));
#5236 = SURFACE_CURVE('',#5237,(#5241,#5248),.PCURVE_S1.);
#5237 = LINE('',#5238,#5239);
#5238 = CARTESIAN_POINT('',(-5.211799016454E-02,3.555751943872E-02,
    0.3500001));
#5239 = VECTOR('',#5240,1.);
#5240 = DIRECTION('',(0.,0.,1.));
#5241 = PCURVE('',#5186,#5242);
#5242 = DEFINITIONAL_REPRESENTATION('',(#5243),#5247);
#5243 = LINE('',#5244,#5245);
#5244 = CARTESIAN_POINT('',(5.162241498073E-02,0.));
#5245 = VECTOR('',#5246,1.);
#5246 = DIRECTION('',(0.,-1.));
#5247 = ( GEOMETRIC_REPRESENTATION_CONTEXT(2) 
PARAMETRIC_REPRESENTATION_CONTEXT() REPRESENTATION_CONTEXT('2D SPACE',''
  ) );
#5248 = PCURVE('',#5249,#5254);
#5249 = PLANE('',#5250);
#5250 = AXIS2_PLACEMENT_3D('',#5251,#5252,#5253);
#5251 = CARTESIAN_POINT('',(-5.211799016454E-02,3.555751943872E-02,
    0.3500001));
#5252 = DIRECTION('',(0.828771802918,-0.55958672133,0.));
#5253 = DIRECTION('',(-0.55958672133,-0.828771802918,0.));
#5254 = DEFINITIONAL_REPRESENTATION('',(#5255),#5259);
#5255 = LINE('',#5256,#5257);
#5256 = CARTESIAN_POINT('',(0.,0.));
#5257 = VECTOR('',#5258,1.);
#5258 = DIRECTION('',(0.,-1.));
#5259 = ( GEOMETRIC_REPRESENTATION_CONTEXT(2) 
PARAMETRIC_REPRESENTATION_CONTEXT() REPRESENTATION_CONTEXT('2D SPACE',''
  ) );
#5260 = ORIENTED_EDGE('',*,*,#5261,.F.);
#5261 = EDGE_CURVE('',#5176,#5234,#5262,.T.);
#5262 = SURFACE_CURVE('',#5263,(#5267,#5274),.PCURVE_S1.);
#5263 = LINE('',#5264,#5265);
#5264 = CARTESIAN_POINT('',(-5.211799016454E-02,-1.6064895542E-02,
    0.3500001));
#5265 = VECTOR('',#5266,1.);
#5266 = DIRECTION('',(0.,1.,0.));
#5267 = PCURVE('',#5186,#5268);
#5268 = DEFINITIONAL_REPRESENTATION('',(#5269),#5273);
#5269 = LINE('',#5270,#5271);
#5270 = CARTESIAN_POINT('',(-3.469446951954E-18,0.));
#5271 = VECTOR('',#5272,1.);
#5272 = DIRECTION('',(1.,0.));
#5273 = ( GEOMETRIC_REPRESENTATION_CONTEXT(2) 
PARAMETRIC_REPRESENTATION_CONTEXT() REPRESENTATION_CONTEXT('2D SPACE',''
  ) );
#5274 = PCURVE('',#4434,#5275);
#5275 = DEFINITIONAL_REPRESENTATION('',(#5276),#5280);
#5276 = LINE('',#5277,#5278);
#5277 = CARTESIAN_POINT('',(6.227728143275E-02,4.551032104701E-02));
#5278 = VECTOR('',#5279,1.);
#5279 = DIRECTION('',(0.,1.));
#5280 = ( GEOMETRIC_REPRESENTATION_CONTEXT(2) 
PARAMETRIC_REPRESENTATION_CONTEXT() REPRESENTATION_CONTEXT('2D SPACE',''
  ) );
#5281 = ADVANCED_FACE('',(#5282),#5249,.T.);
#5282 = FACE_BOUND('',#5283,.T.);
#5283 = EDGE_LOOP('',(#5284,#5285,#5308,#5331));
#5284 = ORIENTED_EDGE('',*,*,#5233,.T.);
#5285 = ORIENTED_EDGE('',*,*,#5286,.T.);
#5286 = EDGE_CURVE('',#5211,#5287,#5289,.T.);
#5287 = VERTEX_POINT('',#5288);
#5288 = CARTESIAN_POINT('',(-8.697344475953E-02,-1.6064895542E-02,
    0.3568001));
#5289 = SURFACE_CURVE('',#5290,(#5294,#5301),.PCURVE_S1.);
#5290 = LINE('',#5291,#5292);
#5291 = CARTESIAN_POINT('',(-5.211799016454E-02,3.555751943872E-02,
    0.3568001));
#5292 = VECTOR('',#5293,1.);
#5293 = DIRECTION('',(-0.55958672133,-0.828771802918,0.));
#5294 = PCURVE('',#5249,#5295);
#5295 = DEFINITIONAL_REPRESENTATION('',(#5296),#5300);
#5296 = LINE('',#5297,#5298);
#5297 = CARTESIAN_POINT('',(5.750759610995E-18,-6.8E-03));
#5298 = VECTOR('',#5299,1.);
#5299 = DIRECTION('',(1.,-0.));
#5300 = ( GEOMETRIC_REPRESENTATION_CONTEXT(2) 
PARAMETRIC_REPRESENTATION_CONTEXT() REPRESENTATION_CONTEXT('2D SPACE',''
  ) );
#5301 = PCURVE('',#4380,#5302);
#5302 = DEFINITIONAL_REPRESENTATION('',(#5303),#5307);
#5303 = LINE('',#5304,#5305);
#5304 = CARTESIAN_POINT('',(6.227728143275E-02,9.713273602773E-02));
#5305 = VECTOR('',#5306,1.);
#5306 = DIRECTION('',(-0.55958672133,-0.828771802918));
#5307 = ( GEOMETRIC_REPRESENTATION_CONTEXT(2) 
PARAMETRIC_REPRESENTATION_CONTEXT() REPRESENTATION_CONTEXT('2D SPACE',''
  ) );
#5308 = ORIENTED_EDGE('',*,*,#5309,.F.);
#5309 = EDGE_CURVE('',#5310,#5287,#5312,.T.);
#5310 = VERTEX_POINT('',#5311);
#5311 = CARTESIAN_POINT('',(-8.697344475953E-02,-1.6064895542E-02,
    0.3500001));
#5312 = SURFACE_CURVE('',#5313,(#5317,#5324),.PCURVE_S1.);
#5313 = LINE('',#5314,#5315);
#5314 = CARTESIAN_POINT('',(-8.697344475953E-02,-1.6064895542E-02,
    0.3500001));
#5315 = VECTOR('',#5316,1.);
#5316 = DIRECTION('',(0.,0.,1.));
#5317 = PCURVE('',#5249,#5318);
#5318 = DEFINITIONAL_REPRESENTATION('',(#5319),#5323);
#5319 = LINE('',#5320,#5321);
#5320 = CARTESIAN_POINT('',(6.228785149181E-02,-0.));
#5321 = VECTOR('',#5322,1.);
#5322 = DIRECTION('',(0.,-1.));
#5323 = ( GEOMETRIC_REPRESENTATION_CONTEXT(2) 
PARAMETRIC_REPRESENTATION_CONTEXT() REPRESENTATION_CONTEXT('2D SPACE',''
  ) );
#5324 = PCURVE('',#5198,#5325);
#5325 = DEFINITIONAL_REPRESENTATION('',(#5326),#5330);
#5326 = LINE('',#5327,#5328);
#5327 = CARTESIAN_POINT('',(0.,0.));
#5328 = VECTOR('',#5329,1.);
#5329 = DIRECTION('',(0.,-1.));
#5330 = ( GEOMETRIC_REPRESENTATION_CONTEXT(2) 
PARAMETRIC_REPRESENTATION_CONTEXT() REPRESENTATION_CONTEXT('2D SPACE',''
  ) );
#5331 = ORIENTED_EDGE('',*,*,#5332,.F.);
#5332 = EDGE_CURVE('',#5234,#5310,#5333,.T.);
#5333 = SURFACE_CURVE('',#5334,(#5338,#5345),.PCURVE_S1.);
#5334 = LINE('',#5335,#5336);
#5335 = CARTESIAN_POINT('',(-5.211799016454E-02,3.555751943872E-02,
    0.3500001));
#5336 = VECTOR('',#5337,1.);
#5337 = DIRECTION('',(-0.55958672133,-0.828771802918,0.));
#5338 = PCURVE('',#5249,#5339);
#5339 = DEFINITIONAL_REPRESENTATION('',(#5340),#5344);
#5340 = LINE('',#5341,#5342);
#5341 = CARTESIAN_POINT('',(5.750759610995E-18,0.));
#5342 = VECTOR('',#5343,1.);
#5343 = DIRECTION('',(1.,-0.));
#5344 = ( GEOMETRIC_REPRESENTATION_CONTEXT(2) 
PARAMETRIC_REPRESENTATION_CONTEXT() REPRESENTATION_CONTEXT('2D SPACE',''
  ) );
#5345 = PCURVE('',#4434,#5346);
#5346 = DEFINITIONAL_REPRESENTATION('',(#5347),#5351);
#5347 = LINE('',#5348,#5349);
#5348 = CARTESIAN_POINT('',(6.227728143275E-02,9.713273602773E-02));
#5349 = VECTOR('',#5350,1.);
#5350 = DIRECTION('',(-0.55958672133,-0.828771802918));
#5351 = ( GEOMETRIC_REPRESENTATION_CONTEXT(2) 
PARAMETRIC_REPRESENTATION_CONTEXT() REPRESENTATION_CONTEXT('2D SPACE',''
  ) );
#5352 = ADVANCED_FACE('',(#5353),#5198,.T.);
#5353 = FACE_BOUND('',#5354,.T.);
#5354 = EDGE_LOOP('',(#5355,#5356,#5377,#5378));
#5355 = ORIENTED_EDGE('',*,*,#5309,.T.);
#5356 = ORIENTED_EDGE('',*,*,#5357,.T.);
#5357 = EDGE_CURVE('',#5287,#5178,#5358,.T.);
#5358 = SURFACE_CURVE('',#5359,(#5363,#5370),.PCURVE_S1.);
#5359 = LINE('',#5360,#5361);
#5360 = CARTESIAN_POINT('',(-8.697344475953E-02,-1.6064895542E-02,
    0.3568001));
#5361 = VECTOR('',#5362,1.);
#5362 = DIRECTION('',(1.,0.,0.));
#5363 = PCURVE('',#5198,#5364);
#5364 = DEFINITIONAL_REPRESENTATION('',(#5365),#5369);
#5365 = LINE('',#5366,#5367);
#5366 = CARTESIAN_POINT('',(1.387778780781E-17,-6.8E-03));
#5367 = VECTOR('',#5368,1.);
#5368 = DIRECTION('',(1.,0.));
#5369 = ( GEOMETRIC_REPRESENTATION_CONTEXT(2) 
PARAMETRIC_REPRESENTATION_CONTEXT() REPRESENTATION_CONTEXT('2D SPACE',''
  ) );
#5370 = PCURVE('',#4380,#5371);
#5371 = DEFINITIONAL_REPRESENTATION('',(#5372),#5376);
#5372 = LINE('',#5373,#5374);
#5373 = CARTESIAN_POINT('',(2.742182683776E-02,4.551032104701E-02));
#5374 = VECTOR('',#5375,1.);
#5375 = DIRECTION('',(1.,0.));
#5376 = ( GEOMETRIC_REPRESENTATION_CONTEXT(2) 
PARAMETRIC_REPRESENTATION_CONTEXT() REPRESENTATION_CONTEXT('2D SPACE',''
  ) );
#5377 = ORIENTED_EDGE('',*,*,#5175,.F.);
#5378 = ORIENTED_EDGE('',*,*,#5379,.F.);
#5379 = EDGE_CURVE('',#5310,#5176,#5380,.T.);
#5380 = SURFACE_CURVE('',#5381,(#5385,#5392),.PCURVE_S1.);
#5381 = LINE('',#5382,#5383);
#5382 = CARTESIAN_POINT('',(-8.697344475953E-02,-1.6064895542E-02,
    0.3500001));
#5383 = VECTOR('',#5384,1.);
#5384 = DIRECTION('',(1.,0.,0.));
#5385 = PCURVE('',#5198,#5386);
#5386 = DEFINITIONAL_REPRESENTATION('',(#5387),#5391);
#5387 = LINE('',#5388,#5389);
#5388 = CARTESIAN_POINT('',(1.387778780781E-17,0.));
#5389 = VECTOR('',#5390,1.);
#5390 = DIRECTION('',(1.,0.));
#5391 = ( GEOMETRIC_REPRESENTATION_CONTEXT(2) 
PARAMETRIC_REPRESENTATION_CONTEXT() REPRESENTATION_CONTEXT('2D SPACE',''
  ) );
#5392 = PCURVE('',#4434,#5393);
#5393 = DEFINITIONAL_REPRESENTATION('',(#5394),#5398);
#5394 = LINE('',#5395,#5396);
#5395 = CARTESIAN_POINT('',(2.742182683776E-02,4.551032104701E-02));
#5396 = VECTOR('',#5397,1.);
#5397 = DIRECTION('',(1.,0.));
#5398 = ( GEOMETRIC_REPRESENTATION_CONTEXT(2) 
PARAMETRIC_REPRESENTATION_CONTEXT() REPRESENTATION_CONTEXT('2D SPACE',''
  ) );
#5399 = ADVANCED_FACE('',(#5400,#5413),#4434,.F.);
#5400 = FACE_BOUND('',#5401,.T.);
#5401 = EDGE_LOOP('',(#5402,#5403,#5404,#5405,#5406,#5407,#5408,#5409,
    #5410,#5411,#5412));
#5402 = ORIENTED_EDGE('',*,*,#4420,.T.);
#5403 = ORIENTED_EDGE('',*,*,#4501,.T.);
#5404 = ORIENTED_EDGE('',*,*,#4577,.T.);
#5405 = ORIENTED_EDGE('',*,*,#4653,.T.);
#5406 = ORIENTED_EDGE('',*,*,#4729,.T.);
#5407 = ORIENTED_EDGE('',*,*,#4805,.T.);
#5408 = ORIENTED_EDGE('',*,*,#4881,.T.);
#5409 = ORIENTED_EDGE('',*,*,#4957,.T.);
#5410 = ORIENTED_EDGE('',*,*,#5033,.T.);
#5411 = ORIENTED_EDGE('',*,*,#5104,.T.);
#5412 = ORIENTED_EDGE('',*,*,#5151,.T.);
#5413 = FACE_BOUND('',#5414,.T.);
#5414 = EDGE_LOOP('',(#5415,#5416,#5417));
#5415 = ORIENTED_EDGE('',*,*,#5261,.T.);
#5416 = ORIENTED_EDGE('',*,*,#5332,.T.);
#5417 = ORIENTED_EDGE('',*,*,#5379,.T.);
#5418 = ADVANCED_FACE('',(#5419,#5432),#4380,.T.);
#5419 = FACE_BOUND('',#5420,.F.);
#5420 = EDGE_LOOP('',(#5421,#5422,#5423,#5424,#5425,#5426,#5427,#5428,
    #5429,#5430,#5431));
#5421 = ORIENTED_EDGE('',*,*,#4364,.T.);
#5422 = ORIENTED_EDGE('',*,*,#4450,.T.);
#5423 = ORIENTED_EDGE('',*,*,#4526,.T.);
#5424 = ORIENTED_EDGE('',*,*,#4602,.T.);
#5425 = ORIENTED_EDGE('',*,*,#4678,.T.);
#5426 = ORIENTED_EDGE('',*,*,#4754,.T.);
#5427 = ORIENTED_EDGE('',*,*,#4830,.T.);
#5428 = ORIENTED_EDGE('',*,*,#4906,.T.);
#5429 = ORIENTED_EDGE('',*,*,#4982,.T.);
#5430 = ORIENTED_EDGE('',*,*,#5058,.T.);
#5431 = ORIENTED_EDGE('',*,*,#5129,.T.);
#5432 = FACE_BOUND('',#5433,.F.);
#5433 = EDGE_LOOP('',(#5434,#5435,#5436));
#5434 = ORIENTED_EDGE('',*,*,#5210,.T.);
#5435 = ORIENTED_EDGE('',*,*,#5286,.T.);
#5436 = ORIENTED_EDGE('',*,*,#5357,.T.);
#5437 = MANIFOLD_SOLID_BREP('',#5438);
#5438 = CLOSED_SHELL('',(#5439,#5565,#5643,#5721,#5799,#5877,#5955,#6026
    ,#6073,#6189,#6267,#6345,#6423,#6501,#6579,#6650,#6697,#6718));
#5439 = ADVANCED_FACE('',(#5440),#5454,.T.);
#5440 = FACE_BOUND('',#5441,.T.);
#5441 = EDGE_LOOP('',(#5442,#5481,#5509,#5539));
#5442 = ORIENTED_EDGE('',*,*,#5443,.T.);
#5443 = EDGE_CURVE('',#5444,#5446,#5448,.T.);
#5444 = VERTEX_POINT('',#5445);
#5445 = CARTESIAN_POINT('',(0.112908546046,-4.129793198459E-05,0.3500001
    ));
#5446 = VERTEX_POINT('',#5447);
#5447 = CARTESIAN_POINT('',(0.112908546046,-4.129793198459E-05,0.3568001
    ));
#5448 = SURFACE_CURVE('',#5449,(#5453,#5467),.PCURVE_S1.);
#5449 = LINE('',#5450,#5451);
#5450 = CARTESIAN_POINT('',(0.112908546046,-4.129793198459E-05,0.3500001
    ));
#5451 = VECTOR('',#5452,1.);
#5452 = DIRECTION('',(0.,0.,1.));
#5453 = PCURVE('',#5454,#5461);
#5454 = SURFACE_OF_LINEAR_EXTRUSION('',#5455,#5459);
#5455 = B_SPLINE_CURVE_WITH_KNOTS('',2,(#5456,#5457,#5458),
  .UNSPECIFIED.,.F.,.F.,(3,3),(0.,1.),.PIECEWISE_BEZIER_KNOTS.);
#5456 = CARTESIAN_POINT('',(0.112908546046,-4.129793198459E-05,0.3500001
    ));
#5457 = CARTESIAN_POINT('',(0.112908546046,-3.068436346454E-02,0.3500001
    ));
#5458 = CARTESIAN_POINT('',(9.969320781078E-02,-4.732743005433E-02,
    0.3500001));
#5459 = VECTOR('',#5460,1.);
#5460 = DIRECTION('',(-0.,-0.,-1.));
#5461 = DEFINITIONAL_REPRESENTATION('',(#5462),#5466);
#5462 = LINE('',#5463,#5464);
#5463 = CARTESIAN_POINT('',(0.,0.));
#5464 = VECTOR('',#5465,1.);
#5465 = DIRECTION('',(0.,-1.));
#5466 = ( GEOMETRIC_REPRESENTATION_CONTEXT(2) 
PARAMETRIC_REPRESENTATION_CONTEXT() REPRESENTATION_CONTEXT('2D SPACE',''
  ) );
#5467 = PCURVE('',#5468,#5475);
#5468 = SURFACE_OF_LINEAR_EXTRUSION('',#5469,#5473);
#5469 = B_SPLINE_CURVE_WITH_KNOTS('',2,(#5470,#5471,#5472),
  .UNSPECIFIED.,.F.,.F.,(3,3),(0.,1.),.PIECEWISE_BEZIER_KNOTS.);
#5470 = CARTESIAN_POINT('',(9.969320781078E-02,4.732743005433E-02,
    0.3500001));
#5471 = CARTESIAN_POINT('',(0.112908546046,3.068436346454E-02,0.3500001)
  );
#5472 = CARTESIAN_POINT('',(0.112908546046,-4.129793198459E-05,0.3500001
    ));
#5473 = VECTOR('',#5474,1.);
#5474 = DIRECTION('',(-0.,-0.,-1.));
#5475 = DEFINITIONAL_REPRESENTATION('',(#5476),#5480);
#5476 = LINE('',#5477,#5478);
#5477 = CARTESIAN_POINT('',(1.,0.));
#5478 = VECTOR('',#5479,1.);
#5479 = DIRECTION('',(0.,-1.));
#5480 = ( GEOMETRIC_REPRESENTATION_CONTEXT(2) 
PARAMETRIC_REPRESENTATION_CONTEXT() REPRESENTATION_CONTEXT('2D SPACE',''
  ) );
#5481 = ORIENTED_EDGE('',*,*,#5482,.T.);
#5482 = EDGE_CURVE('',#5446,#5483,#5485,.T.);
#5483 = VERTEX_POINT('',#5484);
#5484 = CARTESIAN_POINT('',(9.969320781078E-02,-4.732743005433E-02,
    0.3568001));
#5485 = SURFACE_CURVE('',#5486,(#5490,#5497),.PCURVE_S1.);
#5486 = B_SPLINE_CURVE_WITH_KNOTS('',2,(#5487,#5488,#5489),
  .UNSPECIFIED.,.F.,.F.,(3,3),(0.,1.),.PIECEWISE_BEZIER_KNOTS.);
#5487 = CARTESIAN_POINT('',(0.112908546046,-4.129793198459E-05,0.3568001
    ));
#5488 = CARTESIAN_POINT('',(0.112908546046,-3.068436346454E-02,0.3568001
    ));
#5489 = CARTESIAN_POINT('',(9.969320781078E-02,-4.732743005433E-02,
    0.3568001));
#5490 = PCURVE('',#5454,#5491);
#5491 = DEFINITIONAL_REPRESENTATION('',(#5492),#5496);
#5492 = LINE('',#5493,#5494);
#5493 = CARTESIAN_POINT('',(0.,-6.8E-03));
#5494 = VECTOR('',#5495,1.);
#5495 = DIRECTION('',(1.,0.));
#5496 = ( GEOMETRIC_REPRESENTATION_CONTEXT(2) 
PARAMETRIC_REPRESENTATION_CONTEXT() REPRESENTATION_CONTEXT('2D SPACE',''
  ) );
#5497 = PCURVE('',#5498,#5503);
#5498 = PLANE('',#5499);
#5499 = AXIS2_PLACEMENT_3D('',#5500,#5501,#5502);
#5500 = CARTESIAN_POINT('',(3.303834558766E-03,-6.157521658901E-02,
    0.3568001));
#5501 = DIRECTION('',(0.,0.,1.));
#5502 = DIRECTION('',(1.,0.,0.));
#5503 = DEFINITIONAL_REPRESENTATION('',(#5504),#5508);
#5504 = B_SPLINE_CURVE_WITH_KNOTS('',2,(#5505,#5506,#5507),
  .UNSPECIFIED.,.F.,.F.,(3,3),(0.,1.),.PIECEWISE_BEZIER_KNOTS.);
#5505 = CARTESIAN_POINT('',(0.109604711487,6.153391865703E-02));
#5506 = CARTESIAN_POINT('',(0.109604711487,3.089085312447E-02));
#5507 = CARTESIAN_POINT('',(9.638937325201E-02,1.424778653468E-02));
#5508 = ( GEOMETRIC_REPRESENTATION_CONTEXT(2) 
PARAMETRIC_REPRESENTATION_CONTEXT() REPRESENTATION_CONTEXT('2D SPACE',''
  ) );
#5509 = ORIENTED_EDGE('',*,*,#5510,.F.);
#5510 = EDGE_CURVE('',#5511,#5483,#5513,.T.);
#5511 = VERTEX_POINT('',#5512);
#5512 = CARTESIAN_POINT('',(9.969320781078E-02,-4.732743005433E-02,
    0.3500001));
#5513 = SURFACE_CURVE('',#5514,(#5518,#5525),.PCURVE_S1.);
#5514 = LINE('',#5515,#5516);
#5515 = CARTESIAN_POINT('',(9.969320781078E-02,-4.732743005433E-02,
    0.3500001));
#5516 = VECTOR('',#5517,1.);
#5517 = DIRECTION('',(0.,0.,1.));
#5518 = PCURVE('',#5454,#5519);
#5519 = DEFINITIONAL_REPRESENTATION('',(#5520),#5524);
#5520 = LINE('',#5521,#5522);
#5521 = CARTESIAN_POINT('',(1.,0.));
#5522 = VECTOR('',#5523,1.);
#5523 = DIRECTION('',(0.,-1.));
#5524 = ( GEOMETRIC_REPRESENTATION_CONTEXT(2) 
PARAMETRIC_REPRESENTATION_CONTEXT() REPRESENTATION_CONTEXT('2D SPACE',''
  ) );
#5525 = PCURVE('',#5526,#5533);
#5526 = SURFACE_OF_LINEAR_EXTRUSION('',#5527,#5531);
#5527 = B_SPLINE_CURVE_WITH_KNOTS('',2,(#5528,#5529,#5530),
  .UNSPECIFIED.,.F.,.F.,(3,3),(0.,1.),.PIECEWISE_BEZIER_KNOTS.);
#5528 = CARTESIAN_POINT('',(9.969320781078E-02,-4.732743005433E-02,
    0.3500001));
#5529 = CARTESIAN_POINT('',(8.647786957571E-02,-6.397049664412E-02,
    0.3500001));
#5530 = CARTESIAN_POINT('',(6.219468556878E-02,-6.397049664412E-02,
    0.3500001));
#5531 = VECTOR('',#5532,1.);
#5532 = DIRECTION('',(-0.,-0.,-1.));
#5533 = DEFINITIONAL_REPRESENTATION('',(#5534),#5538);
#5534 = LINE('',#5535,#5536);
#5535 = CARTESIAN_POINT('',(0.,0.));
#5536 = VECTOR('',#5537,1.);
#5537 = DIRECTION('',(0.,-1.));
#5538 = ( GEOMETRIC_REPRESENTATION_CONTEXT(2) 
PARAMETRIC_REPRESENTATION_CONTEXT() REPRESENTATION_CONTEXT('2D SPACE',''
  ) );
#5539 = ORIENTED_EDGE('',*,*,#5540,.F.);
#5540 = EDGE_CURVE('',#5444,#5511,#5541,.T.);
#5541 = SURFACE_CURVE('',#5542,(#5546,#5553),.PCURVE_S1.);
#5542 = B_SPLINE_CURVE_WITH_KNOTS('',2,(#5543,#5544,#5545),
  .UNSPECIFIED.,.F.,.F.,(3,3),(0.,1.),.PIECEWISE_BEZIER_KNOTS.);
#5543 = CARTESIAN_POINT('',(0.112908546046,-4.129793198459E-05,0.3500001
    ));
#5544 = CARTESIAN_POINT('',(0.112908546046,-3.068436346454E-02,0.3500001
    ));
#5545 = CARTESIAN_POINT('',(9.969320781078E-02,-4.732743005433E-02,
    0.3500001));
#5546 = PCURVE('',#5454,#5547);
#5547 = DEFINITIONAL_REPRESENTATION('',(#5548),#5552);
#5548 = LINE('',#5549,#5550);
#5549 = CARTESIAN_POINT('',(0.,0.));
#5550 = VECTOR('',#5551,1.);
#5551 = DIRECTION('',(1.,0.));
#5552 = ( GEOMETRIC_REPRESENTATION_CONTEXT(2) 
PARAMETRIC_REPRESENTATION_CONTEXT() REPRESENTATION_CONTEXT('2D SPACE',''
  ) );
#5553 = PCURVE('',#5554,#5559);
#5554 = PLANE('',#5555);
#5555 = AXIS2_PLACEMENT_3D('',#5556,#5557,#5558);
#5556 = CARTESIAN_POINT('',(3.303834558766E-03,-6.157521658901E-02,
    0.3500001));
#5557 = DIRECTION('',(0.,0.,1.));
#5558 = DIRECTION('',(1.,0.,0.));
#5559 = DEFINITIONAL_REPRESENTATION('',(#5560),#5564);
#5560 = B_SPLINE_CURVE_WITH_KNOTS('',2,(#5561,#5562,#5563),
  .UNSPECIFIED.,.F.,.F.,(3,3),(0.,1.),.PIECEWISE_BEZIER_KNOTS.);
#5561 = CARTESIAN_POINT('',(0.109604711487,6.153391865703E-02));
#5562 = CARTESIAN_POINT('',(0.109604711487,3.089085312447E-02));
#5563 = CARTESIAN_POINT('',(9.638937325201E-02,1.424778653468E-02));
#5564 = ( GEOMETRIC_REPRESENTATION_CONTEXT(2) 
PARAMETRIC_REPRESENTATION_CONTEXT() REPRESENTATION_CONTEXT('2D SPACE',''
  ) );
#5565 = ADVANCED_FACE('',(#5566),#5526,.T.);
#5566 = FACE_BOUND('',#5567,.T.);
#5567 = EDGE_LOOP('',(#5568,#5569,#5592,#5622));
#5568 = ORIENTED_EDGE('',*,*,#5510,.T.);
#5569 = ORIENTED_EDGE('',*,*,#5570,.T.);
#5570 = EDGE_CURVE('',#5483,#5571,#5573,.T.);
#5571 = VERTEX_POINT('',#5572);
#5572 = CARTESIAN_POINT('',(6.219468556878E-02,-6.397049664412E-02,
    0.3568001));
#5573 = SURFACE_CURVE('',#5574,(#5578,#5585),.PCURVE_S1.);
#5574 = B_SPLINE_CURVE_WITH_KNOTS('',2,(#5575,#5576,#5577),
  .UNSPECIFIED.,.F.,.F.,(3,3),(0.,1.),.PIECEWISE_BEZIER_KNOTS.);
#5575 = CARTESIAN_POINT('',(9.969320781078E-02,-4.732743005433E-02,
    0.3568001));
#5576 = CARTESIAN_POINT('',(8.647786957571E-02,-6.397049664412E-02,
    0.3568001));
#5577 = CARTESIAN_POINT('',(6.219468556878E-02,-6.397049664412E-02,
    0.3568001));
#5578 = PCURVE('',#5526,#5579);
#5579 = DEFINITIONAL_REPRESENTATION('',(#5580),#5584);
#5580 = LINE('',#5581,#5582);
#5581 = CARTESIAN_POINT('',(0.,-6.8E-03));
#5582 = VECTOR('',#5583,1.);
#5583 = DIRECTION('',(1.,0.));
#5584 = ( GEOMETRIC_REPRESENTATION_CONTEXT(2) 
PARAMETRIC_REPRESENTATION_CONTEXT() REPRESENTATION_CONTEXT('2D SPACE',''
  ) );
#5585 = PCURVE('',#5498,#5586);
#5586 = DEFINITIONAL_REPRESENTATION('',(#5587),#5591);
#5587 = B_SPLINE_CURVE_WITH_KNOTS('',2,(#5588,#5589,#5590),
  .UNSPECIFIED.,.F.,.F.,(3,3),(0.,1.),.PIECEWISE_BEZIER_KNOTS.);
#5588 = CARTESIAN_POINT('',(9.638937325201E-02,1.424778653468E-02));
#5589 = CARTESIAN_POINT('',(8.317403501695E-02,-2.395280055106E-03));
#5590 = CARTESIAN_POINT('',(5.889085101001E-02,-2.395280055106E-03));
#5591 = ( GEOMETRIC_REPRESENTATION_CONTEXT(2) 
PARAMETRIC_REPRESENTATION_CONTEXT() REPRESENTATION_CONTEXT('2D SPACE',''
  ) );
#5592 = ORIENTED_EDGE('',*,*,#5593,.F.);
#5593 = EDGE_CURVE('',#5594,#5571,#5596,.T.);
#5594 = VERTEX_POINT('',#5595);
#5595 = CARTESIAN_POINT('',(6.219468556878E-02,-6.397049664412E-02,
    0.3500001));
#5596 = SURFACE_CURVE('',#5597,(#5601,#5608),.PCURVE_S1.);
#5597 = LINE('',#5598,#5599);
#5598 = CARTESIAN_POINT('',(6.219468556878E-02,-6.397049664412E-02,
    0.3500001));
#5599 = VECTOR('',#5600,1.);
#5600 = DIRECTION('',(0.,0.,1.));
#5601 = PCURVE('',#5526,#5602);
#5602 = DEFINITIONAL_REPRESENTATION('',(#5603),#5607);
#5603 = LINE('',#5604,#5605);
#5604 = CARTESIAN_POINT('',(1.,0.));
#5605 = VECTOR('',#5606,1.);
#5606 = DIRECTION('',(0.,-1.));
#5607 = ( GEOMETRIC_REPRESENTATION_CONTEXT(2) 
PARAMETRIC_REPRESENTATION_CONTEXT() REPRESENTATION_CONTEXT('2D SPACE',''
  ) );
#5608 = PCURVE('',#5609,#5616);
#5609 = SURFACE_OF_LINEAR_EXTRUSION('',#5610,#5614);
#5610 = B_SPLINE_CURVE_WITH_KNOTS('',2,(#5611,#5612,#5613),
  .UNSPECIFIED.,.F.,.F.,(3,3),(0.,1.),.PIECEWISE_BEZIER_KNOTS.);
#5611 = CARTESIAN_POINT('',(6.219468556878E-02,-6.397049664412E-02,
    0.3500001));
#5612 = CARTESIAN_POINT('',(3.782890569788E-02,-6.397049664412E-02,
    0.3500001));
#5613 = CARTESIAN_POINT('',(2.461356746281E-02,-4.732743005433E-02,
    0.3500001));
#5614 = VECTOR('',#5615,1.);
#5615 = DIRECTION('',(-0.,-0.,-1.));
#5616 = DEFINITIONAL_REPRESENTATION('',(#5617),#5621);
#5617 = LINE('',#5618,#5619);
#5618 = CARTESIAN_POINT('',(0.,0.));
#5619 = VECTOR('',#5620,1.);
#5620 = DIRECTION('',(0.,-1.));
#5621 = ( GEOMETRIC_REPRESENTATION_CONTEXT(2) 
PARAMETRIC_REPRESENTATION_CONTEXT() REPRESENTATION_CONTEXT('2D SPACE',''
  ) );
#5622 = ORIENTED_EDGE('',*,*,#5623,.F.);
#5623 = EDGE_CURVE('',#5511,#5594,#5624,.T.);
#5624 = SURFACE_CURVE('',#5625,(#5629,#5636),.PCURVE_S1.);
#5625 = B_SPLINE_CURVE_WITH_KNOTS('',2,(#5626,#5627,#5628),
  .UNSPECIFIED.,.F.,.F.,(3,3),(0.,1.),.PIECEWISE_BEZIER_KNOTS.);
#5626 = CARTESIAN_POINT('',(9.969320781078E-02,-4.732743005433E-02,
    0.3500001));
#5627 = CARTESIAN_POINT('',(8.647786957571E-02,-6.397049664412E-02,
    0.3500001));
#5628 = CARTESIAN_POINT('',(6.219468556878E-02,-6.397049664412E-02,
    0.3500001));
#5629 = PCURVE('',#5526,#5630);
#5630 = DEFINITIONAL_REPRESENTATION('',(#5631),#5635);
#5631 = LINE('',#5632,#5633);
#5632 = CARTESIAN_POINT('',(0.,0.));
#5633 = VECTOR('',#5634,1.);
#5634 = DIRECTION('',(1.,0.));
#5635 = ( GEOMETRIC_REPRESENTATION_CONTEXT(2) 
PARAMETRIC_REPRESENTATION_CONTEXT() REPRESENTATION_CONTEXT('2D SPACE',''
  ) );
#5636 = PCURVE('',#5554,#5637);
#5637 = DEFINITIONAL_REPRESENTATION('',(#5638),#5642);
#5638 = B_SPLINE_CURVE_WITH_KNOTS('',2,(#5639,#5640,#5641),
  .UNSPECIFIED.,.F.,.F.,(3,3),(0.,1.),.PIECEWISE_BEZIER_KNOTS.);
#5639 = CARTESIAN_POINT('',(9.638937325201E-02,1.424778653468E-02));
#5640 = CARTESIAN_POINT('',(8.317403501695E-02,-2.395280055106E-03));
#5641 = CARTESIAN_POINT('',(5.889085101001E-02,-2.395280055106E-03));
#5642 = ( GEOMETRIC_REPRESENTATION_CONTEXT(2) 
PARAMETRIC_REPRESENTATION_CONTEXT() REPRESENTATION_CONTEXT('2D SPACE',''
  ) );
#5643 = ADVANCED_FACE('',(#5644),#5609,.T.);
#5644 = FACE_BOUND('',#5645,.T.);
#5645 = EDGE_LOOP('',(#5646,#5647,#5670,#5700));
#5646 = ORIENTED_EDGE('',*,*,#5593,.T.);
#5647 = ORIENTED_EDGE('',*,*,#5648,.T.);
#5648 = EDGE_CURVE('',#5571,#5649,#5651,.T.);
#5649 = VERTEX_POINT('',#5650);
#5650 = CARTESIAN_POINT('',(2.461356746281E-02,-4.732743005433E-02,
    0.3568001));
#5651 = SURFACE_CURVE('',#5652,(#5656,#5663),.PCURVE_S1.);
#5652 = B_SPLINE_CURVE_WITH_KNOTS('',2,(#5653,#5654,#5655),
  .UNSPECIFIED.,.F.,.F.,(3,3),(0.,1.),.PIECEWISE_BEZIER_KNOTS.);
#5653 = CARTESIAN_POINT('',(6.219468556878E-02,-6.397049664412E-02,
    0.3568001));
#5654 = CARTESIAN_POINT('',(3.782890569788E-02,-6.397049664412E-02,
    0.3568001));
#5655 = CARTESIAN_POINT('',(2.461356746281E-02,-4.732743005433E-02,
    0.3568001));
#5656 = PCURVE('',#5609,#5657);
#5657 = DEFINITIONAL_REPRESENTATION('',(#5658),#5662);
#5658 = LINE('',#5659,#5660);
#5659 = CARTESIAN_POINT('',(0.,-6.8E-03));
#5660 = VECTOR('',#5661,1.);
#5661 = DIRECTION('',(1.,0.));
#5662 = ( GEOMETRIC_REPRESENTATION_CONTEXT(2) 
PARAMETRIC_REPRESENTATION_CONTEXT() REPRESENTATION_CONTEXT('2D SPACE',''
  ) );
#5663 = PCURVE('',#5498,#5664);
#5664 = DEFINITIONAL_REPRESENTATION('',(#5665),#5669);
#5665 = B_SPLINE_CURVE_WITH_KNOTS('',2,(#5666,#5667,#5668),
  .UNSPECIFIED.,.F.,.F.,(3,3),(0.,1.),.PIECEWISE_BEZIER_KNOTS.);
#5666 = CARTESIAN_POINT('',(5.889085101001E-02,-2.395280055106E-03));
#5667 = CARTESIAN_POINT('',(3.452507113911E-02,-2.395280055106E-03));
#5668 = CARTESIAN_POINT('',(2.130973290404E-02,1.424778653468E-02));
#5669 = ( GEOMETRIC_REPRESENTATION_CONTEXT(2) 
PARAMETRIC_REPRESENTATION_CONTEXT() REPRESENTATION_CONTEXT('2D SPACE',''
  ) );
#5670 = ORIENTED_EDGE('',*,*,#5671,.F.);
#5671 = EDGE_CURVE('',#5672,#5649,#5674,.T.);
#5672 = VERTEX_POINT('',#5673);
#5673 = CARTESIAN_POINT('',(2.461356746281E-02,-4.732743005433E-02,
    0.3500001));
#5674 = SURFACE_CURVE('',#5675,(#5679,#5686),.PCURVE_S1.);
#5675 = LINE('',#5676,#5677);
#5676 = CARTESIAN_POINT('',(2.461356746281E-02,-4.732743005433E-02,
    0.3500001));
#5677 = VECTOR('',#5678,1.);
#5678 = DIRECTION('',(0.,0.,1.));
#5679 = PCURVE('',#5609,#5680);
#5680 = DEFINITIONAL_REPRESENTATION('',(#5681),#5685);
#5681 = LINE('',#5682,#5683);
#5682 = CARTESIAN_POINT('',(1.,0.));
#5683 = VECTOR('',#5684,1.);
#5684 = DIRECTION('',(0.,-1.));
#5685 = ( GEOMETRIC_REPRESENTATION_CONTEXT(2) 
PARAMETRIC_REPRESENTATION_CONTEXT() REPRESENTATION_CONTEXT('2D SPACE',''
  ) );
#5686 = PCURVE('',#5687,#5694);
#5687 = SURFACE_OF_LINEAR_EXTRUSION('',#5688,#5692);
#5688 = B_SPLINE_CURVE_WITH_KNOTS('',2,(#5689,#5690,#5691),
  .UNSPECIFIED.,.F.,.F.,(3,3),(0.,1.),.PIECEWISE_BEZIER_KNOTS.);
#5689 = CARTESIAN_POINT('',(2.461356746281E-02,-4.732743005433E-02,
    0.3500001));
#5690 = CARTESIAN_POINT('',(1.139822922774E-02,-3.068436346454E-02,
    0.3500001));
#5691 = CARTESIAN_POINT('',(1.139822922774E-02,-4.129793198459E-05,
    0.3500001));
#5692 = VECTOR('',#5693,1.);
#5693 = DIRECTION('',(-0.,-0.,-1.));
#5694 = DEFINITIONAL_REPRESENTATION('',(#5695),#5699);
#5695 = LINE('',#5696,#5697);
#5696 = CARTESIAN_POINT('',(0.,0.));
#5697 = VECTOR('',#5698,1.);
#5698 = DIRECTION('',(0.,-1.));
#5699 = ( GEOMETRIC_REPRESENTATION_CONTEXT(2) 
PARAMETRIC_REPRESENTATION_CONTEXT() REPRESENTATION_CONTEXT('2D SPACE',''
  ) );
#5700 = ORIENTED_EDGE('',*,*,#5701,.F.);
#5701 = EDGE_CURVE('',#5594,#5672,#5702,.T.);
#5702 = SURFACE_CURVE('',#5703,(#5707,#5714),.PCURVE_S1.);
#5703 = B_SPLINE_CURVE_WITH_KNOTS('',2,(#5704,#5705,#5706),
  .UNSPECIFIED.,.F.,.F.,(3,3),(0.,1.),.PIECEWISE_BEZIER_KNOTS.);
#5704 = CARTESIAN_POINT('',(6.219468556878E-02,-6.397049664412E-02,
    0.3500001));
#5705 = CARTESIAN_POINT('',(3.782890569788E-02,-6.397049664412E-02,
    0.3500001));
#5706 = CARTESIAN_POINT('',(2.461356746281E-02,-4.732743005433E-02,
    0.3500001));
#5707 = PCURVE('',#5609,#5708);
#5708 = DEFINITIONAL_REPRESENTATION('',(#5709),#5713);
#5709 = LINE('',#5710,#5711);
#5710 = CARTESIAN_POINT('',(0.,0.));
#5711 = VECTOR('',#5712,1.);
#5712 = DIRECTION('',(1.,0.));
#5713 = ( GEOMETRIC_REPRESENTATION_CONTEXT(2) 
PARAMETRIC_REPRESENTATION_CONTEXT() REPRESENTATION_CONTEXT('2D SPACE',''
  ) );
#5714 = PCURVE('',#5554,#5715);
#5715 = DEFINITIONAL_REPRESENTATION('',(#5716),#5720);
#5716 = B_SPLINE_CURVE_WITH_KNOTS('',2,(#5717,#5718,#5719),
  .UNSPECIFIED.,.F.,.F.,(3,3),(0.,1.),.PIECEWISE_BEZIER_KNOTS.);
#5717 = CARTESIAN_POINT('',(5.889085101001E-02,-2.395280055106E-03));
#5718 = CARTESIAN_POINT('',(3.452507113911E-02,-2.395280055106E-03));
#5719 = CARTESIAN_POINT('',(2.130973290404E-02,1.424778653468E-02));
#5720 = ( GEOMETRIC_REPRESENTATION_CONTEXT(2) 
PARAMETRIC_REPRESENTATION_CONTEXT() REPRESENTATION_CONTEXT('2D SPACE',''
  ) );
#5721 = ADVANCED_FACE('',(#5722),#5687,.T.);
#5722 = FACE_BOUND('',#5723,.T.);
#5723 = EDGE_LOOP('',(#5724,#5725,#5748,#5778));
#5724 = ORIENTED_EDGE('',*,*,#5671,.T.);
#5725 = ORIENTED_EDGE('',*,*,#5726,.T.);
#5726 = EDGE_CURVE('',#5649,#5727,#5729,.T.);
#5727 = VERTEX_POINT('',#5728);
#5728 = CARTESIAN_POINT('',(1.139822922774E-02,-4.129793198459E-05,
    0.3568001));
#5729 = SURFACE_CURVE('',#5730,(#5734,#5741),.PCURVE_S1.);
#5730 = B_SPLINE_CURVE_WITH_KNOTS('',2,(#5731,#5732,#5733),
  .UNSPECIFIED.,.F.,.F.,(3,3),(0.,1.),.PIECEWISE_BEZIER_KNOTS.);
#5731 = CARTESIAN_POINT('',(2.461356746281E-02,-4.732743005433E-02,
    0.3568001));
#5732 = CARTESIAN_POINT('',(1.139822922774E-02,-3.068436346454E-02,
    0.3568001));
#5733 = CARTESIAN_POINT('',(1.139822922774E-02,-4.129793198459E-05,
    0.3568001));
#5734 = PCURVE('',#5687,#5735);
#5735 = DEFINITIONAL_REPRESENTATION('',(#5736),#5740);
#5736 = LINE('',#5737,#5738);
#5737 = CARTESIAN_POINT('',(0.,-6.8E-03));
#5738 = VECTOR('',#5739,1.);
#5739 = DIRECTION('',(1.,0.));
#5740 = ( GEOMETRIC_REPRESENTATION_CONTEXT(2) 
PARAMETRIC_REPRESENTATION_CONTEXT() REPRESENTATION_CONTEXT('2D SPACE',''
  ) );
#5741 = PCURVE('',#5498,#5742);
#5742 = DEFINITIONAL_REPRESENTATION('',(#5743),#5747);
#5743 = B_SPLINE_CURVE_WITH_KNOTS('',2,(#5744,#5745,#5746),
  .UNSPECIFIED.,.F.,.F.,(3,3),(0.,1.),.PIECEWISE_BEZIER_KNOTS.);
#5744 = CARTESIAN_POINT('',(2.130973290404E-02,1.424778653468E-02));
#5745 = CARTESIAN_POINT('',(8.094394668978E-03,3.089085312447E-02));
#5746 = CARTESIAN_POINT('',(8.094394668978E-03,6.153391865703E-02));
#5747 = ( GEOMETRIC_REPRESENTATION_CONTEXT(2) 
PARAMETRIC_REPRESENTATION_CONTEXT() REPRESENTATION_CONTEXT('2D SPACE',''
  ) );
#5748 = ORIENTED_EDGE('',*,*,#5749,.F.);
#5749 = EDGE_CURVE('',#5750,#5727,#5752,.T.);
#5750 = VERTEX_POINT('',#5751);
#5751 = CARTESIAN_POINT('',(1.139822922774E-02,-4.129793198459E-05,
    0.3500001));
#5752 = SURFACE_CURVE('',#5753,(#5757,#5764),.PCURVE_S1.);
#5753 = LINE('',#5754,#5755);
#5754 = CARTESIAN_POINT('',(1.139822922774E-02,-4.129793198459E-05,
    0.3500001));
#5755 = VECTOR('',#5756,1.);
#5756 = DIRECTION('',(0.,0.,1.));
#5757 = PCURVE('',#5687,#5758);
#5758 = DEFINITIONAL_REPRESENTATION('',(#5759),#5763);
#5759 = LINE('',#5760,#5761);
#5760 = CARTESIAN_POINT('',(1.,0.));
#5761 = VECTOR('',#5762,1.);
#5762 = DIRECTION('',(0.,-1.));
#5763 = ( GEOMETRIC_REPRESENTATION_CONTEXT(2) 
PARAMETRIC_REPRESENTATION_CONTEXT() REPRESENTATION_CONTEXT('2D SPACE',''
  ) );
#5764 = PCURVE('',#5765,#5772);
#5765 = SURFACE_OF_LINEAR_EXTRUSION('',#5766,#5770);
#5766 = B_SPLINE_CURVE_WITH_KNOTS('',2,(#5767,#5768,#5769),
  .UNSPECIFIED.,.F.,.F.,(3,3),(0.,1.),.PIECEWISE_BEZIER_KNOTS.);
#5767 = CARTESIAN_POINT('',(1.139822922774E-02,-4.129793198459E-05,
    0.3500001));
#5768 = CARTESIAN_POINT('',(1.139822922774E-02,3.068436346454E-02,
    0.3500001));
#5769 = CARTESIAN_POINT('',(2.461356746281E-02,4.732743005433E-02,
    0.3500001));
#5770 = VECTOR('',#5771,1.);
#5771 = DIRECTION('',(-0.,-0.,-1.));
#5772 = DEFINITIONAL_REPRESENTATION('',(#5773),#5777);
#5773 = LINE('',#5774,#5775);
#5774 = CARTESIAN_POINT('',(0.,0.));
#5775 = VECTOR('',#5776,1.);
#5776 = DIRECTION('',(0.,-1.));
#5777 = ( GEOMETRIC_REPRESENTATION_CONTEXT(2) 
PARAMETRIC_REPRESENTATION_CONTEXT() REPRESENTATION_CONTEXT('2D SPACE',''
  ) );
#5778 = ORIENTED_EDGE('',*,*,#5779,.F.);
#5779 = EDGE_CURVE('',#5672,#5750,#5780,.T.);
#5780 = SURFACE_CURVE('',#5781,(#5785,#5792),.PCURVE_S1.);
#5781 = B_SPLINE_CURVE_WITH_KNOTS('',2,(#5782,#5783,#5784),
  .UNSPECIFIED.,.F.,.F.,(3,3),(0.,1.),.PIECEWISE_BEZIER_KNOTS.);
#5782 = CARTESIAN_POINT('',(2.461356746281E-02,-4.732743005433E-02,
    0.3500001));
#5783 = CARTESIAN_POINT('',(1.139822922774E-02,-3.068436346454E-02,
    0.3500001));
#5784 = CARTESIAN_POINT('',(1.139822922774E-02,-4.129793198459E-05,
    0.3500001));
#5785 = PCURVE('',#5687,#5786);
#5786 = DEFINITIONAL_REPRESENTATION('',(#5787),#5791);
#5787 = LINE('',#5788,#5789);
#5788 = CARTESIAN_POINT('',(0.,0.));
#5789 = VECTOR('',#5790,1.);
#5790 = DIRECTION('',(1.,0.));
#5791 = ( GEOMETRIC_REPRESENTATION_CONTEXT(2) 
PARAMETRIC_REPRESENTATION_CONTEXT() REPRESENTATION_CONTEXT('2D SPACE',''
  ) );
#5792 = PCURVE('',#5554,#5793);
#5793 = DEFINITIONAL_REPRESENTATION('',(#5794),#5798);
#5794 = B_SPLINE_CURVE_WITH_KNOTS('',2,(#5795,#5796,#5797),
  .UNSPECIFIED.,.F.,.F.,(3,3),(0.,1.),.PIECEWISE_BEZIER_KNOTS.);
#5795 = CARTESIAN_POINT('',(2.130973290404E-02,1.424778653468E-02));
#5796 = CARTESIAN_POINT('',(8.094394668978E-03,3.089085312447E-02));
#5797 = CARTESIAN_POINT('',(8.094394668978E-03,6.153391865703E-02));
#5798 = ( GEOMETRIC_REPRESENTATION_CONTEXT(2) 
PARAMETRIC_REPRESENTATION_CONTEXT() REPRESENTATION_CONTEXT('2D SPACE',''
  ) );
#5799 = ADVANCED_FACE('',(#5800),#5765,.T.);
#5800 = FACE_BOUND('',#5801,.T.);
#5801 = EDGE_LOOP('',(#5802,#5803,#5826,#5856));
#5802 = ORIENTED_EDGE('',*,*,#5749,.T.);
#5803 = ORIENTED_EDGE('',*,*,#5804,.T.);
#5804 = EDGE_CURVE('',#5727,#5805,#5807,.T.);
#5805 = VERTEX_POINT('',#5806);
#5806 = CARTESIAN_POINT('',(2.461356746281E-02,4.732743005433E-02,
    0.3568001));
#5807 = SURFACE_CURVE('',#5808,(#5812,#5819),.PCURVE_S1.);
#5808 = B_SPLINE_CURVE_WITH_KNOTS('',2,(#5809,#5810,#5811),
  .UNSPECIFIED.,.F.,.F.,(3,3),(0.,1.),.PIECEWISE_BEZIER_KNOTS.);
#5809 = CARTESIAN_POINT('',(1.139822922774E-02,-4.129793198459E-05,
    0.3568001));
#5810 = CARTESIAN_POINT('',(1.139822922774E-02,3.068436346454E-02,
    0.3568001));
#5811 = CARTESIAN_POINT('',(2.461356746281E-02,4.732743005433E-02,
    0.3568001));
#5812 = PCURVE('',#5765,#5813);
#5813 = DEFINITIONAL_REPRESENTATION('',(#5814),#5818);
#5814 = LINE('',#5815,#5816);
#5815 = CARTESIAN_POINT('',(0.,-6.8E-03));
#5816 = VECTOR('',#5817,1.);
#5817 = DIRECTION('',(1.,0.));
#5818 = ( GEOMETRIC_REPRESENTATION_CONTEXT(2) 
PARAMETRIC_REPRESENTATION_CONTEXT() REPRESENTATION_CONTEXT('2D SPACE',''
  ) );
#5819 = PCURVE('',#5498,#5820);
#5820 = DEFINITIONAL_REPRESENTATION('',(#5821),#5825);
#5821 = B_SPLINE_CURVE_WITH_KNOTS('',2,(#5822,#5823,#5824),
  .UNSPECIFIED.,.F.,.F.,(3,3),(0.,1.),.PIECEWISE_BEZIER_KNOTS.);
#5822 = CARTESIAN_POINT('',(8.094394668978E-03,6.153391865703E-02));
#5823 = CARTESIAN_POINT('',(8.094394668978E-03,9.225958005355E-02));
#5824 = CARTESIAN_POINT('',(2.130973290404E-02,0.108902646643));
#5825 = ( GEOMETRIC_REPRESENTATION_CONTEXT(2) 
PARAMETRIC_REPRESENTATION_CONTEXT() REPRESENTATION_CONTEXT('2D SPACE',''
  ) );
#5826 = ORIENTED_EDGE('',*,*,#5827,.F.);
#5827 = EDGE_CURVE('',#5828,#5805,#5830,.T.);
#5828 = VERTEX_POINT('',#5829);
#5829 = CARTESIAN_POINT('',(2.461356746281E-02,4.732743005433E-02,
    0.3500001));
#5830 = SURFACE_CURVE('',#5831,(#5835,#5842),.PCURVE_S1.);
#5831 = LINE('',#5832,#5833);
#5832 = CARTESIAN_POINT('',(2.461356746281E-02,4.732743005433E-02,
    0.3500001));
#5833 = VECTOR('',#5834,1.);
#5834 = DIRECTION('',(0.,0.,1.));
#5835 = PCURVE('',#5765,#5836);
#5836 = DEFINITIONAL_REPRESENTATION('',(#5837),#5841);
#5837 = LINE('',#5838,#5839);
#5838 = CARTESIAN_POINT('',(1.,0.));
#5839 = VECTOR('',#5840,1.);
#5840 = DIRECTION('',(0.,-1.));
#5841 = ( GEOMETRIC_REPRESENTATION_CONTEXT(2) 
PARAMETRIC_REPRESENTATION_CONTEXT() REPRESENTATION_CONTEXT('2D SPACE',''
  ) );
#5842 = PCURVE('',#5843,#5850);
#5843 = SURFACE_OF_LINEAR_EXTRUSION('',#5844,#5848);
#5844 = B_SPLINE_CURVE_WITH_KNOTS('',2,(#5845,#5846,#5847),
  .UNSPECIFIED.,.F.,.F.,(3,3),(0.,1.),.PIECEWISE_BEZIER_KNOTS.);
#5845 = CARTESIAN_POINT('',(2.461356746281E-02,4.732743005433E-02,
    0.3500001));
#5846 = CARTESIAN_POINT('',(3.782890569788E-02,6.397049664412E-02,
    0.3500001));
#5847 = CARTESIAN_POINT('',(6.219468556878E-02,6.397049664412E-02,
    0.3500001));
#5848 = VECTOR('',#5849,1.);
#5849 = DIRECTION('',(-0.,-0.,-1.));
#5850 = DEFINITIONAL_REPRESENTATION('',(#5851),#5855);
#5851 = LINE('',#5852,#5853);
#5852 = CARTESIAN_POINT('',(0.,0.));
#5853 = VECTOR('',#5854,1.);
#5854 = DIRECTION('',(0.,-1.));
#5855 = ( GEOMETRIC_REPRESENTATION_CONTEXT(2) 
PARAMETRIC_REPRESENTATION_CONTEXT() REPRESENTATION_CONTEXT('2D SPACE',''
  ) );
#5856 = ORIENTED_EDGE('',*,*,#5857,.F.);
#5857 = EDGE_CURVE('',#5750,#5828,#5858,.T.);
#5858 = SURFACE_CURVE('',#5859,(#5863,#5870),.PCURVE_S1.);
#5859 = B_SPLINE_CURVE_WITH_KNOTS('',2,(#5860,#5861,#5862),
  .UNSPECIFIED.,.F.,.F.,(3,3),(0.,1.),.PIECEWISE_BEZIER_KNOTS.);
#5860 = CARTESIAN_POINT('',(1.139822922774E-02,-4.129793198459E-05,
    0.3500001));
#5861 = CARTESIAN_POINT('',(1.139822922774E-02,3.068436346454E-02,
    0.3500001));
#5862 = CARTESIAN_POINT('',(2.461356746281E-02,4.732743005433E-02,
    0.3500001));
#5863 = PCURVE('',#5765,#5864);
#5864 = DEFINITIONAL_REPRESENTATION('',(#5865),#5869);
#5865 = LINE('',#5866,#5867);
#5866 = CARTESIAN_POINT('',(0.,0.));
#5867 = VECTOR('',#5868,1.);
#5868 = DIRECTION('',(1.,0.));
#5869 = ( GEOMETRIC_REPRESENTATION_CONTEXT(2) 
PARAMETRIC_REPRESENTATION_CONTEXT() REPRESENTATION_CONTEXT('2D SPACE',''
  ) );
#5870 = PCURVE('',#5554,#5871);
#5871 = DEFINITIONAL_REPRESENTATION('',(#5872),#5876);
#5872 = B_SPLINE_CURVE_WITH_KNOTS('',2,(#5873,#5874,#5875),
  .UNSPECIFIED.,.F.,.F.,(3,3),(0.,1.),.PIECEWISE_BEZIER_KNOTS.);
#5873 = CARTESIAN_POINT('',(8.094394668978E-03,6.153391865703E-02));
#5874 = CARTESIAN_POINT('',(8.094394668978E-03,9.225958005355E-02));
#5875 = CARTESIAN_POINT('',(2.130973290404E-02,0.108902646643));
#5876 = ( GEOMETRIC_REPRESENTATION_CONTEXT(2) 
PARAMETRIC_REPRESENTATION_CONTEXT() REPRESENTATION_CONTEXT('2D SPACE',''
  ) );
#5877 = ADVANCED_FACE('',(#5878),#5843,.T.);
#5878 = FACE_BOUND('',#5879,.T.);
#5879 = EDGE_LOOP('',(#5880,#5881,#5904,#5934));
#5880 = ORIENTED_EDGE('',*,*,#5827,.T.);
#5881 = ORIENTED_EDGE('',*,*,#5882,.T.);
#5882 = EDGE_CURVE('',#5805,#5883,#5885,.T.);
#5883 = VERTEX_POINT('',#5884);
#5884 = CARTESIAN_POINT('',(6.219468556878E-02,6.397049664412E-02,
    0.3568001));
#5885 = SURFACE_CURVE('',#5886,(#5890,#5897),.PCURVE_S1.);
#5886 = B_SPLINE_CURVE_WITH_KNOTS('',2,(#5887,#5888,#5889),
  .UNSPECIFIED.,.F.,.F.,(3,3),(0.,1.),.PIECEWISE_BEZIER_KNOTS.);
#5887 = CARTESIAN_POINT('',(2.461356746281E-02,4.732743005433E-02,
    0.3568001));
#5888 = CARTESIAN_POINT('',(3.782890569788E-02,6.397049664412E-02,
    0.3568001));
#5889 = CARTESIAN_POINT('',(6.219468556878E-02,6.397049664412E-02,
    0.3568001));
#5890 = PCURVE('',#5843,#5891);
#5891 = DEFINITIONAL_REPRESENTATION('',(#5892),#5896);
#5892 = LINE('',#5893,#5894);
#5893 = CARTESIAN_POINT('',(0.,-6.8E-03));
#5894 = VECTOR('',#5895,1.);
#5895 = DIRECTION('',(1.,0.));
#5896 = ( GEOMETRIC_REPRESENTATION_CONTEXT(2) 
PARAMETRIC_REPRESENTATION_CONTEXT() REPRESENTATION_CONTEXT('2D SPACE',''
  ) );
#5897 = PCURVE('',#5498,#5898);
#5898 = DEFINITIONAL_REPRESENTATION('',(#5899),#5903);
#5899 = B_SPLINE_CURVE_WITH_KNOTS('',2,(#5900,#5901,#5902),
  .UNSPECIFIED.,.F.,.F.,(3,3),(0.,1.),.PIECEWISE_BEZIER_KNOTS.);
#5900 = CARTESIAN_POINT('',(2.130973290404E-02,0.108902646643));
#5901 = CARTESIAN_POINT('',(3.452507113911E-02,0.125545713233));
#5902 = CARTESIAN_POINT('',(5.889085101001E-02,0.125545713233));
#5903 = ( GEOMETRIC_REPRESENTATION_CONTEXT(2) 
PARAMETRIC_REPRESENTATION_CONTEXT() REPRESENTATION_CONTEXT('2D SPACE',''
  ) );
#5904 = ORIENTED_EDGE('',*,*,#5905,.F.);
#5905 = EDGE_CURVE('',#5906,#5883,#5908,.T.);
#5906 = VERTEX_POINT('',#5907);
#5907 = CARTESIAN_POINT('',(6.219468556878E-02,6.397049664412E-02,
    0.3500001));
#5908 = SURFACE_CURVE('',#5909,(#5913,#5920),.PCURVE_S1.);
#5909 = LINE('',#5910,#5911);
#5910 = CARTESIAN_POINT('',(6.219468556878E-02,6.397049664412E-02,
    0.3500001));
#5911 = VECTOR('',#5912,1.);
#5912 = DIRECTION('',(0.,0.,1.));
#5913 = PCURVE('',#5843,#5914);
#5914 = DEFINITIONAL_REPRESENTATION('',(#5915),#5919);
#5915 = LINE('',#5916,#5917);
#5916 = CARTESIAN_POINT('',(1.,0.));
#5917 = VECTOR('',#5918,1.);
#5918 = DIRECTION('',(0.,-1.));
#5919 = ( GEOMETRIC_REPRESENTATION_CONTEXT(2) 
PARAMETRIC_REPRESENTATION_CONTEXT() REPRESENTATION_CONTEXT('2D SPACE',''
  ) );
#5920 = PCURVE('',#5921,#5928);
#5921 = SURFACE_OF_LINEAR_EXTRUSION('',#5922,#5926);
#5922 = B_SPLINE_CURVE_WITH_KNOTS('',2,(#5923,#5924,#5925),
  .UNSPECIFIED.,.F.,.F.,(3,3),(0.,1.),.PIECEWISE_BEZIER_KNOTS.);
#5923 = CARTESIAN_POINT('',(6.219468556878E-02,6.397049664412E-02,
    0.3500001));
#5924 = CARTESIAN_POINT('',(8.647786957571E-02,6.397049664412E-02,
    0.3500001));
#5925 = CARTESIAN_POINT('',(9.969320781078E-02,4.732743005433E-02,
    0.3500001));
#5926 = VECTOR('',#5927,1.);
#5927 = DIRECTION('',(-0.,-0.,-1.));
#5928 = DEFINITIONAL_REPRESENTATION('',(#5929),#5933);
#5929 = LINE('',#5930,#5931);
#5930 = CARTESIAN_POINT('',(0.,0.));
#5931 = VECTOR('',#5932,1.);
#5932 = DIRECTION('',(0.,-1.));
#5933 = ( GEOMETRIC_REPRESENTATION_CONTEXT(2) 
PARAMETRIC_REPRESENTATION_CONTEXT() REPRESENTATION_CONTEXT('2D SPACE',''
  ) );
#5934 = ORIENTED_EDGE('',*,*,#5935,.F.);
#5935 = EDGE_CURVE('',#5828,#5906,#5936,.T.);
#5936 = SURFACE_CURVE('',#5937,(#5941,#5948),.PCURVE_S1.);
#5937 = B_SPLINE_CURVE_WITH_KNOTS('',2,(#5938,#5939,#5940),
  .UNSPECIFIED.,.F.,.F.,(3,3),(0.,1.),.PIECEWISE_BEZIER_KNOTS.);
#5938 = CARTESIAN_POINT('',(2.461356746281E-02,4.732743005433E-02,
    0.3500001));
#5939 = CARTESIAN_POINT('',(3.782890569788E-02,6.397049664412E-02,
    0.3500001));
#5940 = CARTESIAN_POINT('',(6.219468556878E-02,6.397049664412E-02,
    0.3500001));
#5941 = PCURVE('',#5843,#5942);
#5942 = DEFINITIONAL_REPRESENTATION('',(#5943),#5947);
#5943 = LINE('',#5944,#5945);
#5944 = CARTESIAN_POINT('',(0.,0.));
#5945 = VECTOR('',#5946,1.);
#5946 = DIRECTION('',(1.,0.));
#5947 = ( GEOMETRIC_REPRESENTATION_CONTEXT(2) 
PARAMETRIC_REPRESENTATION_CONTEXT() REPRESENTATION_CONTEXT('2D SPACE',''
  ) );
#5948 = PCURVE('',#5554,#5949);
#5949 = DEFINITIONAL_REPRESENTATION('',(#5950),#5954);
#5950 = B_SPLINE_CURVE_WITH_KNOTS('',2,(#5951,#5952,#5953),
  .UNSPECIFIED.,.F.,.F.,(3,3),(0.,1.),.PIECEWISE_BEZIER_KNOTS.);
#5951 = CARTESIAN_POINT('',(2.130973290404E-02,0.108902646643));
#5952 = CARTESIAN_POINT('',(3.452507113911E-02,0.125545713233));
#5953 = CARTESIAN_POINT('',(5.889085101001E-02,0.125545713233));
#5954 = ( GEOMETRIC_REPRESENTATION_CONTEXT(2) 
PARAMETRIC_REPRESENTATION_CONTEXT() REPRESENTATION_CONTEXT('2D SPACE',''
  ) );
#5955 = ADVANCED_FACE('',(#5956),#5921,.T.);
#5956 = FACE_BOUND('',#5957,.T.);
#5957 = EDGE_LOOP('',(#5958,#5959,#5982,#6005));
#5958 = ORIENTED_EDGE('',*,*,#5905,.T.);
#5959 = ORIENTED_EDGE('',*,*,#5960,.T.);
#5960 = EDGE_CURVE('',#5883,#5961,#5963,.T.);
#5961 = VERTEX_POINT('',#5962);
#5962 = CARTESIAN_POINT('',(9.969320781078E-02,4.732743005433E-02,
    0.3568001));
#5963 = SURFACE_CURVE('',#5964,(#5968,#5975),.PCURVE_S1.);
#5964 = B_SPLINE_CURVE_WITH_KNOTS('',2,(#5965,#5966,#5967),
  .UNSPECIFIED.,.F.,.F.,(3,3),(0.,1.),.PIECEWISE_BEZIER_KNOTS.);
#5965 = CARTESIAN_POINT('',(6.219468556878E-02,6.397049664412E-02,
    0.3568001));
#5966 = CARTESIAN_POINT('',(8.647786957571E-02,6.397049664412E-02,
    0.3568001));
#5967 = CARTESIAN_POINT('',(9.969320781078E-02,4.732743005433E-02,
    0.3568001));
#5968 = PCURVE('',#5921,#5969);
#5969 = DEFINITIONAL_REPRESENTATION('',(#5970),#5974);
#5970 = LINE('',#5971,#5972);
#5971 = CARTESIAN_POINT('',(0.,-6.8E-03));
#5972 = VECTOR('',#5973,1.);
#5973 = DIRECTION('',(1.,0.));
#5974 = ( GEOMETRIC_REPRESENTATION_CONTEXT(2) 
PARAMETRIC_REPRESENTATION_CONTEXT() REPRESENTATION_CONTEXT('2D SPACE',''
  ) );
#5975 = PCURVE('',#5498,#5976);
#5976 = DEFINITIONAL_REPRESENTATION('',(#5977),#5981);
#5977 = B_SPLINE_CURVE_WITH_KNOTS('',2,(#5978,#5979,#5980),
  .UNSPECIFIED.,.F.,.F.,(3,3),(0.,1.),.PIECEWISE_BEZIER_KNOTS.);
#5978 = CARTESIAN_POINT('',(5.889085101001E-02,0.125545713233));
#5979 = CARTESIAN_POINT('',(8.317403501695E-02,0.125545713233));
#5980 = CARTESIAN_POINT('',(9.638937325201E-02,0.108902646643));
#5981 = ( GEOMETRIC_REPRESENTATION_CONTEXT(2) 
PARAMETRIC_REPRESENTATION_CONTEXT() REPRESENTATION_CONTEXT('2D SPACE',''
  ) );
#5982 = ORIENTED_EDGE('',*,*,#5983,.F.);
#5983 = EDGE_CURVE('',#5984,#5961,#5986,.T.);
#5984 = VERTEX_POINT('',#5985);
#5985 = CARTESIAN_POINT('',(9.969320781078E-02,4.732743005433E-02,
    0.3500001));
#5986 = SURFACE_CURVE('',#5987,(#5991,#5998),.PCURVE_S1.);
#5987 = LINE('',#5988,#5989);
#5988 = CARTESIAN_POINT('',(9.969320781078E-02,4.732743005433E-02,
    0.3500001));
#5989 = VECTOR('',#5990,1.);
#5990 = DIRECTION('',(0.,0.,1.));
#5991 = PCURVE('',#5921,#5992);
#5992 = DEFINITIONAL_REPRESENTATION('',(#5993),#5997);
#5993 = LINE('',#5994,#5995);
#5994 = CARTESIAN_POINT('',(1.,0.));
#5995 = VECTOR('',#5996,1.);
#5996 = DIRECTION('',(0.,-1.));
#5997 = ( GEOMETRIC_REPRESENTATION_CONTEXT(2) 
PARAMETRIC_REPRESENTATION_CONTEXT() REPRESENTATION_CONTEXT('2D SPACE',''
  ) );
#5998 = PCURVE('',#5468,#5999);
#5999 = DEFINITIONAL_REPRESENTATION('',(#6000),#6004);
#6000 = LINE('',#6001,#6002);
#6001 = CARTESIAN_POINT('',(0.,0.));
#6002 = VECTOR('',#6003,1.);
#6003 = DIRECTION('',(0.,-1.));
#6004 = ( GEOMETRIC_REPRESENTATION_CONTEXT(2) 
PARAMETRIC_REPRESENTATION_CONTEXT() REPRESENTATION_CONTEXT('2D SPACE',''
  ) );
#6005 = ORIENTED_EDGE('',*,*,#6006,.F.);
#6006 = EDGE_CURVE('',#5906,#5984,#6007,.T.);
#6007 = SURFACE_CURVE('',#6008,(#6012,#6019),.PCURVE_S1.);
#6008 = B_SPLINE_CURVE_WITH_KNOTS('',2,(#6009,#6010,#6011),
  .UNSPECIFIED.,.F.,.F.,(3,3),(0.,1.),.PIECEWISE_BEZIER_KNOTS.);
#6009 = CARTESIAN_POINT('',(6.219468556878E-02,6.397049664412E-02,
    0.3500001));
#6010 = CARTESIAN_POINT('',(8.647786957571E-02,6.397049664412E-02,
    0.3500001));
#6011 = CARTESIAN_POINT('',(9.969320781078E-02,4.732743005433E-02,
    0.3500001));
#6012 = PCURVE('',#5921,#6013);
#6013 = DEFINITIONAL_REPRESENTATION('',(#6014),#6018);
#6014 = LINE('',#6015,#6016);
#6015 = CARTESIAN_POINT('',(0.,0.));
#6016 = VECTOR('',#6017,1.);
#6017 = DIRECTION('',(1.,0.));
#6018 = ( GEOMETRIC_REPRESENTATION_CONTEXT(2) 
PARAMETRIC_REPRESENTATION_CONTEXT() REPRESENTATION_CONTEXT('2D SPACE',''
  ) );
#6019 = PCURVE('',#5554,#6020);
#6020 = DEFINITIONAL_REPRESENTATION('',(#6021),#6025);
#6021 = B_SPLINE_CURVE_WITH_KNOTS('',2,(#6022,#6023,#6024),
  .UNSPECIFIED.,.F.,.F.,(3,3),(0.,1.),.PIECEWISE_BEZIER_KNOTS.);
#6022 = CARTESIAN_POINT('',(5.889085101001E-02,0.125545713233));
#6023 = CARTESIAN_POINT('',(8.317403501695E-02,0.125545713233));
#6024 = CARTESIAN_POINT('',(9.638937325201E-02,0.108902646643));
#6025 = ( GEOMETRIC_REPRESENTATION_CONTEXT(2) 
PARAMETRIC_REPRESENTATION_CONTEXT() REPRESENTATION_CONTEXT('2D SPACE',''
  ) );
#6026 = ADVANCED_FACE('',(#6027),#5468,.T.);
#6027 = FACE_BOUND('',#6028,.T.);
#6028 = EDGE_LOOP('',(#6029,#6030,#6051,#6052));
#6029 = ORIENTED_EDGE('',*,*,#5983,.T.);
#6030 = ORIENTED_EDGE('',*,*,#6031,.T.);
#6031 = EDGE_CURVE('',#5961,#5446,#6032,.T.);
#6032 = SURFACE_CURVE('',#6033,(#6037,#6044),.PCURVE_S1.);
#6033 = B_SPLINE_CURVE_WITH_KNOTS('',2,(#6034,#6035,#6036),
  .UNSPECIFIED.,.F.,.F.,(3,3),(0.,1.),.PIECEWISE_BEZIER_KNOTS.);
#6034 = CARTESIAN_POINT('',(9.969320781078E-02,4.732743005433E-02,
    0.3568001));
#6035 = CARTESIAN_POINT('',(0.112908546046,3.068436346454E-02,0.3568001)
  );
#6036 = CARTESIAN_POINT('',(0.112908546046,-4.129793198459E-05,0.3568001
    ));
#6037 = PCURVE('',#5468,#6038);
#6038 = DEFINITIONAL_REPRESENTATION('',(#6039),#6043);
#6039 = LINE('',#6040,#6041);
#6040 = CARTESIAN_POINT('',(0.,-6.8E-03));
#6041 = VECTOR('',#6042,1.);
#6042 = DIRECTION('',(1.,0.));
#6043 = ( GEOMETRIC_REPRESENTATION_CONTEXT(2) 
PARAMETRIC_REPRESENTATION_CONTEXT() REPRESENTATION_CONTEXT('2D SPACE',''
  ) );
#6044 = PCURVE('',#5498,#6045);
#6045 = DEFINITIONAL_REPRESENTATION('',(#6046),#6050);
#6046 = B_SPLINE_CURVE_WITH_KNOTS('',2,(#6047,#6048,#6049),
  .UNSPECIFIED.,.F.,.F.,(3,3),(0.,1.),.PIECEWISE_BEZIER_KNOTS.);
#6047 = CARTESIAN_POINT('',(9.638937325201E-02,0.108902646643));
#6048 = CARTESIAN_POINT('',(0.109604711487,9.225958005355E-02));
#6049 = CARTESIAN_POINT('',(0.109604711487,6.153391865703E-02));
#6050 = ( GEOMETRIC_REPRESENTATION_CONTEXT(2) 
PARAMETRIC_REPRESENTATION_CONTEXT() REPRESENTATION_CONTEXT('2D SPACE',''
  ) );
#6051 = ORIENTED_EDGE('',*,*,#5443,.F.);
#6052 = ORIENTED_EDGE('',*,*,#6053,.F.);
#6053 = EDGE_CURVE('',#5984,#5444,#6054,.T.);
#6054 = SURFACE_CURVE('',#6055,(#6059,#6066),.PCURVE_S1.);
#6055 = B_SPLINE_CURVE_WITH_KNOTS('',2,(#6056,#6057,#6058),
  .UNSPECIFIED.,.F.,.F.,(3,3),(0.,1.),.PIECEWISE_BEZIER_KNOTS.);
#6056 = CARTESIAN_POINT('',(9.969320781078E-02,4.732743005433E-02,
    0.3500001));
#6057 = CARTESIAN_POINT('',(0.112908546046,3.068436346454E-02,0.3500001)
  );
#6058 = CARTESIAN_POINT('',(0.112908546046,-4.129793198459E-05,0.3500001
    ));
#6059 = PCURVE('',#5468,#6060);
#6060 = DEFINITIONAL_REPRESENTATION('',(#6061),#6065);
#6061 = LINE('',#6062,#6063);
#6062 = CARTESIAN_POINT('',(0.,0.));
#6063 = VECTOR('',#6064,1.);
#6064 = DIRECTION('',(1.,0.));
#6065 = ( GEOMETRIC_REPRESENTATION_CONTEXT(2) 
PARAMETRIC_REPRESENTATION_CONTEXT() REPRESENTATION_CONTEXT('2D SPACE',''
  ) );
#6066 = PCURVE('',#5554,#6067);
#6067 = DEFINITIONAL_REPRESENTATION('',(#6068),#6072);
#6068 = B_SPLINE_CURVE_WITH_KNOTS('',2,(#6069,#6070,#6071),
  .UNSPECIFIED.,.F.,.F.,(3,3),(0.,1.),.PIECEWISE_BEZIER_KNOTS.);
#6069 = CARTESIAN_POINT('',(9.638937325201E-02,0.108902646643));
#6070 = CARTESIAN_POINT('',(0.109604711487,9.225958005355E-02));
#6071 = CARTESIAN_POINT('',(0.109604711487,6.153391865703E-02));
#6072 = ( GEOMETRIC_REPRESENTATION_CONTEXT(2) 
PARAMETRIC_REPRESENTATION_CONTEXT() REPRESENTATION_CONTEXT('2D SPACE',''
  ) );
#6073 = ADVANCED_FACE('',(#6074),#6088,.T.);
#6074 = FACE_BOUND('',#6075,.T.);
#6075 = EDGE_LOOP('',(#6076,#6115,#6138,#6168));
#6076 = ORIENTED_EDGE('',*,*,#6077,.T.);
#6077 = EDGE_CURVE('',#6078,#6080,#6082,.T.);
#6078 = VERTEX_POINT('',#6079);
#6079 = CARTESIAN_POINT('',(8.110913841772E-02,2.064896599229E-04,
    0.3500001));
#6080 = VERTEX_POINT('',#6081);
#6081 = CARTESIAN_POINT('',(8.110913841772E-02,2.064896599229E-04,
    0.3568001));
#6082 = SURFACE_CURVE('',#6083,(#6087,#6101),.PCURVE_S1.);
#6083 = LINE('',#6084,#6085);
#6084 = CARTESIAN_POINT('',(8.110913841772E-02,2.064896599229E-04,
    0.3500001));
#6085 = VECTOR('',#6086,1.);
#6086 = DIRECTION('',(0.,0.,1.));
#6087 = PCURVE('',#6088,#6095);
#6088 = SURFACE_OF_LINEAR_EXTRUSION('',#6089,#6093);
#6089 = B_SPLINE_CURVE_WITH_KNOTS('',2,(#6090,#6091,#6092),
  .UNSPECIFIED.,.F.,.F.,(3,3),(0.,1.),.PIECEWISE_BEZIER_KNOTS.);
#6090 = CARTESIAN_POINT('',(8.110913841772E-02,2.064896599229E-04,
    0.3500001));
#6091 = CARTESIAN_POINT('',(8.110913841772E-02,2.333333157129E-02,
    0.3500001));
#6092 = CARTESIAN_POINT('',(7.677285555934E-02,3.279055799576E-02,
    0.3500001));
#6093 = VECTOR('',#6094,1.);
#6094 = DIRECTION('',(-0.,-0.,-1.));
#6095 = DEFINITIONAL_REPRESENTATION('',(#6096),#6100);
#6096 = LINE('',#6097,#6098);
#6097 = CARTESIAN_POINT('',(0.,0.));
#6098 = VECTOR('',#6099,1.);
#6099 = DIRECTION('',(0.,-1.));
#6100 = ( GEOMETRIC_REPRESENTATION_CONTEXT(2) 
PARAMETRIC_REPRESENTATION_CONTEXT() REPRESENTATION_CONTEXT('2D SPACE',''
  ) );
#6101 = PCURVE('',#6102,#6109);
#6102 = SURFACE_OF_LINEAR_EXTRUSION('',#6103,#6107);
#6103 = B_SPLINE_CURVE_WITH_KNOTS('',2,(#6104,#6105,#6106),
  .UNSPECIFIED.,.F.,.F.,(3,3),(0.,1.),.PIECEWISE_BEZIER_KNOTS.);
#6104 = CARTESIAN_POINT('',(7.673155762735E-02,-3.274926006377E-02,
    0.3500001));
#6105 = CARTESIAN_POINT('',(8.110913841772E-02,-2.316813984335E-02,
    0.3500001));
#6106 = CARTESIAN_POINT('',(8.110913841772E-02,2.064896599229E-04,
    0.3500001));
#6107 = VECTOR('',#6108,1.);
#6108 = DIRECTION('',(-0.,-0.,-1.));
#6109 = DEFINITIONAL_REPRESENTATION('',(#6110),#6114);
#6110 = LINE('',#6111,#6112);
#6111 = CARTESIAN_POINT('',(1.,0.));
#6112 = VECTOR('',#6113,1.);
#6113 = DIRECTION('',(0.,-1.));
#6114 = ( GEOMETRIC_REPRESENTATION_CONTEXT(2) 
PARAMETRIC_REPRESENTATION_CONTEXT() REPRESENTATION_CONTEXT('2D SPACE',''
  ) );
#6115 = ORIENTED_EDGE('',*,*,#6116,.T.);
#6116 = EDGE_CURVE('',#6080,#6117,#6119,.T.);
#6117 = VERTEX_POINT('',#6118);
#6118 = CARTESIAN_POINT('',(7.677285555934E-02,3.279055799576E-02,
    0.3568001));
#6119 = SURFACE_CURVE('',#6120,(#6124,#6131),.PCURVE_S1.);
#6120 = B_SPLINE_CURVE_WITH_KNOTS('',2,(#6121,#6122,#6123),
  .UNSPECIFIED.,.F.,.F.,(3,3),(0.,1.),.PIECEWISE_BEZIER_KNOTS.);
#6121 = CARTESIAN_POINT('',(8.110913841772E-02,2.064896599229E-04,
    0.3568001));
#6122 = CARTESIAN_POINT('',(8.110913841772E-02,2.333333157129E-02,
    0.3568001));
#6123 = CARTESIAN_POINT('',(7.677285555934E-02,3.279055799576E-02,
    0.3568001));
#6124 = PCURVE('',#6088,#6125);
#6125 = DEFINITIONAL_REPRESENTATION('',(#6126),#6130);
#6126 = LINE('',#6127,#6128);
#6127 = CARTESIAN_POINT('',(0.,-6.8E-03));
#6128 = VECTOR('',#6129,1.);
#6129 = DIRECTION('',(1.,0.));
#6130 = ( GEOMETRIC_REPRESENTATION_CONTEXT(2) 
PARAMETRIC_REPRESENTATION_CONTEXT() REPRESENTATION_CONTEXT('2D SPACE',''
  ) );
#6131 = PCURVE('',#5498,#6132);
#6132 = DEFINITIONAL_REPRESENTATION('',(#6133),#6137);
#6133 = B_SPLINE_CURVE_WITH_KNOTS('',2,(#6134,#6135,#6136),
  .UNSPECIFIED.,.F.,.F.,(3,3),(0.,1.),.PIECEWISE_BEZIER_KNOTS.);
#6134 = CARTESIAN_POINT('',(7.780530385895E-02,6.178170624893E-02));
#6135 = CARTESIAN_POINT('',(7.780530385895E-02,8.49085481603E-02));
#6136 = CARTESIAN_POINT('',(7.346902100057E-02,9.436577458477E-02));
#6137 = ( GEOMETRIC_REPRESENTATION_CONTEXT(2) 
PARAMETRIC_REPRESENTATION_CONTEXT() REPRESENTATION_CONTEXT('2D SPACE',''
  ) );
#6138 = ORIENTED_EDGE('',*,*,#6139,.F.);
#6139 = EDGE_CURVE('',#6140,#6117,#6142,.T.);
#6140 = VERTEX_POINT('',#6141);
#6141 = CARTESIAN_POINT('',(7.677285555934E-02,3.279055799576E-02,
    0.3500001));
#6142 = SURFACE_CURVE('',#6143,(#6147,#6154),.PCURVE_S1.);
#6143 = LINE('',#6144,#6145);
#6144 = CARTESIAN_POINT('',(7.677285555934E-02,3.279055799576E-02,
    0.3500001));
#6145 = VECTOR('',#6146,1.);
#6146 = DIRECTION('',(0.,0.,1.));
#6147 = PCURVE('',#6088,#6148);
#6148 = DEFINITIONAL_REPRESENTATION('',(#6149),#6153);
#6149 = LINE('',#6150,#6151);
#6150 = CARTESIAN_POINT('',(1.,0.));
#6151 = VECTOR('',#6152,1.);
#6152 = DIRECTION('',(0.,-1.));
#6153 = ( GEOMETRIC_REPRESENTATION_CONTEXT(2) 
PARAMETRIC_REPRESENTATION_CONTEXT() REPRESENTATION_CONTEXT('2D SPACE',''
  ) );
#6154 = PCURVE('',#6155,#6162);
#6155 = SURFACE_OF_LINEAR_EXTRUSION('',#6156,#6160);
#6156 = B_SPLINE_CURVE_WITH_KNOTS('',2,(#6157,#6158,#6159),
  .UNSPECIFIED.,.F.,.F.,(3,3),(0.,1.),.PIECEWISE_BEZIER_KNOTS.);
#6157 = CARTESIAN_POINT('',(7.677285555934E-02,3.279055799576E-02,
    0.3500001));
#6158 = CARTESIAN_POINT('',(7.243657270095E-02,4.224778442023E-02,
    0.3500001));
#6159 = CARTESIAN_POINT('',(6.219468556878E-02,4.224778442023E-02,
    0.3500001));
#6160 = VECTOR('',#6161,1.);
#6161 = DIRECTION('',(-0.,-0.,-1.));
#6162 = DEFINITIONAL_REPRESENTATION('',(#6163),#6167);
#6163 = LINE('',#6164,#6165);
#6164 = CARTESIAN_POINT('',(0.,0.));
#6165 = VECTOR('',#6166,1.);
#6166 = DIRECTION('',(0.,-1.));
#6167 = ( GEOMETRIC_REPRESENTATION_CONTEXT(2) 
PARAMETRIC_REPRESENTATION_CONTEXT() REPRESENTATION_CONTEXT('2D SPACE',''
  ) );
#6168 = ORIENTED_EDGE('',*,*,#6169,.F.);
#6169 = EDGE_CURVE('',#6078,#6140,#6170,.T.);
#6170 = SURFACE_CURVE('',#6171,(#6175,#6182),.PCURVE_S1.);
#6171 = B_SPLINE_CURVE_WITH_KNOTS('',2,(#6172,#6173,#6174),
  .UNSPECIFIED.,.F.,.F.,(3,3),(0.,1.),.PIECEWISE_BEZIER_KNOTS.);
#6172 = CARTESIAN_POINT('',(8.110913841772E-02,2.064896599229E-04,
    0.3500001));
#6173 = CARTESIAN_POINT('',(8.110913841772E-02,2.333333157129E-02,
    0.3500001));
#6174 = CARTESIAN_POINT('',(7.677285555934E-02,3.279055799576E-02,
    0.3500001));
#6175 = PCURVE('',#6088,#6176);
#6176 = DEFINITIONAL_REPRESENTATION('',(#6177),#6181);
#6177 = LINE('',#6178,#6179);
#6178 = CARTESIAN_POINT('',(0.,0.));
#6179 = VECTOR('',#6180,1.);
#6180 = DIRECTION('',(1.,0.));
#6181 = ( GEOMETRIC_REPRESENTATION_CONTEXT(2) 
PARAMETRIC_REPRESENTATION_CONTEXT() REPRESENTATION_CONTEXT('2D SPACE',''
  ) );
#6182 = PCURVE('',#5554,#6183);
#6183 = DEFINITIONAL_REPRESENTATION('',(#6184),#6188);
#6184 = B_SPLINE_CURVE_WITH_KNOTS('',2,(#6185,#6186,#6187),
  .UNSPECIFIED.,.F.,.F.,(3,3),(0.,1.),.PIECEWISE_BEZIER_KNOTS.);
#6185 = CARTESIAN_POINT('',(7.780530385895E-02,6.178170624893E-02));
#6186 = CARTESIAN_POINT('',(7.780530385895E-02,8.49085481603E-02));
#6187 = CARTESIAN_POINT('',(7.346902100057E-02,9.436577458477E-02));
#6188 = ( GEOMETRIC_REPRESENTATION_CONTEXT(2) 
PARAMETRIC_REPRESENTATION_CONTEXT() REPRESENTATION_CONTEXT('2D SPACE',''
  ) );
#6189 = ADVANCED_FACE('',(#6190),#6155,.T.);
#6190 = FACE_BOUND('',#6191,.T.);
#6191 = EDGE_LOOP('',(#6192,#6193,#6216,#6246));
#6192 = ORIENTED_EDGE('',*,*,#6139,.T.);
#6193 = ORIENTED_EDGE('',*,*,#6194,.T.);
#6194 = EDGE_CURVE('',#6117,#6195,#6197,.T.);
#6195 = VERTEX_POINT('',#6196);
#6196 = CARTESIAN_POINT('',(6.219468556878E-02,4.224778442023E-02,
    0.3568001));
#6197 = SURFACE_CURVE('',#6198,(#6202,#6209),.PCURVE_S1.);
#6198 = B_SPLINE_CURVE_WITH_KNOTS('',2,(#6199,#6200,#6201),
  .UNSPECIFIED.,.F.,.F.,(3,3),(0.,1.),.PIECEWISE_BEZIER_KNOTS.);
#6199 = CARTESIAN_POINT('',(7.677285555934E-02,3.279055799576E-02,
    0.3568001));
#6200 = CARTESIAN_POINT('',(7.243657270095E-02,4.224778442023E-02,
    0.3568001));
#6201 = CARTESIAN_POINT('',(6.219468556878E-02,4.224778442023E-02,
    0.3568001));
#6202 = PCURVE('',#6155,#6203);
#6203 = DEFINITIONAL_REPRESENTATION('',(#6204),#6208);
#6204 = LINE('',#6205,#6206);
#6205 = CARTESIAN_POINT('',(0.,-6.8E-03));
#6206 = VECTOR('',#6207,1.);
#6207 = DIRECTION('',(1.,0.));
#6208 = ( GEOMETRIC_REPRESENTATION_CONTEXT(2) 
PARAMETRIC_REPRESENTATION_CONTEXT() REPRESENTATION_CONTEXT('2D SPACE',''
  ) );
#6209 = PCURVE('',#5498,#6210);
#6210 = DEFINITIONAL_REPRESENTATION('',(#6211),#6215);
#6211 = B_SPLINE_CURVE_WITH_KNOTS('',2,(#6212,#6213,#6214),
  .UNSPECIFIED.,.F.,.F.,(3,3),(0.,1.),.PIECEWISE_BEZIER_KNOTS.);
#6212 = CARTESIAN_POINT('',(7.346902100057E-02,9.436577458477E-02));
#6213 = CARTESIAN_POINT('',(6.913273814219E-02,0.103823001009));
#6214 = CARTESIAN_POINT('',(5.889085101001E-02,0.103823001009));
#6215 = ( GEOMETRIC_REPRESENTATION_CONTEXT(2) 
PARAMETRIC_REPRESENTATION_CONTEXT() REPRESENTATION_CONTEXT('2D SPACE',''
  ) );
#6216 = ORIENTED_EDGE('',*,*,#6217,.F.);
#6217 = EDGE_CURVE('',#6218,#6195,#6220,.T.);
#6218 = VERTEX_POINT('',#6219);
#6219 = CARTESIAN_POINT('',(6.219468556878E-02,4.224778442023E-02,
    0.3500001));
#6220 = SURFACE_CURVE('',#6221,(#6225,#6232),.PCURVE_S1.);
#6221 = LINE('',#6222,#6223);
#6222 = CARTESIAN_POINT('',(6.219468556878E-02,4.224778442023E-02,
    0.3500001));
#6223 = VECTOR('',#6224,1.);
#6224 = DIRECTION('',(0.,0.,1.));
#6225 = PCURVE('',#6155,#6226);
#6226 = DEFINITIONAL_REPRESENTATION('',(#6227),#6231);
#6227 = LINE('',#6228,#6229);
#6228 = CARTESIAN_POINT('',(1.,0.));
#6229 = VECTOR('',#6230,1.);
#6230 = DIRECTION('',(0.,-1.));
#6231 = ( GEOMETRIC_REPRESENTATION_CONTEXT(2) 
PARAMETRIC_REPRESENTATION_CONTEXT() REPRESENTATION_CONTEXT('2D SPACE',''
  ) );
#6232 = PCURVE('',#6233,#6240);
#6233 = SURFACE_OF_LINEAR_EXTRUSION('',#6234,#6238);
#6234 = B_SPLINE_CURVE_WITH_KNOTS('',2,(#6235,#6236,#6237),
  .UNSPECIFIED.,.F.,.F.,(3,3),(0.,1.),.PIECEWISE_BEZIER_KNOTS.);
#6235 = CARTESIAN_POINT('',(6.219468556878E-02,4.224778442023E-02,
    0.3500001));
#6236 = CARTESIAN_POINT('',(5.19527984366E-02,4.224778442023E-02,
    0.3500001));
#6237 = CARTESIAN_POINT('',(4.757521764624E-02,3.279055799576E-02,
    0.3500001));
#6238 = VECTOR('',#6239,1.);
#6239 = DIRECTION('',(-0.,-0.,-1.));
#6240 = DEFINITIONAL_REPRESENTATION('',(#6241),#6245);
#6241 = LINE('',#6242,#6243);
#6242 = CARTESIAN_POINT('',(0.,0.));
#6243 = VECTOR('',#6244,1.);
#6244 = DIRECTION('',(0.,-1.));
#6245 = ( GEOMETRIC_REPRESENTATION_CONTEXT(2) 
PARAMETRIC_REPRESENTATION_CONTEXT() REPRESENTATION_CONTEXT('2D SPACE',''
  ) );
#6246 = ORIENTED_EDGE('',*,*,#6247,.F.);
#6247 = EDGE_CURVE('',#6140,#6218,#6248,.T.);
#6248 = SURFACE_CURVE('',#6249,(#6253,#6260),.PCURVE_S1.);
#6249 = B_SPLINE_CURVE_WITH_KNOTS('',2,(#6250,#6251,#6252),
  .UNSPECIFIED.,.F.,.F.,(3,3),(0.,1.),.PIECEWISE_BEZIER_KNOTS.);
#6250 = CARTESIAN_POINT('',(7.677285555934E-02,3.279055799576E-02,
    0.3500001));
#6251 = CARTESIAN_POINT('',(7.243657270095E-02,4.224778442023E-02,
    0.3500001));
#6252 = CARTESIAN_POINT('',(6.219468556878E-02,4.224778442023E-02,
    0.3500001));
#6253 = PCURVE('',#6155,#6254);
#6254 = DEFINITIONAL_REPRESENTATION('',(#6255),#6259);
#6255 = LINE('',#6256,#6257);
#6256 = CARTESIAN_POINT('',(0.,0.));
#6257 = VECTOR('',#6258,1.);
#6258 = DIRECTION('',(1.,0.));
#6259 = ( GEOMETRIC_REPRESENTATION_CONTEXT(2) 
PARAMETRIC_REPRESENTATION_CONTEXT() REPRESENTATION_CONTEXT('2D SPACE',''
  ) );
#6260 = PCURVE('',#5554,#6261);
#6261 = DEFINITIONAL_REPRESENTATION('',(#6262),#6266);
#6262 = B_SPLINE_CURVE_WITH_KNOTS('',2,(#6263,#6264,#6265),
  .UNSPECIFIED.,.F.,.F.,(3,3),(0.,1.),.PIECEWISE_BEZIER_KNOTS.);
#6263 = CARTESIAN_POINT('',(7.346902100057E-02,9.436577458477E-02));
#6264 = CARTESIAN_POINT('',(6.913273814219E-02,0.103823001009));
#6265 = CARTESIAN_POINT('',(5.889085101001E-02,0.103823001009));
#6266 = ( GEOMETRIC_REPRESENTATION_CONTEXT(2) 
PARAMETRIC_REPRESENTATION_CONTEXT() REPRESENTATION_CONTEXT('2D SPACE',''
  ) );
#6267 = ADVANCED_FACE('',(#6268),#6233,.T.);
#6268 = FACE_BOUND('',#6269,.T.);
#6269 = EDGE_LOOP('',(#6270,#6271,#6294,#6324));
#6270 = ORIENTED_EDGE('',*,*,#6217,.T.);
#6271 = ORIENTED_EDGE('',*,*,#6272,.T.);
#6272 = EDGE_CURVE('',#6195,#6273,#6275,.T.);
#6273 = VERTEX_POINT('',#6274);
#6274 = CARTESIAN_POINT('',(4.757521764624E-02,3.279055799576E-02,
    0.3568001));
#6275 = SURFACE_CURVE('',#6276,(#6280,#6287),.PCURVE_S1.);
#6276 = B_SPLINE_CURVE_WITH_KNOTS('',2,(#6277,#6278,#6279),
  .UNSPECIFIED.,.F.,.F.,(3,3),(0.,1.),.PIECEWISE_BEZIER_KNOTS.);
#6277 = CARTESIAN_POINT('',(6.219468556878E-02,4.224778442023E-02,
    0.3568001));
#6278 = CARTESIAN_POINT('',(5.19527984366E-02,4.224778442023E-02,
    0.3568001));
#6279 = CARTESIAN_POINT('',(4.757521764624E-02,3.279055799576E-02,
    0.3568001));
#6280 = PCURVE('',#6233,#6281);
#6281 = DEFINITIONAL_REPRESENTATION('',(#6282),#6286);
#6282 = LINE('',#6283,#6284);
#6283 = CARTESIAN_POINT('',(0.,-6.8E-03));
#6284 = VECTOR('',#6285,1.);
#6285 = DIRECTION('',(1.,0.));
#6286 = ( GEOMETRIC_REPRESENTATION_CONTEXT(2) 
PARAMETRIC_REPRESENTATION_CONTEXT() REPRESENTATION_CONTEXT('2D SPACE',''
  ) );
#6287 = PCURVE('',#5498,#6288);
#6288 = DEFINITIONAL_REPRESENTATION('',(#6289),#6293);
#6289 = B_SPLINE_CURVE_WITH_KNOTS('',2,(#6290,#6291,#6292),
  .UNSPECIFIED.,.F.,.F.,(3,3),(0.,1.),.PIECEWISE_BEZIER_KNOTS.);
#6290 = CARTESIAN_POINT('',(5.889085101001E-02,0.103823001009));
#6291 = CARTESIAN_POINT('',(4.864896387784E-02,0.103823001009));
#6292 = CARTESIAN_POINT('',(4.427138308747E-02,9.436577458477E-02));
#6293 = ( GEOMETRIC_REPRESENTATION_CONTEXT(2) 
PARAMETRIC_REPRESENTATION_CONTEXT() REPRESENTATION_CONTEXT('2D SPACE',''
  ) );
#6294 = ORIENTED_EDGE('',*,*,#6295,.F.);
#6295 = EDGE_CURVE('',#6296,#6273,#6298,.T.);
#6296 = VERTEX_POINT('',#6297);
#6297 = CARTESIAN_POINT('',(4.757521764624E-02,3.279055799576E-02,
    0.3500001));
#6298 = SURFACE_CURVE('',#6299,(#6303,#6310),.PCURVE_S1.);
#6299 = LINE('',#6300,#6301);
#6300 = CARTESIAN_POINT('',(4.757521764624E-02,3.279055799576E-02,
    0.3500001));
#6301 = VECTOR('',#6302,1.);
#6302 = DIRECTION('',(0.,0.,1.));
#6303 = PCURVE('',#6233,#6304);
#6304 = DEFINITIONAL_REPRESENTATION('',(#6305),#6309);
#6305 = LINE('',#6306,#6307);
#6306 = CARTESIAN_POINT('',(1.,0.));
#6307 = VECTOR('',#6308,1.);
#6308 = DIRECTION('',(0.,-1.));
#6309 = ( GEOMETRIC_REPRESENTATION_CONTEXT(2) 
PARAMETRIC_REPRESENTATION_CONTEXT() REPRESENTATION_CONTEXT('2D SPACE',''
  ) );
#6310 = PCURVE('',#6311,#6318);
#6311 = SURFACE_OF_LINEAR_EXTRUSION('',#6312,#6316);
#6312 = B_SPLINE_CURVE_WITH_KNOTS('',2,(#6313,#6314,#6315),
  .UNSPECIFIED.,.F.,.F.,(3,3),(0.,1.),.PIECEWISE_BEZIER_KNOTS.);
#6313 = CARTESIAN_POINT('',(4.757521764624E-02,3.279055799576E-02,
    0.3500001));
#6314 = CARTESIAN_POINT('',(4.319763685587E-02,2.333333157129E-02,
    0.3500001));
#6315 = CARTESIAN_POINT('',(4.319763685587E-02,2.064896599229E-04,
    0.3500001));
#6316 = VECTOR('',#6317,1.);
#6317 = DIRECTION('',(-0.,-0.,-1.));
#6318 = DEFINITIONAL_REPRESENTATION('',(#6319),#6323);
#6319 = LINE('',#6320,#6321);
#6320 = CARTESIAN_POINT('',(0.,0.));
#6321 = VECTOR('',#6322,1.);
#6322 = DIRECTION('',(0.,-1.));
#6323 = ( GEOMETRIC_REPRESENTATION_CONTEXT(2) 
PARAMETRIC_REPRESENTATION_CONTEXT() REPRESENTATION_CONTEXT('2D SPACE',''
  ) );
#6324 = ORIENTED_EDGE('',*,*,#6325,.F.);
#6325 = EDGE_CURVE('',#6218,#6296,#6326,.T.);
#6326 = SURFACE_CURVE('',#6327,(#6331,#6338),.PCURVE_S1.);
#6327 = B_SPLINE_CURVE_WITH_KNOTS('',2,(#6328,#6329,#6330),
  .UNSPECIFIED.,.F.,.F.,(3,3),(0.,1.),.PIECEWISE_BEZIER_KNOTS.);
#6328 = CARTESIAN_POINT('',(6.219468556878E-02,4.224778442023E-02,
    0.3500001));
#6329 = CARTESIAN_POINT('',(5.19527984366E-02,4.224778442023E-02,
    0.3500001));
#6330 = CARTESIAN_POINT('',(4.757521764624E-02,3.279055799576E-02,
    0.3500001));
#6331 = PCURVE('',#6233,#6332);
#6332 = DEFINITIONAL_REPRESENTATION('',(#6333),#6337);
#6333 = LINE('',#6334,#6335);
#6334 = CARTESIAN_POINT('',(0.,0.));
#6335 = VECTOR('',#6336,1.);
#6336 = DIRECTION('',(1.,0.));
#6337 = ( GEOMETRIC_REPRESENTATION_CONTEXT(2) 
PARAMETRIC_REPRESENTATION_CONTEXT() REPRESENTATION_CONTEXT('2D SPACE',''
  ) );
#6338 = PCURVE('',#5554,#6339);
#6339 = DEFINITIONAL_REPRESENTATION('',(#6340),#6344);
#6340 = B_SPLINE_CURVE_WITH_KNOTS('',2,(#6341,#6342,#6343),
  .UNSPECIFIED.,.F.,.F.,(3,3),(0.,1.),.PIECEWISE_BEZIER_KNOTS.);
#6341 = CARTESIAN_POINT('',(5.889085101001E-02,0.103823001009));
#6342 = CARTESIAN_POINT('',(4.864896387784E-02,0.103823001009));
#6343 = CARTESIAN_POINT('',(4.427138308747E-02,9.436577458477E-02));
#6344 = ( GEOMETRIC_REPRESENTATION_CONTEXT(2) 
PARAMETRIC_REPRESENTATION_CONTEXT() REPRESENTATION_CONTEXT('2D SPACE',''
  ) );
#6345 = ADVANCED_FACE('',(#6346),#6311,.T.);
#6346 = FACE_BOUND('',#6347,.T.);
#6347 = EDGE_LOOP('',(#6348,#6349,#6372,#6402));
#6348 = ORIENTED_EDGE('',*,*,#6295,.T.);
#6349 = ORIENTED_EDGE('',*,*,#6350,.T.);
#6350 = EDGE_CURVE('',#6273,#6351,#6353,.T.);
#6351 = VERTEX_POINT('',#6352);
#6352 = CARTESIAN_POINT('',(4.319763685587E-02,2.064896599229E-04,
    0.3568001));
#6353 = SURFACE_CURVE('',#6354,(#6358,#6365),.PCURVE_S1.);
#6354 = B_SPLINE_CURVE_WITH_KNOTS('',2,(#6355,#6356,#6357),
  .UNSPECIFIED.,.F.,.F.,(3,3),(0.,1.),.PIECEWISE_BEZIER_KNOTS.);
#6355 = CARTESIAN_POINT('',(4.757521764624E-02,3.279055799576E-02,
    0.3568001));
#6356 = CARTESIAN_POINT('',(4.319763685587E-02,2.333333157129E-02,
    0.3568001));
#6357 = CARTESIAN_POINT('',(4.319763685587E-02,2.064896599229E-04,
    0.3568001));
#6358 = PCURVE('',#6311,#6359);
#6359 = DEFINITIONAL_REPRESENTATION('',(#6360),#6364);
#6360 = LINE('',#6361,#6362);
#6361 = CARTESIAN_POINT('',(0.,-6.8E-03));
#6362 = VECTOR('',#6363,1.);
#6363 = DIRECTION('',(1.,0.));
#6364 = ( GEOMETRIC_REPRESENTATION_CONTEXT(2) 
PARAMETRIC_REPRESENTATION_CONTEXT() REPRESENTATION_CONTEXT('2D SPACE',''
  ) );
#6365 = PCURVE('',#5498,#6366);
#6366 = DEFINITIONAL_REPRESENTATION('',(#6367),#6371);
#6367 = B_SPLINE_CURVE_WITH_KNOTS('',2,(#6368,#6369,#6370),
  .UNSPECIFIED.,.F.,.F.,(3,3),(0.,1.),.PIECEWISE_BEZIER_KNOTS.);
#6368 = CARTESIAN_POINT('',(4.427138308747E-02,9.436577458477E-02));
#6369 = CARTESIAN_POINT('',(3.989380229711E-02,8.49085481603E-02));
#6370 = CARTESIAN_POINT('',(3.989380229711E-02,6.178170624893E-02));
#6371 = ( GEOMETRIC_REPRESENTATION_CONTEXT(2) 
PARAMETRIC_REPRESENTATION_CONTEXT() REPRESENTATION_CONTEXT('2D SPACE',''
  ) );
#6372 = ORIENTED_EDGE('',*,*,#6373,.F.);
#6373 = EDGE_CURVE('',#6374,#6351,#6376,.T.);
#6374 = VERTEX_POINT('',#6375);
#6375 = CARTESIAN_POINT('',(4.319763685587E-02,2.064896599229E-04,
    0.3500001));
#6376 = SURFACE_CURVE('',#6377,(#6381,#6388),.PCURVE_S1.);
#6377 = LINE('',#6378,#6379);
#6378 = CARTESIAN_POINT('',(4.319763685587E-02,2.064896599229E-04,
    0.3500001));
#6379 = VECTOR('',#6380,1.);
#6380 = DIRECTION('',(0.,0.,1.));
#6381 = PCURVE('',#6311,#6382);
#6382 = DEFINITIONAL_REPRESENTATION('',(#6383),#6387);
#6383 = LINE('',#6384,#6385);
#6384 = CARTESIAN_POINT('',(1.,0.));
#6385 = VECTOR('',#6386,1.);
#6386 = DIRECTION('',(0.,-1.));
#6387 = ( GEOMETRIC_REPRESENTATION_CONTEXT(2) 
PARAMETRIC_REPRESENTATION_CONTEXT() REPRESENTATION_CONTEXT('2D SPACE',''
  ) );
#6388 = PCURVE('',#6389,#6396);
#6389 = SURFACE_OF_LINEAR_EXTRUSION('',#6390,#6394);
#6390 = B_SPLINE_CURVE_WITH_KNOTS('',2,(#6391,#6392,#6393),
  .UNSPECIFIED.,.F.,.F.,(3,3),(0.,1.),.PIECEWISE_BEZIER_KNOTS.);
#6391 = CARTESIAN_POINT('',(4.319763685587E-02,2.064896599229E-04,
    0.3500001));
#6392 = CARTESIAN_POINT('',(4.319763685587E-02,-2.316813984335E-02,
    0.3500001));
#6393 = CARTESIAN_POINT('',(4.757521764624E-02,-3.274926006377E-02,
    0.3500001));
#6394 = VECTOR('',#6395,1.);
#6395 = DIRECTION('',(-0.,-0.,-1.));
#6396 = DEFINITIONAL_REPRESENTATION('',(#6397),#6401);
#6397 = LINE('',#6398,#6399);
#6398 = CARTESIAN_POINT('',(0.,0.));
#6399 = VECTOR('',#6400,1.);
#6400 = DIRECTION('',(0.,-1.));
#6401 = ( GEOMETRIC_REPRESENTATION_CONTEXT(2) 
PARAMETRIC_REPRESENTATION_CONTEXT() REPRESENTATION_CONTEXT('2D SPACE',''
  ) );
#6402 = ORIENTED_EDGE('',*,*,#6403,.F.);
#6403 = EDGE_CURVE('',#6296,#6374,#6404,.T.);
#6404 = SURFACE_CURVE('',#6405,(#6409,#6416),.PCURVE_S1.);
#6405 = B_SPLINE_CURVE_WITH_KNOTS('',2,(#6406,#6407,#6408),
  .UNSPECIFIED.,.F.,.F.,(3,3),(0.,1.),.PIECEWISE_BEZIER_KNOTS.);
#6406 = CARTESIAN_POINT('',(4.757521764624E-02,3.279055799576E-02,
    0.3500001));
#6407 = CARTESIAN_POINT('',(4.319763685587E-02,2.333333157129E-02,
    0.3500001));
#6408 = CARTESIAN_POINT('',(4.319763685587E-02,2.064896599229E-04,
    0.3500001));
#6409 = PCURVE('',#6311,#6410);
#6410 = DEFINITIONAL_REPRESENTATION('',(#6411),#6415);
#6411 = LINE('',#6412,#6413);
#6412 = CARTESIAN_POINT('',(0.,0.));
#6413 = VECTOR('',#6414,1.);
#6414 = DIRECTION('',(1.,0.));
#6415 = ( GEOMETRIC_REPRESENTATION_CONTEXT(2) 
PARAMETRIC_REPRESENTATION_CONTEXT() REPRESENTATION_CONTEXT('2D SPACE',''
  ) );
#6416 = PCURVE('',#5554,#6417);
#6417 = DEFINITIONAL_REPRESENTATION('',(#6418),#6422);
#6418 = B_SPLINE_CURVE_WITH_KNOTS('',2,(#6419,#6420,#6421),
  .UNSPECIFIED.,.F.,.F.,(3,3),(0.,1.),.PIECEWISE_BEZIER_KNOTS.);
#6419 = CARTESIAN_POINT('',(4.427138308747E-02,9.436577458477E-02));
#6420 = CARTESIAN_POINT('',(3.989380229711E-02,8.49085481603E-02));
#6421 = CARTESIAN_POINT('',(3.989380229711E-02,6.178170624893E-02));
#6422 = ( GEOMETRIC_REPRESENTATION_CONTEXT(2) 
PARAMETRIC_REPRESENTATION_CONTEXT() REPRESENTATION_CONTEXT('2D SPACE',''
  ) );
#6423 = ADVANCED_FACE('',(#6424),#6389,.T.);
#6424 = FACE_BOUND('',#6425,.T.);
#6425 = EDGE_LOOP('',(#6426,#6427,#6450,#6480));
#6426 = ORIENTED_EDGE('',*,*,#6373,.T.);
#6427 = ORIENTED_EDGE('',*,*,#6428,.T.);
#6428 = EDGE_CURVE('',#6351,#6429,#6431,.T.);
#6429 = VERTEX_POINT('',#6430);
#6430 = CARTESIAN_POINT('',(4.757521764624E-02,-3.274926006377E-02,
    0.3568001));
#6431 = SURFACE_CURVE('',#6432,(#6436,#6443),.PCURVE_S1.);
#6432 = B_SPLINE_CURVE_WITH_KNOTS('',2,(#6433,#6434,#6435),
  .UNSPECIFIED.,.F.,.F.,(3,3),(0.,1.),.PIECEWISE_BEZIER_KNOTS.);
#6433 = CARTESIAN_POINT('',(4.319763685587E-02,2.064896599229E-04,
    0.3568001));
#6434 = CARTESIAN_POINT('',(4.319763685587E-02,-2.316813984335E-02,
    0.3568001));
#6435 = CARTESIAN_POINT('',(4.757521764624E-02,-3.274926006377E-02,
    0.3568001));
#6436 = PCURVE('',#6389,#6437);
#6437 = DEFINITIONAL_REPRESENTATION('',(#6438),#6442);
#6438 = LINE('',#6439,#6440);
#6439 = CARTESIAN_POINT('',(0.,-6.8E-03));
#6440 = VECTOR('',#6441,1.);
#6441 = DIRECTION('',(1.,0.));
#6442 = ( GEOMETRIC_REPRESENTATION_CONTEXT(2) 
PARAMETRIC_REPRESENTATION_CONTEXT() REPRESENTATION_CONTEXT('2D SPACE',''
  ) );
#6443 = PCURVE('',#5498,#6444);
#6444 = DEFINITIONAL_REPRESENTATION('',(#6445),#6449);
#6445 = B_SPLINE_CURVE_WITH_KNOTS('',2,(#6446,#6447,#6448),
  .UNSPECIFIED.,.F.,.F.,(3,3),(0.,1.),.PIECEWISE_BEZIER_KNOTS.);
#6446 = CARTESIAN_POINT('',(3.989380229711E-02,6.178170624893E-02));
#6447 = CARTESIAN_POINT('',(3.989380229711E-02,3.840707674566E-02));
#6448 = CARTESIAN_POINT('',(4.427138308747E-02,2.882595652524E-02));
#6449 = ( GEOMETRIC_REPRESENTATION_CONTEXT(2) 
PARAMETRIC_REPRESENTATION_CONTEXT() REPRESENTATION_CONTEXT('2D SPACE',''
  ) );
#6450 = ORIENTED_EDGE('',*,*,#6451,.F.);
#6451 = EDGE_CURVE('',#6452,#6429,#6454,.T.);
#6452 = VERTEX_POINT('',#6453);
#6453 = CARTESIAN_POINT('',(4.757521764624E-02,-3.274926006377E-02,
    0.3500001));
#6454 = SURFACE_CURVE('',#6455,(#6459,#6466),.PCURVE_S1.);
#6455 = LINE('',#6456,#6457);
#6456 = CARTESIAN_POINT('',(4.757521764624E-02,-3.274926006377E-02,
    0.3500001));
#6457 = VECTOR('',#6458,1.);
#6458 = DIRECTION('',(0.,0.,1.));
#6459 = PCURVE('',#6389,#6460);
#6460 = DEFINITIONAL_REPRESENTATION('',(#6461),#6465);
#6461 = LINE('',#6462,#6463);
#6462 = CARTESIAN_POINT('',(1.,0.));
#6463 = VECTOR('',#6464,1.);
#6464 = DIRECTION('',(0.,-1.));
#6465 = ( GEOMETRIC_REPRESENTATION_CONTEXT(2) 
PARAMETRIC_REPRESENTATION_CONTEXT() REPRESENTATION_CONTEXT('2D SPACE',''
  ) );
#6466 = PCURVE('',#6467,#6474);
#6467 = SURFACE_OF_LINEAR_EXTRUSION('',#6468,#6472);
#6468 = B_SPLINE_CURVE_WITH_KNOTS('',2,(#6469,#6470,#6471),
  .UNSPECIFIED.,.F.,.F.,(3,3),(0.,1.),.PIECEWISE_BEZIER_KNOTS.);
#6469 = CARTESIAN_POINT('',(4.757521764624E-02,-3.274926006377E-02,
    0.3500001));
#6470 = CARTESIAN_POINT('',(5.19527984366E-02,-4.23303802842E-02,
    0.3500001));
#6471 = CARTESIAN_POINT('',(6.219468556878E-02,-4.23303802842E-02,
    0.3500001));
#6472 = VECTOR('',#6473,1.);
#6473 = DIRECTION('',(-0.,-0.,-1.));
#6474 = DEFINITIONAL_REPRESENTATION('',(#6475),#6479);
#6475 = LINE('',#6476,#6477);
#6476 = CARTESIAN_POINT('',(0.,0.));
#6477 = VECTOR('',#6478,1.);
#6478 = DIRECTION('',(0.,-1.));
#6479 = ( GEOMETRIC_REPRESENTATION_CONTEXT(2) 
PARAMETRIC_REPRESENTATION_CONTEXT() REPRESENTATION_CONTEXT('2D SPACE',''
  ) );
#6480 = ORIENTED_EDGE('',*,*,#6481,.F.);
#6481 = EDGE_CURVE('',#6374,#6452,#6482,.T.);
#6482 = SURFACE_CURVE('',#6483,(#6487,#6494),.PCURVE_S1.);
#6483 = B_SPLINE_CURVE_WITH_KNOTS('',2,(#6484,#6485,#6486),
  .UNSPECIFIED.,.F.,.F.,(3,3),(0.,1.),.PIECEWISE_BEZIER_KNOTS.);
#6484 = CARTESIAN_POINT('',(4.319763685587E-02,2.064896599229E-04,
    0.3500001));
#6485 = CARTESIAN_POINT('',(4.319763685587E-02,-2.316813984335E-02,
    0.3500001));
#6486 = CARTESIAN_POINT('',(4.757521764624E-02,-3.274926006377E-02,
    0.3500001));
#6487 = PCURVE('',#6389,#6488);
#6488 = DEFINITIONAL_REPRESENTATION('',(#6489),#6493);
#6489 = LINE('',#6490,#6491);
#6490 = CARTESIAN_POINT('',(0.,0.));
#6491 = VECTOR('',#6492,1.);
#6492 = DIRECTION('',(1.,0.));
#6493 = ( GEOMETRIC_REPRESENTATION_CONTEXT(2) 
PARAMETRIC_REPRESENTATION_CONTEXT() REPRESENTATION_CONTEXT('2D SPACE',''
  ) );
#6494 = PCURVE('',#5554,#6495);
#6495 = DEFINITIONAL_REPRESENTATION('',(#6496),#6500);
#6496 = B_SPLINE_CURVE_WITH_KNOTS('',2,(#6497,#6498,#6499),
  .UNSPECIFIED.,.F.,.F.,(3,3),(0.,1.),.PIECEWISE_BEZIER_KNOTS.);
#6497 = CARTESIAN_POINT('',(3.989380229711E-02,6.178170624893E-02));
#6498 = CARTESIAN_POINT('',(3.989380229711E-02,3.840707674566E-02));
#6499 = CARTESIAN_POINT('',(4.427138308747E-02,2.882595652524E-02));
#6500 = ( GEOMETRIC_REPRESENTATION_CONTEXT(2) 
PARAMETRIC_REPRESENTATION_CONTEXT() REPRESENTATION_CONTEXT('2D SPACE',''
  ) );
#6501 = ADVANCED_FACE('',(#6502),#6467,.T.);
#6502 = FACE_BOUND('',#6503,.T.);
#6503 = EDGE_LOOP('',(#6504,#6505,#6528,#6558));
#6504 = ORIENTED_EDGE('',*,*,#6451,.T.);
#6505 = ORIENTED_EDGE('',*,*,#6506,.T.);
#6506 = EDGE_CURVE('',#6429,#6507,#6509,.T.);
#6507 = VERTEX_POINT('',#6508);
#6508 = CARTESIAN_POINT('',(6.219468556878E-02,-4.23303802842E-02,
    0.3568001));
#6509 = SURFACE_CURVE('',#6510,(#6514,#6521),.PCURVE_S1.);
#6510 = B_SPLINE_CURVE_WITH_KNOTS('',2,(#6511,#6512,#6513),
  .UNSPECIFIED.,.F.,.F.,(3,3),(0.,1.),.PIECEWISE_BEZIER_KNOTS.);
#6511 = CARTESIAN_POINT('',(4.757521764624E-02,-3.274926006377E-02,
    0.3568001));
#6512 = CARTESIAN_POINT('',(5.19527984366E-02,-4.23303802842E-02,
    0.3568001));
#6513 = CARTESIAN_POINT('',(6.219468556878E-02,-4.23303802842E-02,
    0.3568001));
#6514 = PCURVE('',#6467,#6515);
#6515 = DEFINITIONAL_REPRESENTATION('',(#6516),#6520);
#6516 = LINE('',#6517,#6518);
#6517 = CARTESIAN_POINT('',(0.,-6.8E-03));
#6518 = VECTOR('',#6519,1.);
#6519 = DIRECTION('',(1.,0.));
#6520 = ( GEOMETRIC_REPRESENTATION_CONTEXT(2) 
PARAMETRIC_REPRESENTATION_CONTEXT() REPRESENTATION_CONTEXT('2D SPACE',''
  ) );
#6521 = PCURVE('',#5498,#6522);
#6522 = DEFINITIONAL_REPRESENTATION('',(#6523),#6527);
#6523 = B_SPLINE_CURVE_WITH_KNOTS('',2,(#6524,#6525,#6526),
  .UNSPECIFIED.,.F.,.F.,(3,3),(0.,1.),.PIECEWISE_BEZIER_KNOTS.);
#6524 = CARTESIAN_POINT('',(4.427138308747E-02,2.882595652524E-02));
#6525 = CARTESIAN_POINT('',(4.864896387784E-02,1.924483630481E-02));
#6526 = CARTESIAN_POINT('',(5.889085101001E-02,1.924483630481E-02));
#6527 = ( GEOMETRIC_REPRESENTATION_CONTEXT(2) 
PARAMETRIC_REPRESENTATION_CONTEXT() REPRESENTATION_CONTEXT('2D SPACE',''
  ) );
#6528 = ORIENTED_EDGE('',*,*,#6529,.F.);
#6529 = EDGE_CURVE('',#6530,#6507,#6532,.T.);
#6530 = VERTEX_POINT('',#6531);
#6531 = CARTESIAN_POINT('',(6.219468556878E-02,-4.23303802842E-02,
    0.3500001));
#6532 = SURFACE_CURVE('',#6533,(#6537,#6544),.PCURVE_S1.);
#6533 = LINE('',#6534,#6535);
#6534 = CARTESIAN_POINT('',(6.219468556878E-02,-4.23303802842E-02,
    0.3500001));
#6535 = VECTOR('',#6536,1.);
#6536 = DIRECTION('',(0.,0.,1.));
#6537 = PCURVE('',#6467,#6538);
#6538 = DEFINITIONAL_REPRESENTATION('',(#6539),#6543);
#6539 = LINE('',#6540,#6541);
#6540 = CARTESIAN_POINT('',(1.,0.));
#6541 = VECTOR('',#6542,1.);
#6542 = DIRECTION('',(0.,-1.));
#6543 = ( GEOMETRIC_REPRESENTATION_CONTEXT(2) 
PARAMETRIC_REPRESENTATION_CONTEXT() REPRESENTATION_CONTEXT('2D SPACE',''
  ) );
#6544 = PCURVE('',#6545,#6552);
#6545 = SURFACE_OF_LINEAR_EXTRUSION('',#6546,#6550);
#6546 = B_SPLINE_CURVE_WITH_KNOTS('',2,(#6547,#6548,#6549),
  .UNSPECIFIED.,.F.,.F.,(3,3),(0.,1.),.PIECEWISE_BEZIER_KNOTS.);
#6547 = CARTESIAN_POINT('',(6.219468556878E-02,-4.23303802842E-02,
    0.3500001));
#6548 = CARTESIAN_POINT('',(7.235397683699E-02,-4.23303802842E-02,
    0.3500001));
#6549 = CARTESIAN_POINT('',(7.673155762735E-02,-3.274926006377E-02,
    0.3500001));
#6550 = VECTOR('',#6551,1.);
#6551 = DIRECTION('',(-0.,-0.,-1.));
#6552 = DEFINITIONAL_REPRESENTATION('',(#6553),#6557);
#6553 = LINE('',#6554,#6555);
#6554 = CARTESIAN_POINT('',(0.,0.));
#6555 = VECTOR('',#6556,1.);
#6556 = DIRECTION('',(0.,-1.));
#6557 = ( GEOMETRIC_REPRESENTATION_CONTEXT(2) 
PARAMETRIC_REPRESENTATION_CONTEXT() REPRESENTATION_CONTEXT('2D SPACE',''
  ) );
#6558 = ORIENTED_EDGE('',*,*,#6559,.F.);
#6559 = EDGE_CURVE('',#6452,#6530,#6560,.T.);
#6560 = SURFACE_CURVE('',#6561,(#6565,#6572),.PCURVE_S1.);
#6561 = B_SPLINE_CURVE_WITH_KNOTS('',2,(#6562,#6563,#6564),
  .UNSPECIFIED.,.F.,.F.,(3,3),(0.,1.),.PIECEWISE_BEZIER_KNOTS.);
#6562 = CARTESIAN_POINT('',(4.757521764624E-02,-3.274926006377E-02,
    0.3500001));
#6563 = CARTESIAN_POINT('',(5.19527984366E-02,-4.23303802842E-02,
    0.3500001));
#6564 = CARTESIAN_POINT('',(6.219468556878E-02,-4.23303802842E-02,
    0.3500001));
#6565 = PCURVE('',#6467,#6566);
#6566 = DEFINITIONAL_REPRESENTATION('',(#6567),#6571);
#6567 = LINE('',#6568,#6569);
#6568 = CARTESIAN_POINT('',(0.,0.));
#6569 = VECTOR('',#6570,1.);
#6570 = DIRECTION('',(1.,0.));
#6571 = ( GEOMETRIC_REPRESENTATION_CONTEXT(2) 
PARAMETRIC_REPRESENTATION_CONTEXT() REPRESENTATION_CONTEXT('2D SPACE',''
  ) );
#6572 = PCURVE('',#5554,#6573);
#6573 = DEFINITIONAL_REPRESENTATION('',(#6574),#6578);
#6574 = B_SPLINE_CURVE_WITH_KNOTS('',2,(#6575,#6576,#6577),
  .UNSPECIFIED.,.F.,.F.,(3,3),(0.,1.),.PIECEWISE_BEZIER_KNOTS.);
#6575 = CARTESIAN_POINT('',(4.427138308747E-02,2.882595652524E-02));
#6576 = CARTESIAN_POINT('',(4.864896387784E-02,1.924483630481E-02));
#6577 = CARTESIAN_POINT('',(5.889085101001E-02,1.924483630481E-02));
#6578 = ( GEOMETRIC_REPRESENTATION_CONTEXT(2) 
PARAMETRIC_REPRESENTATION_CONTEXT() REPRESENTATION_CONTEXT('2D SPACE',''
  ) );
#6579 = ADVANCED_FACE('',(#6580),#6545,.T.);
#6580 = FACE_BOUND('',#6581,.T.);
#6581 = EDGE_LOOP('',(#6582,#6583,#6606,#6629));
#6582 = ORIENTED_EDGE('',*,*,#6529,.T.);
#6583 = ORIENTED_EDGE('',*,*,#6584,.T.);
#6584 = EDGE_CURVE('',#6507,#6585,#6587,.T.);
#6585 = VERTEX_POINT('',#6586);
#6586 = CARTESIAN_POINT('',(7.673155762735E-02,-3.274926006377E-02,
    0.3568001));
#6587 = SURFACE_CURVE('',#6588,(#6592,#6599),.PCURVE_S1.);
#6588 = B_SPLINE_CURVE_WITH_KNOTS('',2,(#6589,#6590,#6591),
  .UNSPECIFIED.,.F.,.F.,(3,3),(0.,1.),.PIECEWISE_BEZIER_KNOTS.);
#6589 = CARTESIAN_POINT('',(6.219468556878E-02,-4.23303802842E-02,
    0.3568001));
#6590 = CARTESIAN_POINT('',(7.235397683699E-02,-4.23303802842E-02,
    0.3568001));
#6591 = CARTESIAN_POINT('',(7.673155762735E-02,-3.274926006377E-02,
    0.3568001));
#6592 = PCURVE('',#6545,#6593);
#6593 = DEFINITIONAL_REPRESENTATION('',(#6594),#6598);
#6594 = LINE('',#6595,#6596);
#6595 = CARTESIAN_POINT('',(0.,-6.8E-03));
#6596 = VECTOR('',#6597,1.);
#6597 = DIRECTION('',(1.,0.));
#6598 = ( GEOMETRIC_REPRESENTATION_CONTEXT(2) 
PARAMETRIC_REPRESENTATION_CONTEXT() REPRESENTATION_CONTEXT('2D SPACE',''
  ) );
#6599 = PCURVE('',#5498,#6600);
#6600 = DEFINITIONAL_REPRESENTATION('',(#6601),#6605);
#6601 = B_SPLINE_CURVE_WITH_KNOTS('',2,(#6602,#6603,#6604),
  .UNSPECIFIED.,.F.,.F.,(3,3),(0.,1.),.PIECEWISE_BEZIER_KNOTS.);
#6602 = CARTESIAN_POINT('',(5.889085101001E-02,1.924483630481E-02));
#6603 = CARTESIAN_POINT('',(6.905014227822E-02,1.924483630481E-02));
#6604 = CARTESIAN_POINT('',(7.342772306858E-02,2.882595652524E-02));
#6605 = ( GEOMETRIC_REPRESENTATION_CONTEXT(2) 
PARAMETRIC_REPRESENTATION_CONTEXT() REPRESENTATION_CONTEXT('2D SPACE',''
  ) );
#6606 = ORIENTED_EDGE('',*,*,#6607,.F.);
#6607 = EDGE_CURVE('',#6608,#6585,#6610,.T.);
#6608 = VERTEX_POINT('',#6609);
#6609 = CARTESIAN_POINT('',(7.673155762735E-02,-3.274926006377E-02,
    0.3500001));
#6610 = SURFACE_CURVE('',#6611,(#6615,#6622),.PCURVE_S1.);
#6611 = LINE('',#6612,#6613);
#6612 = CARTESIAN_POINT('',(7.673155762735E-02,-3.274926006377E-02,
    0.3500001));
#6613 = VECTOR('',#6614,1.);
#6614 = DIRECTION('',(0.,0.,1.));
#6615 = PCURVE('',#6545,#6616);
#6616 = DEFINITIONAL_REPRESENTATION('',(#6617),#6621);
#6617 = LINE('',#6618,#6619);
#6618 = CARTESIAN_POINT('',(1.,0.));
#6619 = VECTOR('',#6620,1.);
#6620 = DIRECTION('',(0.,-1.));
#6621 = ( GEOMETRIC_REPRESENTATION_CONTEXT(2) 
PARAMETRIC_REPRESENTATION_CONTEXT() REPRESENTATION_CONTEXT('2D SPACE',''
  ) );
#6622 = PCURVE('',#6102,#6623);
#6623 = DEFINITIONAL_REPRESENTATION('',(#6624),#6628);
#6624 = LINE('',#6625,#6626);
#6625 = CARTESIAN_POINT('',(0.,0.));
#6626 = VECTOR('',#6627,1.);
#6627 = DIRECTION('',(0.,-1.));
#6628 = ( GEOMETRIC_REPRESENTATION_CONTEXT(2) 
PARAMETRIC_REPRESENTATION_CONTEXT() REPRESENTATION_CONTEXT('2D SPACE',''
  ) );
#6629 = ORIENTED_EDGE('',*,*,#6630,.F.);
#6630 = EDGE_CURVE('',#6530,#6608,#6631,.T.);
#6631 = SURFACE_CURVE('',#6632,(#6636,#6643),.PCURVE_S1.);
#6632 = B_SPLINE_CURVE_WITH_KNOTS('',2,(#6633,#6634,#6635),
  .UNSPECIFIED.,.F.,.F.,(3,3),(0.,1.),.PIECEWISE_BEZIER_KNOTS.);
#6633 = CARTESIAN_POINT('',(6.219468556878E-02,-4.23303802842E-02,
    0.3500001));
#6634 = CARTESIAN_POINT('',(7.235397683699E-02,-4.23303802842E-02,
    0.3500001));
#6635 = CARTESIAN_POINT('',(7.673155762735E-02,-3.274926006377E-02,
    0.3500001));
#6636 = PCURVE('',#6545,#6637);
#6637 = DEFINITIONAL_REPRESENTATION('',(#6638),#6642);
#6638 = LINE('',#6639,#6640);
#6639 = CARTESIAN_POINT('',(0.,0.));
#6640 = VECTOR('',#6641,1.);
#6641 = DIRECTION('',(1.,0.));
#6642 = ( GEOMETRIC_REPRESENTATION_CONTEXT(2) 
PARAMETRIC_REPRESENTATION_CONTEXT() REPRESENTATION_CONTEXT('2D SPACE',''
  ) );
#6643 = PCURVE('',#5554,#6644);
#6644 = DEFINITIONAL_REPRESENTATION('',(#6645),#6649);
#6645 = B_SPLINE_CURVE_WITH_KNOTS('',2,(#6646,#6647,#6648),
  .UNSPECIFIED.,.F.,.F.,(3,3),(0.,1.),.PIECEWISE_BEZIER_KNOTS.);
#6646 = CARTESIAN_POINT('',(5.889085101001E-02,1.924483630481E-02));
#6647 = CARTESIAN_POINT('',(6.905014227822E-02,1.924483630481E-02));
#6648 = CARTESIAN_POINT('',(7.342772306858E-02,2.882595652524E-02));
#6649 = ( GEOMETRIC_REPRESENTATION_CONTEXT(2) 
PARAMETRIC_REPRESENTATION_CONTEXT() REPRESENTATION_CONTEXT('2D SPACE',''
  ) );
#6650 = ADVANCED_FACE('',(#6651),#6102,.T.);
#6651 = FACE_BOUND('',#6652,.T.);
#6652 = EDGE_LOOP('',(#6653,#6654,#6675,#6676));
#6653 = ORIENTED_EDGE('',*,*,#6607,.T.);
#6654 = ORIENTED_EDGE('',*,*,#6655,.T.);
#6655 = EDGE_CURVE('',#6585,#6080,#6656,.T.);
#6656 = SURFACE_CURVE('',#6657,(#6661,#6668),.PCURVE_S1.);
#6657 = B_SPLINE_CURVE_WITH_KNOTS('',2,(#6658,#6659,#6660),
  .UNSPECIFIED.,.F.,.F.,(3,3),(0.,1.),.PIECEWISE_BEZIER_KNOTS.);
#6658 = CARTESIAN_POINT('',(7.673155762735E-02,-3.274926006377E-02,
    0.3568001));
#6659 = CARTESIAN_POINT('',(8.110913841772E-02,-2.316813984335E-02,
    0.3568001));
#6660 = CARTESIAN_POINT('',(8.110913841772E-02,2.064896599229E-04,
    0.3568001));
#6661 = PCURVE('',#6102,#6662);
#6662 = DEFINITIONAL_REPRESENTATION('',(#6663),#6667);
#6663 = LINE('',#6664,#6665);
#6664 = CARTESIAN_POINT('',(0.,-6.8E-03));
#6665 = VECTOR('',#6666,1.);
#6666 = DIRECTION('',(1.,0.));
#6667 = ( GEOMETRIC_REPRESENTATION_CONTEXT(2) 
PARAMETRIC_REPRESENTATION_CONTEXT() REPRESENTATION_CONTEXT('2D SPACE',''
  ) );
#6668 = PCURVE('',#5498,#6669);
#6669 = DEFINITIONAL_REPRESENTATION('',(#6670),#6674);
#6670 = B_SPLINE_CURVE_WITH_KNOTS('',2,(#6671,#6672,#6673),
  .UNSPECIFIED.,.F.,.F.,(3,3),(0.,1.),.PIECEWISE_BEZIER_KNOTS.);
#6671 = CARTESIAN_POINT('',(7.342772306858E-02,2.882595652524E-02));
#6672 = CARTESIAN_POINT('',(7.780530385895E-02,3.840707674566E-02));
#6673 = CARTESIAN_POINT('',(7.780530385895E-02,6.178170624893E-02));
#6674 = ( GEOMETRIC_REPRESENTATION_CONTEXT(2) 
PARAMETRIC_REPRESENTATION_CONTEXT() REPRESENTATION_CONTEXT('2D SPACE',''
  ) );
#6675 = ORIENTED_EDGE('',*,*,#6077,.F.);
#6676 = ORIENTED_EDGE('',*,*,#6677,.F.);
#6677 = EDGE_CURVE('',#6608,#6078,#6678,.T.);
#6678 = SURFACE_CURVE('',#6679,(#6683,#6690),.PCURVE_S1.);
#6679 = B_SPLINE_CURVE_WITH_KNOTS('',2,(#6680,#6681,#6682),
  .UNSPECIFIED.,.F.,.F.,(3,3),(0.,1.),.PIECEWISE_BEZIER_KNOTS.);
#6680 = CARTESIAN_POINT('',(7.673155762735E-02,-3.274926006377E-02,
    0.3500001));
#6681 = CARTESIAN_POINT('',(8.110913841772E-02,-2.316813984335E-02,
    0.3500001));
#6682 = CARTESIAN_POINT('',(8.110913841772E-02,2.064896599229E-04,
    0.3500001));
#6683 = PCURVE('',#6102,#6684);
#6684 = DEFINITIONAL_REPRESENTATION('',(#6685),#6689);
#6685 = LINE('',#6686,#6687);
#6686 = CARTESIAN_POINT('',(0.,0.));
#6687 = VECTOR('',#6688,1.);
#6688 = DIRECTION('',(1.,0.));
#6689 = ( GEOMETRIC_REPRESENTATION_CONTEXT(2) 
PARAMETRIC_REPRESENTATION_CONTEXT() REPRESENTATION_CONTEXT('2D SPACE',''
  ) );
#6690 = PCURVE('',#5554,#6691);
#6691 = DEFINITIONAL_REPRESENTATION('',(#6692),#6696);
#6692 = B_SPLINE_CURVE_WITH_KNOTS('',2,(#6693,#6694,#6695),
  .UNSPECIFIED.,.F.,.F.,(3,3),(0.,1.),.PIECEWISE_BEZIER_KNOTS.);
#6693 = CARTESIAN_POINT('',(7.342772306858E-02,2.882595652524E-02));
#6694 = CARTESIAN_POINT('',(7.780530385895E-02,3.840707674566E-02));
#6695 = CARTESIAN_POINT('',(7.780530385895E-02,6.178170624893E-02));
#6696 = ( GEOMETRIC_REPRESENTATION_CONTEXT(2) 
PARAMETRIC_REPRESENTATION_CONTEXT() REPRESENTATION_CONTEXT('2D SPACE',''
  ) );
#6697 = ADVANCED_FACE('',(#6698,#6708),#5554,.F.);
#6698 = FACE_BOUND('',#6699,.T.);
#6699 = EDGE_LOOP('',(#6700,#6701,#6702,#6703,#6704,#6705,#6706,#6707));
#6700 = ORIENTED_EDGE('',*,*,#5540,.T.);
#6701 = ORIENTED_EDGE('',*,*,#5623,.T.);
#6702 = ORIENTED_EDGE('',*,*,#5701,.T.);
#6703 = ORIENTED_EDGE('',*,*,#5779,.T.);
#6704 = ORIENTED_EDGE('',*,*,#5857,.T.);
#6705 = ORIENTED_EDGE('',*,*,#5935,.T.);
#6706 = ORIENTED_EDGE('',*,*,#6006,.T.);
#6707 = ORIENTED_EDGE('',*,*,#6053,.T.);
#6708 = FACE_BOUND('',#6709,.T.);
#6709 = EDGE_LOOP('',(#6710,#6711,#6712,#6713,#6714,#6715,#6716,#6717));
#6710 = ORIENTED_EDGE('',*,*,#6169,.T.);
#6711 = ORIENTED_EDGE('',*,*,#6247,.T.);
#6712 = ORIENTED_EDGE('',*,*,#6325,.T.);
#6713 = ORIENTED_EDGE('',*,*,#6403,.T.);
#6714 = ORIENTED_EDGE('',*,*,#6481,.T.);
#6715 = ORIENTED_EDGE('',*,*,#6559,.T.);
#6716 = ORIENTED_EDGE('',*,*,#6630,.T.);
#6717 = ORIENTED_EDGE('',*,*,#6677,.T.);
#6718 = ADVANCED_FACE('',(#6719,#6729),#5498,.T.);
#6719 = FACE_BOUND('',#6720,.F.);
#6720 = EDGE_LOOP('',(#6721,#6722,#6723,#6724,#6725,#6726,#6727,#6728));
#6721 = ORIENTED_EDGE('',*,*,#5482,.T.);
#6722 = ORIENTED_EDGE('',*,*,#5570,.T.);
#6723 = ORIENTED_EDGE('',*,*,#5648,.T.);
#6724 = ORIENTED_EDGE('',*,*,#5726,.T.);
#6725 = ORIENTED_EDGE('',*,*,#5804,.T.);
#6726 = ORIENTED_EDGE('',*,*,#5882,.T.);
#6727 = ORIENTED_EDGE('',*,*,#5960,.T.);
#6728 = ORIENTED_EDGE('',*,*,#6031,.T.);
#6729 = FACE_BOUND('',#6730,.F.);
#6730 = EDGE_LOOP('',(#6731,#6732,#6733,#6734,#6735,#6736,#6737,#6738));
#6731 = ORIENTED_EDGE('',*,*,#6116,.T.);
#6732 = ORIENTED_EDGE('',*,*,#6194,.T.);
#6733 = ORIENTED_EDGE('',*,*,#6272,.T.);
#6734 = ORIENTED_EDGE('',*,*,#6350,.T.);
#6735 = ORIENTED_EDGE('',*,*,#6428,.T.);
#6736 = ORIENTED_EDGE('',*,*,#6506,.T.);
#6737 = ORIENTED_EDGE('',*,*,#6584,.T.);
#6738 = ORIENTED_EDGE('',*,*,#6655,.T.);
#6739 = MANIFOLD_SOLID_BREP('',#6740);
#6740 = CLOSED_SHELL('',(#6741,#6863,#6939,#7015,#7091,#7167,#7245,#7323
    ,#7401,#7479,#7557,#7635,#7711,#7789,#7867,#7945,#8023,#8101,#8172,
    #8219,#8241));
#6741 = ADVANCED_FACE('',(#6742),#6756,.T.);
#6742 = FACE_BOUND('',#6743,.T.);
#6743 = EDGE_LOOP('',(#6744,#6781,#6809,#6837));
#6744 = ORIENTED_EDGE('',*,*,#6745,.T.);
#6745 = EDGE_CURVE('',#6746,#6748,#6750,.T.);
#6746 = VERTEX_POINT('',#6747);
#6747 = CARTESIAN_POINT('',(0.196082581063,-1.507374517437E-02,0.3500001
    ));
#6748 = VERTEX_POINT('',#6749);
#6749 = CARTESIAN_POINT('',(0.196082581063,-1.507374517437E-02,0.3568001
    ));
#6750 = SURFACE_CURVE('',#6751,(#6755,#6767),.PCURVE_S1.);
#6751 = LINE('',#6752,#6753);
#6752 = CARTESIAN_POINT('',(0.196082581063,-1.507374517437E-02,0.3500001
    ));
#6753 = VECTOR('',#6754,1.);
#6754 = DIRECTION('',(0.,0.,1.));
#6755 = PCURVE('',#6756,#6761);
#6756 = PLANE('',#6757);
#6757 = AXIS2_PLACEMENT_3D('',#6758,#6759,#6760);
#6758 = CARTESIAN_POINT('',(0.196082581063,-1.507374517437E-02,0.3500001
    ));
#6759 = DIRECTION('',(0.659671375349,-0.751554174059,0.));
#6760 = DIRECTION('',(-0.751554174059,-0.659671375349,0.));
#6761 = DEFINITIONAL_REPRESENTATION('',(#6762),#6766);
#6762 = LINE('',#6763,#6764);
#6763 = CARTESIAN_POINT('',(0.,0.));
#6764 = VECTOR('',#6765,1.);
#6765 = DIRECTION('',(0.,-1.));
#6766 = ( GEOMETRIC_REPRESENTATION_CONTEXT(2) 
PARAMETRIC_REPRESENTATION_CONTEXT() REPRESENTATION_CONTEXT('2D SPACE',''
  ) );
#6767 = PCURVE('',#6768,#6775);
#6768 = SURFACE_OF_LINEAR_EXTRUSION('',#6769,#6773);
#6769 = B_SPLINE_CURVE_WITH_KNOTS('',2,(#6770,#6771,#6772),
  .UNSPECIFIED.,.F.,.F.,(3,3),(0.,1.),.PIECEWISE_BEZIER_KNOTS.);
#6770 = CARTESIAN_POINT('',(0.217970485015,8.259586396916E-03,0.3500001)
  );
#6771 = CARTESIAN_POINT('',(0.212766945585,-4.542772518304E-04,0.3500001
    ));
#6772 = CARTESIAN_POINT('',(0.196082581063,-1.507374517437E-02,0.3500001
    ));
#6773 = VECTOR('',#6774,1.);
#6774 = DIRECTION('',(-0.,-0.,-1.));
#6775 = DEFINITIONAL_REPRESENTATION('',(#6776),#6780);
#6776 = LINE('',#6777,#6778);
#6777 = CARTESIAN_POINT('',(1.,0.));
#6778 = VECTOR('',#6779,1.);
#6779 = DIRECTION('',(0.,-1.));
#6780 = ( GEOMETRIC_REPRESENTATION_CONTEXT(2) 
PARAMETRIC_REPRESENTATION_CONTEXT() REPRESENTATION_CONTEXT('2D SPACE',''
  ) );
#6781 = ORIENTED_EDGE('',*,*,#6782,.T.);
#6782 = EDGE_CURVE('',#6748,#6783,#6785,.T.);
#6783 = VERTEX_POINT('',#6784);
#6784 = CARTESIAN_POINT('',(0.169734500457,-3.820058708574E-02,0.3568001
    ));
#6785 = SURFACE_CURVE('',#6786,(#6790,#6797),.PCURVE_S1.);
#6786 = LINE('',#6787,#6788);
#6787 = CARTESIAN_POINT('',(0.196082581063,-1.507374517437E-02,0.3568001
    ));
#6788 = VECTOR('',#6789,1.);
#6789 = DIRECTION('',(-0.751554174059,-0.659671375349,0.));
#6790 = PCURVE('',#6756,#6791);
#6791 = DEFINITIONAL_REPRESENTATION('',(#6792),#6796);
#6792 = LINE('',#6793,#6794);
#6793 = CARTESIAN_POINT('',(1.144347421248E-18,-6.8E-03));
#6794 = VECTOR('',#6795,1.);
#6795 = DIRECTION('',(1.,-0.));
#6796 = ( GEOMETRIC_REPRESENTATION_CONTEXT(2) 
PARAMETRIC_REPRESENTATION_CONTEXT() REPRESENTATION_CONTEXT('2D SPACE',''
  ) );
#6797 = PCURVE('',#6798,#6803);
#6798 = PLANE('',#6799);
#6799 = AXIS2_PLACEMENT_3D('',#6800,#6801,#6802);
#6800 = CARTESIAN_POINT('',(0.121002940715,-6.157521658901E-02,0.3568001
    ));
#6801 = DIRECTION('',(0.,0.,1.));
#6802 = DIRECTION('',(1.,0.,0.));
#6803 = DEFINITIONAL_REPRESENTATION('',(#6804),#6808);
#6804 = LINE('',#6805,#6806);
#6805 = CARTESIAN_POINT('',(7.507964034797E-02,4.650147141464E-02));
#6806 = VECTOR('',#6807,1.);
#6807 = DIRECTION('',(-0.751554174059,-0.659671375349));
#6808 = ( GEOMETRIC_REPRESENTATION_CONTEXT(2) 
PARAMETRIC_REPRESENTATION_CONTEXT() REPRESENTATION_CONTEXT('2D SPACE',''
  ) );
#6809 = ORIENTED_EDGE('',*,*,#6810,.F.);
#6810 = EDGE_CURVE('',#6811,#6783,#6813,.T.);
#6811 = VERTEX_POINT('',#6812);
#6812 = CARTESIAN_POINT('',(0.169734500457,-3.820058708574E-02,0.3500001
    ));
#6813 = SURFACE_CURVE('',#6814,(#6818,#6825),.PCURVE_S1.);
#6814 = LINE('',#6815,#6816);
#6815 = CARTESIAN_POINT('',(0.169734500457,-3.820058708574E-02,0.3500001
    ));
#6816 = VECTOR('',#6817,1.);
#6817 = DIRECTION('',(0.,0.,1.));
#6818 = PCURVE('',#6756,#6819);
#6819 = DEFINITIONAL_REPRESENTATION('',(#6820),#6824);
#6820 = LINE('',#6821,#6822);
#6821 = CARTESIAN_POINT('',(3.505812556915E-02,-0.));
#6822 = VECTOR('',#6823,1.);
#6823 = DIRECTION('',(0.,-1.));
#6824 = ( GEOMETRIC_REPRESENTATION_CONTEXT(2) 
PARAMETRIC_REPRESENTATION_CONTEXT() REPRESENTATION_CONTEXT('2D SPACE',''
  ) );
#6825 = PCURVE('',#6826,#6831);
#6826 = PLANE('',#6827);
#6827 = AXIS2_PLACEMENT_3D('',#6828,#6829,#6830);
#6828 = CARTESIAN_POINT('',(0.169734500457,-3.820058708574E-02,0.3500001
    ));
#6829 = DIRECTION('',(0.,1.,0.));
#6830 = DIRECTION('',(1.,0.,0.));
#6831 = DEFINITIONAL_REPRESENTATION('',(#6832),#6836);
#6832 = LINE('',#6833,#6834);
#6833 = CARTESIAN_POINT('',(0.,0.));
#6834 = VECTOR('',#6835,1.);
#6835 = DIRECTION('',(0.,-1.));
#6836 = ( GEOMETRIC_REPRESENTATION_CONTEXT(2) 
PARAMETRIC_REPRESENTATION_CONTEXT() REPRESENTATION_CONTEXT('2D SPACE',''
  ) );
#6837 = ORIENTED_EDGE('',*,*,#6838,.F.);
#6838 = EDGE_CURVE('',#6746,#6811,#6839,.T.);
#6839 = SURFACE_CURVE('',#6840,(#6844,#6851),.PCURVE_S1.);
#6840 = LINE('',#6841,#6842);
#6841 = CARTESIAN_POINT('',(0.196082581063,-1.507374517437E-02,0.3500001
    ));
#6842 = VECTOR('',#6843,1.);
#6843 = DIRECTION('',(-0.751554174059,-0.659671375349,0.));
#6844 = PCURVE('',#6756,#6845);
#6845 = DEFINITIONAL_REPRESENTATION('',(#6846),#6850);
#6846 = LINE('',#6847,#6848);
#6847 = CARTESIAN_POINT('',(1.144347421248E-18,0.));
#6848 = VECTOR('',#6849,1.);
#6849 = DIRECTION('',(1.,-0.));
#6850 = ( GEOMETRIC_REPRESENTATION_CONTEXT(2) 
PARAMETRIC_REPRESENTATION_CONTEXT() REPRESENTATION_CONTEXT('2D SPACE',''
  ) );
#6851 = PCURVE('',#6852,#6857);
#6852 = PLANE('',#6853);
#6853 = AXIS2_PLACEMENT_3D('',#6854,#6855,#6856);
#6854 = CARTESIAN_POINT('',(0.121002940715,-6.157521658901E-02,0.3500001
    ));
#6855 = DIRECTION('',(0.,0.,1.));
#6856 = DIRECTION('',(1.,0.,0.));
#6857 = DEFINITIONAL_REPRESENTATION('',(#6858),#6862);
#6858 = LINE('',#6859,#6860);
#6859 = CARTESIAN_POINT('',(7.507964034797E-02,4.650147141464E-02));
#6860 = VECTOR('',#6861,1.);
#6861 = DIRECTION('',(-0.751554174059,-0.659671375349));
#6862 = ( GEOMETRIC_REPRESENTATION_CONTEXT(2) 
PARAMETRIC_REPRESENTATION_CONTEXT() REPRESENTATION_CONTEXT('2D SPACE',''
  ) );
#6863 = ADVANCED_FACE('',(#6864),#6826,.T.);
#6864 = FACE_BOUND('',#6865,.T.);
#6865 = EDGE_LOOP('',(#6866,#6867,#6890,#6918));
#6866 = ORIENTED_EDGE('',*,*,#6810,.T.);
#6867 = ORIENTED_EDGE('',*,*,#6868,.T.);
#6868 = EDGE_CURVE('',#6783,#6869,#6871,.T.);
#6869 = VERTEX_POINT('',#6870);
#6870 = CARTESIAN_POINT('',(0.223999983084,-3.820058708574E-02,0.3568001
    ));
#6871 = SURFACE_CURVE('',#6872,(#6876,#6883),.PCURVE_S1.);
#6872 = LINE('',#6873,#6874);
#6873 = CARTESIAN_POINT('',(0.169734500457,-3.820058708574E-02,0.3568001
    ));
#6874 = VECTOR('',#6875,1.);
#6875 = DIRECTION('',(1.,0.,0.));
#6876 = PCURVE('',#6826,#6877);
#6877 = DEFINITIONAL_REPRESENTATION('',(#6878),#6882);
#6878 = LINE('',#6879,#6880);
#6879 = CARTESIAN_POINT('',(0.,-6.8E-03));
#6880 = VECTOR('',#6881,1.);
#6881 = DIRECTION('',(1.,0.));
#6882 = ( GEOMETRIC_REPRESENTATION_CONTEXT(2) 
PARAMETRIC_REPRESENTATION_CONTEXT() REPRESENTATION_CONTEXT('2D SPACE',''
  ) );
#6883 = PCURVE('',#6798,#6884);
#6884 = DEFINITIONAL_REPRESENTATION('',(#6885),#6889);
#6885 = LINE('',#6886,#6887);
#6886 = CARTESIAN_POINT('',(4.873155974181E-02,2.337462950327E-02));
#6887 = VECTOR('',#6888,1.);
#6888 = DIRECTION('',(1.,0.));
#6889 = ( GEOMETRIC_REPRESENTATION_CONTEXT(2) 
PARAMETRIC_REPRESENTATION_CONTEXT() REPRESENTATION_CONTEXT('2D SPACE',''
  ) );
#6890 = ORIENTED_EDGE('',*,*,#6891,.F.);
#6891 = EDGE_CURVE('',#6892,#6869,#6894,.T.);
#6892 = VERTEX_POINT('',#6893);
#6893 = CARTESIAN_POINT('',(0.223999983084,-3.820058708574E-02,0.3500001
    ));
#6894 = SURFACE_CURVE('',#6895,(#6899,#6906),.PCURVE_S1.);
#6895 = LINE('',#6896,#6897);
#6896 = CARTESIAN_POINT('',(0.223999983084,-3.820058708574E-02,0.3500001
    ));
#6897 = VECTOR('',#6898,1.);
#6898 = DIRECTION('',(0.,0.,1.));
#6899 = PCURVE('',#6826,#6900);
#6900 = DEFINITIONAL_REPRESENTATION('',(#6901),#6905);
#6901 = LINE('',#6902,#6903);
#6902 = CARTESIAN_POINT('',(5.426548262774E-02,0.));
#6903 = VECTOR('',#6904,1.);
#6904 = DIRECTION('',(0.,-1.));
#6905 = ( GEOMETRIC_REPRESENTATION_CONTEXT(2) 
PARAMETRIC_REPRESENTATION_CONTEXT() REPRESENTATION_CONTEXT('2D SPACE',''
  ) );
#6906 = PCURVE('',#6907,#6912);
#6907 = PLANE('',#6908);
#6908 = AXIS2_PLACEMENT_3D('',#6909,#6910,#6911);
#6909 = CARTESIAN_POINT('',(0.223999983084,-3.820058708574E-02,0.3500001
    ));
#6910 = DIRECTION('',(1.,0.,0.));
#6911 = DIRECTION('',(0.,-1.,0.));
#6912 = DEFINITIONAL_REPRESENTATION('',(#6913),#6917);
#6913 = LINE('',#6914,#6915);
#6914 = CARTESIAN_POINT('',(0.,0.));
#6915 = VECTOR('',#6916,1.);
#6916 = DIRECTION('',(0.,-1.));
#6917 = ( GEOMETRIC_REPRESENTATION_CONTEXT(2) 
PARAMETRIC_REPRESENTATION_CONTEXT() REPRESENTATION_CONTEXT('2D SPACE',''
  ) );
#6918 = ORIENTED_EDGE('',*,*,#6919,.F.);
#6919 = EDGE_CURVE('',#6811,#6892,#6920,.T.);
#6920 = SURFACE_CURVE('',#6921,(#6925,#6932),.PCURVE_S1.);
#6921 = LINE('',#6922,#6923);
#6922 = CARTESIAN_POINT('',(0.169734500457,-3.820058708574E-02,0.3500001
    ));
#6923 = VECTOR('',#6924,1.);
#6924 = DIRECTION('',(1.,0.,0.));
#6925 = PCURVE('',#6826,#6926);
#6926 = DEFINITIONAL_REPRESENTATION('',(#6927),#6931);
#6927 = LINE('',#6928,#6929);
#6928 = CARTESIAN_POINT('',(0.,0.));
#6929 = VECTOR('',#6930,1.);
#6930 = DIRECTION('',(1.,0.));
#6931 = ( GEOMETRIC_REPRESENTATION_CONTEXT(2) 
PARAMETRIC_REPRESENTATION_CONTEXT() REPRESENTATION_CONTEXT('2D SPACE',''
  ) );
#6932 = PCURVE('',#6852,#6933);
#6933 = DEFINITIONAL_REPRESENTATION('',(#6934),#6938);
#6934 = LINE('',#6935,#6936);
#6935 = CARTESIAN_POINT('',(4.873155974181E-02,2.337462950327E-02));
#6936 = VECTOR('',#6937,1.);
#6937 = DIRECTION('',(1.,0.));
#6938 = ( GEOMETRIC_REPRESENTATION_CONTEXT(2) 
PARAMETRIC_REPRESENTATION_CONTEXT() REPRESENTATION_CONTEXT('2D SPACE',''
  ) );
#6939 = ADVANCED_FACE('',(#6940),#6907,.T.);
#6940 = FACE_BOUND('',#6941,.T.);
#6941 = EDGE_LOOP('',(#6942,#6943,#6966,#6994));
#6942 = ORIENTED_EDGE('',*,*,#6891,.T.);
#6943 = ORIENTED_EDGE('',*,*,#6944,.T.);
#6944 = EDGE_CURVE('',#6869,#6945,#6947,.T.);
#6945 = VERTEX_POINT('',#6946);
#6946 = CARTESIAN_POINT('',(0.223999983084,-6.157521658901E-02,0.3568001
    ));
#6947 = SURFACE_CURVE('',#6948,(#6952,#6959),.PCURVE_S1.);
#6948 = LINE('',#6949,#6950);
#6949 = CARTESIAN_POINT('',(0.223999983084,-3.820058708574E-02,0.3568001
    ));
#6950 = VECTOR('',#6951,1.);
#6951 = DIRECTION('',(0.,-1.,0.));
#6952 = PCURVE('',#6907,#6953);
#6953 = DEFINITIONAL_REPRESENTATION('',(#6954),#6958);
#6954 = LINE('',#6955,#6956);
#6955 = CARTESIAN_POINT('',(0.,-6.8E-03));
#6956 = VECTOR('',#6957,1.);
#6957 = DIRECTION('',(1.,0.));
#6958 = ( GEOMETRIC_REPRESENTATION_CONTEXT(2) 
PARAMETRIC_REPRESENTATION_CONTEXT() REPRESENTATION_CONTEXT('2D SPACE',''
  ) );
#6959 = PCURVE('',#6798,#6960);
#6960 = DEFINITIONAL_REPRESENTATION('',(#6961),#6965);
#6961 = LINE('',#6962,#6963);
#6962 = CARTESIAN_POINT('',(0.10299704237,2.337462950327E-02));
#6963 = VECTOR('',#6964,1.);
#6964 = DIRECTION('',(0.,-1.));
#6965 = ( GEOMETRIC_REPRESENTATION_CONTEXT(2) 
PARAMETRIC_REPRESENTATION_CONTEXT() REPRESENTATION_CONTEXT('2D SPACE',''
  ) );
#6966 = ORIENTED_EDGE('',*,*,#6967,.F.);
#6967 = EDGE_CURVE('',#6968,#6945,#6970,.T.);
#6968 = VERTEX_POINT('',#6969);
#6969 = CARTESIAN_POINT('',(0.223999983084,-6.157521658901E-02,0.3500001
    ));
#6970 = SURFACE_CURVE('',#6971,(#6975,#6982),.PCURVE_S1.);
#6971 = LINE('',#6972,#6973);
#6972 = CARTESIAN_POINT('',(0.223999983084,-6.157521658901E-02,0.3500001
    ));
#6973 = VECTOR('',#6974,1.);
#6974 = DIRECTION('',(0.,0.,1.));
#6975 = PCURVE('',#6907,#6976);
#6976 = DEFINITIONAL_REPRESENTATION('',(#6977),#6981);
#6977 = LINE('',#6978,#6979);
#6978 = CARTESIAN_POINT('',(2.337462950327E-02,0.));
#6979 = VECTOR('',#6980,1.);
#6980 = DIRECTION('',(0.,-1.));
#6981 = ( GEOMETRIC_REPRESENTATION_CONTEXT(2) 
PARAMETRIC_REPRESENTATION_CONTEXT() REPRESENTATION_CONTEXT('2D SPACE',''
  ) );
#6982 = PCURVE('',#6983,#6988);
#6983 = PLANE('',#6984);
#6984 = AXIS2_PLACEMENT_3D('',#6985,#6986,#6987);
#6985 = CARTESIAN_POINT('',(0.223999983084,-6.157521658901E-02,0.3500001
    ));
#6986 = DIRECTION('',(0.,-1.,0.));
#6987 = DIRECTION('',(-1.,0.,0.));
#6988 = DEFINITIONAL_REPRESENTATION('',(#6989),#6993);
#6989 = LINE('',#6990,#6991);
#6990 = CARTESIAN_POINT('',(0.,-0.));
#6991 = VECTOR('',#6992,1.);
#6992 = DIRECTION('',(0.,-1.));
#6993 = ( GEOMETRIC_REPRESENTATION_CONTEXT(2) 
PARAMETRIC_REPRESENTATION_CONTEXT() REPRESENTATION_CONTEXT('2D SPACE',''
  ) );
#6994 = ORIENTED_EDGE('',*,*,#6995,.F.);
#6995 = EDGE_CURVE('',#6892,#6968,#6996,.T.);
#6996 = SURFACE_CURVE('',#6997,(#7001,#7008),.PCURVE_S1.);
#6997 = LINE('',#6998,#6999);
#6998 = CARTESIAN_POINT('',(0.223999983084,-3.820058708574E-02,0.3500001
    ));
#6999 = VECTOR('',#7000,1.);
#7000 = DIRECTION('',(0.,-1.,0.));
#7001 = PCURVE('',#6907,#7002);
#7002 = DEFINITIONAL_REPRESENTATION('',(#7003),#7007);
#7003 = LINE('',#7004,#7005);
#7004 = CARTESIAN_POINT('',(0.,0.));
#7005 = VECTOR('',#7006,1.);
#7006 = DIRECTION('',(1.,0.));
#7007 = ( GEOMETRIC_REPRESENTATION_CONTEXT(2) 
PARAMETRIC_REPRESENTATION_CONTEXT() REPRESENTATION_CONTEXT('2D SPACE',''
  ) );
#7008 = PCURVE('',#6852,#7009);
#7009 = DEFINITIONAL_REPRESENTATION('',(#7010),#7014);
#7010 = LINE('',#7011,#7012);
#7011 = CARTESIAN_POINT('',(0.10299704237,2.337462950327E-02));
#7012 = VECTOR('',#7013,1.);
#7013 = DIRECTION('',(0.,-1.));
#7014 = ( GEOMETRIC_REPRESENTATION_CONTEXT(2) 
PARAMETRIC_REPRESENTATION_CONTEXT() REPRESENTATION_CONTEXT('2D SPACE',''
  ) );
#7015 = ADVANCED_FACE('',(#7016),#6983,.T.);
#7016 = FACE_BOUND('',#7017,.T.);
#7017 = EDGE_LOOP('',(#7018,#7019,#7042,#7070));
#7018 = ORIENTED_EDGE('',*,*,#6967,.T.);
#7019 = ORIENTED_EDGE('',*,*,#7020,.T.);
#7020 = EDGE_CURVE('',#6945,#7021,#7023,.T.);
#7021 = VERTEX_POINT('',#7022);
#7022 = CARTESIAN_POINT('',(0.134383470678,-6.157521658901E-02,0.3568001
    ));
#7023 = SURFACE_CURVE('',#7024,(#7028,#7035),.PCURVE_S1.);
#7024 = LINE('',#7025,#7026);
#7025 = CARTESIAN_POINT('',(0.223999983084,-6.157521658901E-02,0.3568001
    ));
#7026 = VECTOR('',#7027,1.);
#7027 = DIRECTION('',(-1.,0.,0.));
#7028 = PCURVE('',#6983,#7029);
#7029 = DEFINITIONAL_REPRESENTATION('',(#7030),#7034);
#7030 = LINE('',#7031,#7032);
#7031 = CARTESIAN_POINT('',(0.,-6.8E-03));
#7032 = VECTOR('',#7033,1.);
#7033 = DIRECTION('',(1.,0.));
#7034 = ( GEOMETRIC_REPRESENTATION_CONTEXT(2) 
PARAMETRIC_REPRESENTATION_CONTEXT() REPRESENTATION_CONTEXT('2D SPACE',''
  ) );
#7035 = PCURVE('',#6798,#7036);
#7036 = DEFINITIONAL_REPRESENTATION('',(#7037),#7041);
#7037 = LINE('',#7038,#7039);
#7038 = CARTESIAN_POINT('',(0.10299704237,0.));
#7039 = VECTOR('',#7040,1.);
#7040 = DIRECTION('',(-1.,0.));
#7041 = ( GEOMETRIC_REPRESENTATION_CONTEXT(2) 
PARAMETRIC_REPRESENTATION_CONTEXT() REPRESENTATION_CONTEXT('2D SPACE',''
  ) );
#7042 = ORIENTED_EDGE('',*,*,#7043,.F.);
#7043 = EDGE_CURVE('',#7044,#7021,#7046,.T.);
#7044 = VERTEX_POINT('',#7045);
#7045 = CARTESIAN_POINT('',(0.134383470678,-6.157521658901E-02,0.3500001
    ));
#7046 = SURFACE_CURVE('',#7047,(#7051,#7058),.PCURVE_S1.);
#7047 = LINE('',#7048,#7049);
#7048 = CARTESIAN_POINT('',(0.134383470678,-6.157521658901E-02,0.3500001
    ));
#7049 = VECTOR('',#7050,1.);
#7050 = DIRECTION('',(0.,0.,1.));
#7051 = PCURVE('',#6983,#7052);
#7052 = DEFINITIONAL_REPRESENTATION('',(#7053),#7057);
#7053 = LINE('',#7054,#7055);
#7054 = CARTESIAN_POINT('',(8.961651240654E-02,0.));
#7055 = VECTOR('',#7056,1.);
#7056 = DIRECTION('',(0.,-1.));
#7057 = ( GEOMETRIC_REPRESENTATION_CONTEXT(2) 
PARAMETRIC_REPRESENTATION_CONTEXT() REPRESENTATION_CONTEXT('2D SPACE',''
  ) );
#7058 = PCURVE('',#7059,#7064);
#7059 = PLANE('',#7060);
#7060 = AXIS2_PLACEMENT_3D('',#7061,#7062,#7063);
#7061 = CARTESIAN_POINT('',(0.134383470678,-6.157521658901E-02,0.3500001
    ));
#7062 = DIRECTION('',(-1.,0.,0.));
#7063 = DIRECTION('',(0.,1.,0.));
#7064 = DEFINITIONAL_REPRESENTATION('',(#7065),#7069);
#7065 = LINE('',#7066,#7067);
#7066 = CARTESIAN_POINT('',(0.,0.));
#7067 = VECTOR('',#7068,1.);
#7068 = DIRECTION('',(0.,-1.));
#7069 = ( GEOMETRIC_REPRESENTATION_CONTEXT(2) 
PARAMETRIC_REPRESENTATION_CONTEXT() REPRESENTATION_CONTEXT('2D SPACE',''
  ) );
#7070 = ORIENTED_EDGE('',*,*,#7071,.F.);
#7071 = EDGE_CURVE('',#6968,#7044,#7072,.T.);
#7072 = SURFACE_CURVE('',#7073,(#7077,#7084),.PCURVE_S1.);
#7073 = LINE('',#7074,#7075);
#7074 = CARTESIAN_POINT('',(0.223999983084,-6.157521658901E-02,0.3500001
    ));
#7075 = VECTOR('',#7076,1.);
#7076 = DIRECTION('',(-1.,0.,0.));
#7077 = PCURVE('',#6983,#7078);
#7078 = DEFINITIONAL_REPRESENTATION('',(#7079),#7083);
#7079 = LINE('',#7080,#7081);
#7080 = CARTESIAN_POINT('',(0.,-0.));
#7081 = VECTOR('',#7082,1.);
#7082 = DIRECTION('',(1.,0.));
#7083 = ( GEOMETRIC_REPRESENTATION_CONTEXT(2) 
PARAMETRIC_REPRESENTATION_CONTEXT() REPRESENTATION_CONTEXT('2D SPACE',''
  ) );
#7084 = PCURVE('',#6852,#7085);
#7085 = DEFINITIONAL_REPRESENTATION('',(#7086),#7090);
#7086 = LINE('',#7087,#7088);
#7087 = CARTESIAN_POINT('',(0.10299704237,0.));
#7088 = VECTOR('',#7089,1.);
#7089 = DIRECTION('',(-1.,0.));
#7090 = ( GEOMETRIC_REPRESENTATION_CONTEXT(2) 
PARAMETRIC_REPRESENTATION_CONTEXT() REPRESENTATION_CONTEXT('2D SPACE',''
  ) );
#7091 = ADVANCED_FACE('',(#7092),#7059,.T.);
#7092 = FACE_BOUND('',#7093,.T.);
#7093 = EDGE_LOOP('',(#7094,#7095,#7118,#7146));
#7094 = ORIENTED_EDGE('',*,*,#7043,.T.);
#7095 = ORIENTED_EDGE('',*,*,#7096,.T.);
#7096 = EDGE_CURVE('',#7021,#7097,#7099,.T.);
#7097 = VERTEX_POINT('',#7098);
#7098 = CARTESIAN_POINT('',(0.134383470678,-3.820058708574E-02,0.3568001
    ));
#7099 = SURFACE_CURVE('',#7100,(#7104,#7111),.PCURVE_S1.);
#7100 = LINE('',#7101,#7102);
#7101 = CARTESIAN_POINT('',(0.134383470678,-6.157521658901E-02,0.3568001
    ));
#7102 = VECTOR('',#7103,1.);
#7103 = DIRECTION('',(0.,1.,0.));
#7104 = PCURVE('',#7059,#7105);
#7105 = DEFINITIONAL_REPRESENTATION('',(#7106),#7110);
#7106 = LINE('',#7107,#7108);
#7107 = CARTESIAN_POINT('',(0.,-6.8E-03));
#7108 = VECTOR('',#7109,1.);
#7109 = DIRECTION('',(1.,0.));
#7110 = ( GEOMETRIC_REPRESENTATION_CONTEXT(2) 
PARAMETRIC_REPRESENTATION_CONTEXT() REPRESENTATION_CONTEXT('2D SPACE',''
  ) );
#7111 = PCURVE('',#6798,#7112);
#7112 = DEFINITIONAL_REPRESENTATION('',(#7113),#7117);
#7113 = LINE('',#7114,#7115);
#7114 = CARTESIAN_POINT('',(1.3380529963E-02,0.));
#7115 = VECTOR('',#7116,1.);
#7116 = DIRECTION('',(0.,1.));
#7117 = ( GEOMETRIC_REPRESENTATION_CONTEXT(2) 
PARAMETRIC_REPRESENTATION_CONTEXT() REPRESENTATION_CONTEXT('2D SPACE',''
  ) );
#7118 = ORIENTED_EDGE('',*,*,#7119,.F.);
#7119 = EDGE_CURVE('',#7120,#7097,#7122,.T.);
#7120 = VERTEX_POINT('',#7121);
#7121 = CARTESIAN_POINT('',(0.134383470678,-3.820058708574E-02,0.3500001
    ));
#7122 = SURFACE_CURVE('',#7123,(#7127,#7134),.PCURVE_S1.);
#7123 = LINE('',#7124,#7125);
#7124 = CARTESIAN_POINT('',(0.134383470678,-3.820058708574E-02,0.3500001
    ));
#7125 = VECTOR('',#7126,1.);
#7126 = DIRECTION('',(0.,0.,1.));
#7127 = PCURVE('',#7059,#7128);
#7128 = DEFINITIONAL_REPRESENTATION('',(#7129),#7133);
#7129 = LINE('',#7130,#7131);
#7130 = CARTESIAN_POINT('',(2.337462950327E-02,0.));
#7131 = VECTOR('',#7132,1.);
#7132 = DIRECTION('',(0.,-1.));
#7133 = ( GEOMETRIC_REPRESENTATION_CONTEXT(2) 
PARAMETRIC_REPRESENTATION_CONTEXT() REPRESENTATION_CONTEXT('2D SPACE',''
  ) );
#7134 = PCURVE('',#7135,#7140);
#7135 = PLANE('',#7136);
#7136 = AXIS2_PLACEMENT_3D('',#7137,#7138,#7139);
#7137 = CARTESIAN_POINT('',(0.134383470678,-3.820058708574E-02,0.3500001
    ));
#7138 = DIRECTION('',(-0.661712631954,0.749757555956,0.));
#7139 = DIRECTION('',(0.749757555956,0.661712631954,0.));
#7140 = DEFINITIONAL_REPRESENTATION('',(#7141),#7145);
#7141 = LINE('',#7142,#7143);
#7142 = CARTESIAN_POINT('',(0.,0.));
#7143 = VECTOR('',#7144,1.);
#7144 = DIRECTION('',(0.,-1.));
#7145 = ( GEOMETRIC_REPRESENTATION_CONTEXT(2) 
PARAMETRIC_REPRESENTATION_CONTEXT() REPRESENTATION_CONTEXT('2D SPACE',''
  ) );
#7146 = ORIENTED_EDGE('',*,*,#7147,.F.);
#7147 = EDGE_CURVE('',#7044,#7120,#7148,.T.);
#7148 = SURFACE_CURVE('',#7149,(#7153,#7160),.PCURVE_S1.);
#7149 = LINE('',#7150,#7151);
#7150 = CARTESIAN_POINT('',(0.134383470678,-6.157521658901E-02,0.3500001
    ));
#7151 = VECTOR('',#7152,1.);
#7152 = DIRECTION('',(0.,1.,0.));
#7153 = PCURVE('',#7059,#7154);
#7154 = DEFINITIONAL_REPRESENTATION('',(#7155),#7159);
#7155 = LINE('',#7156,#7157);
#7156 = CARTESIAN_POINT('',(0.,0.));
#7157 = VECTOR('',#7158,1.);
#7158 = DIRECTION('',(1.,0.));
#7159 = ( GEOMETRIC_REPRESENTATION_CONTEXT(2) 
PARAMETRIC_REPRESENTATION_CONTEXT() REPRESENTATION_CONTEXT('2D SPACE',''
  ) );
#7160 = PCURVE('',#6852,#7161);
#7161 = DEFINITIONAL_REPRESENTATION('',(#7162),#7166);
#7162 = LINE('',#7163,#7164);
#7163 = CARTESIAN_POINT('',(1.3380529963E-02,0.));
#7164 = VECTOR('',#7165,1.);
#7165 = DIRECTION('',(0.,1.));
#7166 = ( GEOMETRIC_REPRESENTATION_CONTEXT(2) 
PARAMETRIC_REPRESENTATION_CONTEXT() REPRESENTATION_CONTEXT('2D SPACE',''
  ) );
#7167 = ADVANCED_FACE('',(#7168),#7135,.T.);
#7168 = FACE_BOUND('',#7169,.T.);
#7169 = EDGE_LOOP('',(#7170,#7171,#7194,#7224));
#7170 = ORIENTED_EDGE('',*,*,#7119,.T.);
#7171 = ORIENTED_EDGE('',*,*,#7172,.T.);
#7172 = EDGE_CURVE('',#7097,#7173,#7175,.T.);
#7173 = VERTEX_POINT('',#7174);
#7174 = CARTESIAN_POINT('',(0.179398216541,1.528023483429E-03,0.3568001)
  );
#7175 = SURFACE_CURVE('',#7176,(#7180,#7187),.PCURVE_S1.);
#7176 = LINE('',#7177,#7178);
#7177 = CARTESIAN_POINT('',(0.134383470678,-3.820058708574E-02,0.3568001
    ));
#7178 = VECTOR('',#7179,1.);
#7179 = DIRECTION('',(0.749757555956,0.661712631954,0.));
#7180 = PCURVE('',#7135,#7181);
#7181 = DEFINITIONAL_REPRESENTATION('',(#7182),#7186);
#7182 = LINE('',#7183,#7184);
#7183 = CARTESIAN_POINT('',(0.,-6.8E-03));
#7184 = VECTOR('',#7185,1.);
#7185 = DIRECTION('',(1.,0.));
#7186 = ( GEOMETRIC_REPRESENTATION_CONTEXT(2) 
PARAMETRIC_REPRESENTATION_CONTEXT() REPRESENTATION_CONTEXT('2D SPACE',''
  ) );
#7187 = PCURVE('',#6798,#7188);
#7188 = DEFINITIONAL_REPRESENTATION('',(#7189),#7193);
#7189 = LINE('',#7190,#7191);
#7190 = CARTESIAN_POINT('',(1.3380529963E-02,2.337462950327E-02));
#7191 = VECTOR('',#7192,1.);
#7192 = DIRECTION('',(0.749757555956,0.661712631954));
#7193 = ( GEOMETRIC_REPRESENTATION_CONTEXT(2) 
PARAMETRIC_REPRESENTATION_CONTEXT() REPRESENTATION_CONTEXT('2D SPACE',''
  ) );
#7194 = ORIENTED_EDGE('',*,*,#7195,.F.);
#7195 = EDGE_CURVE('',#7196,#7173,#7198,.T.);
#7196 = VERTEX_POINT('',#7197);
#7197 = CARTESIAN_POINT('',(0.179398216541,1.528023483429E-03,0.3500001)
  );
#7198 = SURFACE_CURVE('',#7199,(#7203,#7210),.PCURVE_S1.);
#7199 = LINE('',#7200,#7201);
#7200 = CARTESIAN_POINT('',(0.179398216541,1.528023483429E-03,0.3500001)
  );
#7201 = VECTOR('',#7202,1.);
#7202 = DIRECTION('',(0.,0.,1.));
#7203 = PCURVE('',#7135,#7204);
#7204 = DEFINITIONAL_REPRESENTATION('',(#7205),#7209);
#7205 = LINE('',#7206,#7207);
#7206 = CARTESIAN_POINT('',(6.003906930395E-02,0.));
#7207 = VECTOR('',#7208,1.);
#7208 = DIRECTION('',(0.,-1.));
#7209 = ( GEOMETRIC_REPRESENTATION_CONTEXT(2) 
PARAMETRIC_REPRESENTATION_CONTEXT() REPRESENTATION_CONTEXT('2D SPACE',''
  ) );
#7210 = PCURVE('',#7211,#7218);
#7211 = SURFACE_OF_LINEAR_EXTRUSION('',#7212,#7216);
#7212 = B_SPLINE_CURVE_WITH_KNOTS('',2,(#7213,#7214,#7215),
  .UNSPECIFIED.,.F.,.F.,(3,3),(0.,1.),.PIECEWISE_BEZIER_KNOTS.);
#7213 = CARTESIAN_POINT('',(0.179398216541,1.528023483429E-03,0.3500001)
  );
#7214 = CARTESIAN_POINT('',(0.185427714611,6.979350505394E-03,0.3500001)
  );
#7215 = CARTESIAN_POINT('',(0.18831856985,1.218288993545E-02,0.3500001)
  );
#7216 = VECTOR('',#7217,1.);
#7217 = DIRECTION('',(-0.,-0.,-1.));
#7218 = DEFINITIONAL_REPRESENTATION('',(#7219),#7223);
#7219 = LINE('',#7220,#7221);
#7220 = CARTESIAN_POINT('',(0.,0.));
#7221 = VECTOR('',#7222,1.);
#7222 = DIRECTION('',(0.,-1.));
#7223 = ( GEOMETRIC_REPRESENTATION_CONTEXT(2) 
PARAMETRIC_REPRESENTATION_CONTEXT() REPRESENTATION_CONTEXT('2D SPACE',''
  ) );
#7224 = ORIENTED_EDGE('',*,*,#7225,.F.);
#7225 = EDGE_CURVE('',#7120,#7196,#7226,.T.);
#7226 = SURFACE_CURVE('',#7227,(#7231,#7238),.PCURVE_S1.);
#7227 = LINE('',#7228,#7229);
#7228 = CARTESIAN_POINT('',(0.134383470678,-3.820058708574E-02,0.3500001
    ));
#7229 = VECTOR('',#7230,1.);
#7230 = DIRECTION('',(0.749757555956,0.661712631954,0.));
#7231 = PCURVE('',#7135,#7232);
#7232 = DEFINITIONAL_REPRESENTATION('',(#7233),#7237);
#7233 = LINE('',#7234,#7235);
#7234 = CARTESIAN_POINT('',(0.,0.));
#7235 = VECTOR('',#7236,1.);
#7236 = DIRECTION('',(1.,0.));
#7237 = ( GEOMETRIC_REPRESENTATION_CONTEXT(2) 
PARAMETRIC_REPRESENTATION_CONTEXT() REPRESENTATION_CONTEXT('2D SPACE',''
  ) );
#7238 = PCURVE('',#6852,#7239);
#7239 = DEFINITIONAL_REPRESENTATION('',(#7240),#7244);
#7240 = LINE('',#7241,#7242);
#7241 = CARTESIAN_POINT('',(1.3380529963E-02,2.337462950327E-02));
#7242 = VECTOR('',#7243,1.);
#7243 = DIRECTION('',(0.749757555956,0.661712631954));
#7244 = ( GEOMETRIC_REPRESENTATION_CONTEXT(2) 
PARAMETRIC_REPRESENTATION_CONTEXT() REPRESENTATION_CONTEXT('2D SPACE',''
  ) );
#7245 = ADVANCED_FACE('',(#7246),#7211,.T.);
#7246 = FACE_BOUND('',#7247,.T.);
#7247 = EDGE_LOOP('',(#7248,#7249,#7272,#7302));
#7248 = ORIENTED_EDGE('',*,*,#7195,.T.);
#7249 = ORIENTED_EDGE('',*,*,#7250,.T.);
#7250 = EDGE_CURVE('',#7173,#7251,#7253,.T.);
#7251 = VERTEX_POINT('',#7252);
#7252 = CARTESIAN_POINT('',(0.18831856985,1.218288993545E-02,0.3568001)
  );
#7253 = SURFACE_CURVE('',#7254,(#7258,#7265),.PCURVE_S1.);
#7254 = B_SPLINE_CURVE_WITH_KNOTS('',2,(#7255,#7256,#7257),
  .UNSPECIFIED.,.F.,.F.,(3,3),(0.,1.),.PIECEWISE_BEZIER_KNOTS.);
#7255 = CARTESIAN_POINT('',(0.179398216541,1.528023483429E-03,0.3568001)
  );
#7256 = CARTESIAN_POINT('',(0.185427714611,6.979350505394E-03,0.3568001)
  );
#7257 = CARTESIAN_POINT('',(0.18831856985,1.218288993545E-02,0.3568001)
  );
#7258 = PCURVE('',#7211,#7259);
#7259 = DEFINITIONAL_REPRESENTATION('',(#7260),#7264);
#7260 = LINE('',#7261,#7262);
#7261 = CARTESIAN_POINT('',(0.,-6.8E-03));
#7262 = VECTOR('',#7263,1.);
#7263 = DIRECTION('',(1.,0.));
#7264 = ( GEOMETRIC_REPRESENTATION_CONTEXT(2) 
PARAMETRIC_REPRESENTATION_CONTEXT() REPRESENTATION_CONTEXT('2D SPACE',''
  ) );
#7265 = PCURVE('',#6798,#7266);
#7266 = DEFINITIONAL_REPRESENTATION('',(#7267),#7271);
#7267 = B_SPLINE_CURVE_WITH_KNOTS('',2,(#7268,#7269,#7270),
  .UNSPECIFIED.,.F.,.F.,(3,3),(0.,1.),.PIECEWISE_BEZIER_KNOTS.);
#7268 = CARTESIAN_POINT('',(5.83952758262E-02,6.310324007244E-02));
#7269 = CARTESIAN_POINT('',(6.442477389595E-02,6.85545670944E-02));
#7270 = CARTESIAN_POINT('',(6.731562913487E-02,7.375810652446E-02));
#7271 = ( GEOMETRIC_REPRESENTATION_CONTEXT(2) 
PARAMETRIC_REPRESENTATION_CONTEXT() REPRESENTATION_CONTEXT('2D SPACE',''
  ) );
#7272 = ORIENTED_EDGE('',*,*,#7273,.F.);
#7273 = EDGE_CURVE('',#7274,#7251,#7276,.T.);
#7274 = VERTEX_POINT('',#7275);
#7275 = CARTESIAN_POINT('',(0.18831856985,1.218288993545E-02,0.3500001)
  );
#7276 = SURFACE_CURVE('',#7277,(#7281,#7288),.PCURVE_S1.);
#7277 = LINE('',#7278,#7279);
#7278 = CARTESIAN_POINT('',(0.18831856985,1.218288993545E-02,0.3500001)
  );
#7279 = VECTOR('',#7280,1.);
#7280 = DIRECTION('',(0.,0.,1.));
#7281 = PCURVE('',#7211,#7282);
#7282 = DEFINITIONAL_REPRESENTATION('',(#7283),#7287);
#7283 = LINE('',#7284,#7285);
#7284 = CARTESIAN_POINT('',(1.,0.));
#7285 = VECTOR('',#7286,1.);
#7286 = DIRECTION('',(0.,-1.));
#7287 = ( GEOMETRIC_REPRESENTATION_CONTEXT(2) 
PARAMETRIC_REPRESENTATION_CONTEXT() REPRESENTATION_CONTEXT('2D SPACE',''
  ) );
#7288 = PCURVE('',#7289,#7296);
#7289 = SURFACE_OF_LINEAR_EXTRUSION('',#7290,#7294);
#7290 = B_SPLINE_CURVE_WITH_KNOTS('',2,(#7291,#7292,#7293),
  .UNSPECIFIED.,.F.,.F.,(3,3),(0.,1.),.PIECEWISE_BEZIER_KNOTS.);
#7291 = CARTESIAN_POINT('',(0.18831856985,1.218288993545E-02,0.3500001)
  );
#7292 = CARTESIAN_POINT('',(0.191209425089,1.738642936551E-02,0.3500001)
  );
#7293 = CARTESIAN_POINT('',(0.191209425089,2.300294811541E-02,0.3500001)
  );
#7294 = VECTOR('',#7295,1.);
#7295 = DIRECTION('',(-0.,-0.,-1.));
#7296 = DEFINITIONAL_REPRESENTATION('',(#7297),#7301);
#7297 = LINE('',#7298,#7299);
#7298 = CARTESIAN_POINT('',(0.,0.));
#7299 = VECTOR('',#7300,1.);
#7300 = DIRECTION('',(0.,-1.));
#7301 = ( GEOMETRIC_REPRESENTATION_CONTEXT(2) 
PARAMETRIC_REPRESENTATION_CONTEXT() REPRESENTATION_CONTEXT('2D SPACE',''
  ) );
#7302 = ORIENTED_EDGE('',*,*,#7303,.F.);
#7303 = EDGE_CURVE('',#7196,#7274,#7304,.T.);
#7304 = SURFACE_CURVE('',#7305,(#7309,#7316),.PCURVE_S1.);
#7305 = B_SPLINE_CURVE_WITH_KNOTS('',2,(#7306,#7307,#7308),
  .UNSPECIFIED.,.F.,.F.,(3,3),(0.,1.),.PIECEWISE_BEZIER_KNOTS.);
#7306 = CARTESIAN_POINT('',(0.179398216541,1.528023483429E-03,0.3500001)
  );
#7307 = CARTESIAN_POINT('',(0.185427714611,6.979350505394E-03,0.3500001)
  );
#7308 = CARTESIAN_POINT('',(0.18831856985,1.218288993545E-02,0.3500001)
  );
#7309 = PCURVE('',#7211,#7310);
#7310 = DEFINITIONAL_REPRESENTATION('',(#7311),#7315);
#7311 = LINE('',#7312,#7313);
#7312 = CARTESIAN_POINT('',(0.,0.));
#7313 = VECTOR('',#7314,1.);
#7314 = DIRECTION('',(1.,0.));
#7315 = ( GEOMETRIC_REPRESENTATION_CONTEXT(2) 
PARAMETRIC_REPRESENTATION_CONTEXT() REPRESENTATION_CONTEXT('2D SPACE',''
  ) );
#7316 = PCURVE('',#6852,#7317);
#7317 = DEFINITIONAL_REPRESENTATION('',(#7318),#7322);
#7318 = B_SPLINE_CURVE_WITH_KNOTS('',2,(#7319,#7320,#7321),
  .UNSPECIFIED.,.F.,.F.,(3,3),(0.,1.),.PIECEWISE_BEZIER_KNOTS.);
#7319 = CARTESIAN_POINT('',(5.83952758262E-02,6.310324007244E-02));
#7320 = CARTESIAN_POINT('',(6.442477389595E-02,6.85545670944E-02));
#7321 = CARTESIAN_POINT('',(6.731562913487E-02,7.375810652446E-02));
#7322 = ( GEOMETRIC_REPRESENTATION_CONTEXT(2) 
PARAMETRIC_REPRESENTATION_CONTEXT() REPRESENTATION_CONTEXT('2D SPACE',''
  ) );
#7323 = ADVANCED_FACE('',(#7324),#7289,.T.);
#7324 = FACE_BOUND('',#7325,.T.);
#7325 = EDGE_LOOP('',(#7326,#7327,#7350,#7380));
#7326 = ORIENTED_EDGE('',*,*,#7273,.T.);
#7327 = ORIENTED_EDGE('',*,*,#7328,.T.);
#7328 = EDGE_CURVE('',#7251,#7329,#7331,.T.);
#7329 = VERTEX_POINT('',#7330);
#7330 = CARTESIAN_POINT('',(0.191209425089,2.300294811541E-02,0.3568001)
  );
#7331 = SURFACE_CURVE('',#7332,(#7336,#7343),.PCURVE_S1.);
#7332 = B_SPLINE_CURVE_WITH_KNOTS('',2,(#7333,#7334,#7335),
  .UNSPECIFIED.,.F.,.F.,(3,3),(0.,1.),.PIECEWISE_BEZIER_KNOTS.);
#7333 = CARTESIAN_POINT('',(0.18831856985,1.218288993545E-02,0.3568001)
  );
#7334 = CARTESIAN_POINT('',(0.191209425089,1.738642936551E-02,0.3568001)
  );
#7335 = CARTESIAN_POINT('',(0.191209425089,2.300294811541E-02,0.3568001)
  );
#7336 = PCURVE('',#7289,#7337);
#7337 = DEFINITIONAL_REPRESENTATION('',(#7338),#7342);
#7338 = LINE('',#7339,#7340);
#7339 = CARTESIAN_POINT('',(0.,-6.8E-03));
#7340 = VECTOR('',#7341,1.);
#7341 = DIRECTION('',(1.,0.));
#7342 = ( GEOMETRIC_REPRESENTATION_CONTEXT(2) 
PARAMETRIC_REPRESENTATION_CONTEXT() REPRESENTATION_CONTEXT('2D SPACE',''
  ) );
#7343 = PCURVE('',#6798,#7344);
#7344 = DEFINITIONAL_REPRESENTATION('',(#7345),#7349);
#7345 = B_SPLINE_CURVE_WITH_KNOTS('',2,(#7346,#7347,#7348),
  .UNSPECIFIED.,.F.,.F.,(3,3),(0.,1.),.PIECEWISE_BEZIER_KNOTS.);
#7346 = CARTESIAN_POINT('',(6.731562913487E-02,7.375810652446E-02));
#7347 = CARTESIAN_POINT('',(7.020648437379E-02,7.896164595452E-02));
#7348 = CARTESIAN_POINT('',(7.020648437379E-02,8.457816470442E-02));
#7349 = ( GEOMETRIC_REPRESENTATION_CONTEXT(2) 
PARAMETRIC_REPRESENTATION_CONTEXT() REPRESENTATION_CONTEXT('2D SPACE',''
  ) );
#7350 = ORIENTED_EDGE('',*,*,#7351,.F.);
#7351 = EDGE_CURVE('',#7352,#7329,#7354,.T.);
#7352 = VERTEX_POINT('',#7353);
#7353 = CARTESIAN_POINT('',(0.191209425089,2.300294811541E-02,0.3500001)
  );
#7354 = SURFACE_CURVE('',#7355,(#7359,#7366),.PCURVE_S1.);
#7355 = LINE('',#7356,#7357);
#7356 = CARTESIAN_POINT('',(0.191209425089,2.300294811541E-02,0.3500001)
  );
#7357 = VECTOR('',#7358,1.);
#7358 = DIRECTION('',(0.,0.,1.));
#7359 = PCURVE('',#7289,#7360);
#7360 = DEFINITIONAL_REPRESENTATION('',(#7361),#7365);
#7361 = LINE('',#7362,#7363);
#7362 = CARTESIAN_POINT('',(1.,0.));
#7363 = VECTOR('',#7364,1.);
#7364 = DIRECTION('',(0.,-1.));
#7365 = ( GEOMETRIC_REPRESENTATION_CONTEXT(2) 
PARAMETRIC_REPRESENTATION_CONTEXT() REPRESENTATION_CONTEXT('2D SPACE',''
  ) );
#7366 = PCURVE('',#7367,#7374);
#7367 = SURFACE_OF_LINEAR_EXTRUSION('',#7368,#7372);
#7368 = B_SPLINE_CURVE_WITH_KNOTS('',2,(#7369,#7370,#7371),
  .UNSPECIFIED.,.F.,.F.,(3,3),(0.,1.),.PIECEWISE_BEZIER_KNOTS.);
#7369 = CARTESIAN_POINT('',(0.191209425089,2.300294811541E-02,0.3500001)
  );
#7370 = CARTESIAN_POINT('',(0.191209425089,3.167551383217E-02,0.3500001)
  );
#7371 = CARTESIAN_POINT('',(0.185386416679,3.69616491262E-02,0.3500001)
  );
#7372 = VECTOR('',#7373,1.);
#7373 = DIRECTION('',(-0.,-0.,-1.));
#7374 = DEFINITIONAL_REPRESENTATION('',(#7375),#7379);
#7375 = LINE('',#7376,#7377);
#7376 = CARTESIAN_POINT('',(0.,0.));
#7377 = VECTOR('',#7378,1.);
#7378 = DIRECTION('',(0.,-1.));
#7379 = ( GEOMETRIC_REPRESENTATION_CONTEXT(2) 
PARAMETRIC_REPRESENTATION_CONTEXT() REPRESENTATION_CONTEXT('2D SPACE',''
  ) );
#7380 = ORIENTED_EDGE('',*,*,#7381,.F.);
#7381 = EDGE_CURVE('',#7274,#7352,#7382,.T.);
#7382 = SURFACE_CURVE('',#7383,(#7387,#7394),.PCURVE_S1.);
#7383 = B_SPLINE_CURVE_WITH_KNOTS('',2,(#7384,#7385,#7386),
  .UNSPECIFIED.,.F.,.F.,(3,3),(0.,1.),.PIECEWISE_BEZIER_KNOTS.);
#7384 = CARTESIAN_POINT('',(0.18831856985,1.218288993545E-02,0.3500001)
  );
#7385 = CARTESIAN_POINT('',(0.191209425089,1.738642936551E-02,0.3500001)
  );
#7386 = CARTESIAN_POINT('',(0.191209425089,2.300294811541E-02,0.3500001)
  );
#7387 = PCURVE('',#7289,#7388);
#7388 = DEFINITIONAL_REPRESENTATION('',(#7389),#7393);
#7389 = LINE('',#7390,#7391);
#7390 = CARTESIAN_POINT('',(0.,0.));
#7391 = VECTOR('',#7392,1.);
#7392 = DIRECTION('',(1.,0.));
#7393 = ( GEOMETRIC_REPRESENTATION_CONTEXT(2) 
PARAMETRIC_REPRESENTATION_CONTEXT() REPRESENTATION_CONTEXT('2D SPACE',''
  ) );
#7394 = PCURVE('',#6852,#7395);
#7395 = DEFINITIONAL_REPRESENTATION('',(#7396),#7400);
#7396 = B_SPLINE_CURVE_WITH_KNOTS('',2,(#7397,#7398,#7399),
  .UNSPECIFIED.,.F.,.F.,(3,3),(0.,1.),.PIECEWISE_BEZIER_KNOTS.);
#7397 = CARTESIAN_POINT('',(6.731562913487E-02,7.375810652446E-02));
#7398 = CARTESIAN_POINT('',(7.020648437379E-02,7.896164595452E-02));
#7399 = CARTESIAN_POINT('',(7.020648437379E-02,8.457816470442E-02));
#7400 = ( GEOMETRIC_REPRESENTATION_CONTEXT(2) 
PARAMETRIC_REPRESENTATION_CONTEXT() REPRESENTATION_CONTEXT('2D SPACE',''
  ) );
#7401 = ADVANCED_FACE('',(#7402),#7367,.T.);
#7402 = FACE_BOUND('',#7403,.T.);
#7403 = EDGE_LOOP('',(#7404,#7405,#7428,#7458));
#7404 = ORIENTED_EDGE('',*,*,#7351,.T.);
#7405 = ORIENTED_EDGE('',*,*,#7406,.T.);
#7406 = EDGE_CURVE('',#7329,#7407,#7409,.T.);
#7407 = VERTEX_POINT('',#7408);
#7408 = CARTESIAN_POINT('',(0.185386416679,3.69616491262E-02,0.3568001)
  );
#7409 = SURFACE_CURVE('',#7410,(#7414,#7421),.PCURVE_S1.);
#7410 = B_SPLINE_CURVE_WITH_KNOTS('',2,(#7411,#7412,#7413),
  .UNSPECIFIED.,.F.,.F.,(3,3),(0.,1.),.PIECEWISE_BEZIER_KNOTS.);
#7411 = CARTESIAN_POINT('',(0.191209425089,2.300294811541E-02,0.3568001)
  );
#7412 = CARTESIAN_POINT('',(0.191209425089,3.167551383217E-02,0.3568001)
  );
#7413 = CARTESIAN_POINT('',(0.185386416679,3.69616491262E-02,0.3568001)
  );
#7414 = PCURVE('',#7367,#7415);
#7415 = DEFINITIONAL_REPRESENTATION('',(#7416),#7420);
#7416 = LINE('',#7417,#7418);
#7417 = CARTESIAN_POINT('',(0.,-6.8E-03));
#7418 = VECTOR('',#7419,1.);
#7419 = DIRECTION('',(1.,0.));
#7420 = ( GEOMETRIC_REPRESENTATION_CONTEXT(2) 
PARAMETRIC_REPRESENTATION_CONTEXT() REPRESENTATION_CONTEXT('2D SPACE',''
  ) );
#7421 = PCURVE('',#6798,#7422);
#7422 = DEFINITIONAL_REPRESENTATION('',(#7423),#7427);
#7423 = B_SPLINE_CURVE_WITH_KNOTS('',2,(#7424,#7425,#7426),
  .UNSPECIFIED.,.F.,.F.,(3,3),(0.,1.),.PIECEWISE_BEZIER_KNOTS.);
#7424 = CARTESIAN_POINT('',(7.020648437379E-02,8.457816470442E-02));
#7425 = CARTESIAN_POINT('',(7.020648437379E-02,9.325073042118E-02));
#7426 = CARTESIAN_POINT('',(6.438347596396E-02,9.853686571521E-02));
#7427 = ( GEOMETRIC_REPRESENTATION_CONTEXT(2) 
PARAMETRIC_REPRESENTATION_CONTEXT() REPRESENTATION_CONTEXT('2D SPACE',''
  ) );
#7428 = ORIENTED_EDGE('',*,*,#7429,.F.);
#7429 = EDGE_CURVE('',#7430,#7407,#7432,.T.);
#7430 = VERTEX_POINT('',#7431);
#7431 = CARTESIAN_POINT('',(0.185386416679,3.69616491262E-02,0.3500001)
  );
#7432 = SURFACE_CURVE('',#7433,(#7437,#7444),.PCURVE_S1.);
#7433 = LINE('',#7434,#7435);
#7434 = CARTESIAN_POINT('',(0.185386416679,3.69616491262E-02,0.3500001)
  );
#7435 = VECTOR('',#7436,1.);
#7436 = DIRECTION('',(0.,0.,1.));
#7437 = PCURVE('',#7367,#7438);
#7438 = DEFINITIONAL_REPRESENTATION('',(#7439),#7443);
#7439 = LINE('',#7440,#7441);
#7440 = CARTESIAN_POINT('',(1.,0.));
#7441 = VECTOR('',#7442,1.);
#7442 = DIRECTION('',(0.,-1.));
#7443 = ( GEOMETRIC_REPRESENTATION_CONTEXT(2) 
PARAMETRIC_REPRESENTATION_CONTEXT() REPRESENTATION_CONTEXT('2D SPACE',''
  ) );
#7444 = PCURVE('',#7445,#7452);
#7445 = SURFACE_OF_LINEAR_EXTRUSION('',#7446,#7450);
#7446 = B_SPLINE_CURVE_WITH_KNOTS('',2,(#7447,#7448,#7449),
  .UNSPECIFIED.,.F.,.F.,(3,3),(0.,1.),.PIECEWISE_BEZIER_KNOTS.);
#7447 = CARTESIAN_POINT('',(0.185386416679,3.69616491262E-02,0.3500001)
  );
#7448 = CARTESIAN_POINT('',(0.179563408269,4.224778442023E-02,0.3500001)
  );
#7449 = CARTESIAN_POINT('',(0.169899692185,4.224778442023E-02,0.3500001)
  );
#7450 = VECTOR('',#7451,1.);
#7451 = DIRECTION('',(-0.,-0.,-1.));
#7452 = DEFINITIONAL_REPRESENTATION('',(#7453),#7457);
#7453 = LINE('',#7454,#7455);
#7454 = CARTESIAN_POINT('',(0.,0.));
#7455 = VECTOR('',#7456,1.);
#7456 = DIRECTION('',(0.,-1.));
#7457 = ( GEOMETRIC_REPRESENTATION_CONTEXT(2) 
PARAMETRIC_REPRESENTATION_CONTEXT() REPRESENTATION_CONTEXT('2D SPACE',''
  ) );
#7458 = ORIENTED_EDGE('',*,*,#7459,.F.);
#7459 = EDGE_CURVE('',#7352,#7430,#7460,.T.);
#7460 = SURFACE_CURVE('',#7461,(#7465,#7472),.PCURVE_S1.);
#7461 = B_SPLINE_CURVE_WITH_KNOTS('',2,(#7462,#7463,#7464),
  .UNSPECIFIED.,.F.,.F.,(3,3),(0.,1.),.PIECEWISE_BEZIER_KNOTS.);
#7462 = CARTESIAN_POINT('',(0.191209425089,2.300294811541E-02,0.3500001)
  );
#7463 = CARTESIAN_POINT('',(0.191209425089,3.167551383217E-02,0.3500001)
  );
#7464 = CARTESIAN_POINT('',(0.185386416679,3.69616491262E-02,0.3500001)
  );
#7465 = PCURVE('',#7367,#7466);
#7466 = DEFINITIONAL_REPRESENTATION('',(#7467),#7471);
#7467 = LINE('',#7468,#7469);
#7468 = CARTESIAN_POINT('',(0.,0.));
#7469 = VECTOR('',#7470,1.);
#7470 = DIRECTION('',(1.,0.));
#7471 = ( GEOMETRIC_REPRESENTATION_CONTEXT(2) 
PARAMETRIC_REPRESENTATION_CONTEXT() REPRESENTATION_CONTEXT('2D SPACE',''
  ) );
#7472 = PCURVE('',#6852,#7473);
#7473 = DEFINITIONAL_REPRESENTATION('',(#7474),#7478);
#7474 = B_SPLINE_CURVE_WITH_KNOTS('',2,(#7475,#7476,#7477),
  .UNSPECIFIED.,.F.,.F.,(3,3),(0.,1.),.PIECEWISE_BEZIER_KNOTS.);
#7475 = CARTESIAN_POINT('',(7.020648437379E-02,8.457816470442E-02));
#7476 = CARTESIAN_POINT('',(7.020648437379E-02,9.325073042118E-02));
#7477 = CARTESIAN_POINT('',(6.438347596396E-02,9.853686571521E-02));
#7478 = ( GEOMETRIC_REPRESENTATION_CONTEXT(2) 
PARAMETRIC_REPRESENTATION_CONTEXT() REPRESENTATION_CONTEXT('2D SPACE',''
  ) );
#7479 = ADVANCED_FACE('',(#7480),#7445,.T.);
#7480 = FACE_BOUND('',#7481,.T.);
#7481 = EDGE_LOOP('',(#7482,#7483,#7506,#7536));
#7482 = ORIENTED_EDGE('',*,*,#7429,.T.);
#7483 = ORIENTED_EDGE('',*,*,#7484,.T.);
#7484 = EDGE_CURVE('',#7407,#7485,#7487,.T.);
#7485 = VERTEX_POINT('',#7486);
#7486 = CARTESIAN_POINT('',(0.169899692185,4.224778442023E-02,0.3568001)
  );
#7487 = SURFACE_CURVE('',#7488,(#7492,#7499),.PCURVE_S1.);
#7488 = B_SPLINE_CURVE_WITH_KNOTS('',2,(#7489,#7490,#7491),
  .UNSPECIFIED.,.F.,.F.,(3,3),(0.,1.),.PIECEWISE_BEZIER_KNOTS.);
#7489 = CARTESIAN_POINT('',(0.185386416679,3.69616491262E-02,0.3568001)
  );
#7490 = CARTESIAN_POINT('',(0.179563408269,4.224778442023E-02,0.3568001)
  );
#7491 = CARTESIAN_POINT('',(0.169899692185,4.224778442023E-02,0.3568001)
  );
#7492 = PCURVE('',#7445,#7493);
#7493 = DEFINITIONAL_REPRESENTATION('',(#7494),#7498);
#7494 = LINE('',#7495,#7496);
#7495 = CARTESIAN_POINT('',(0.,-6.8E-03));
#7496 = VECTOR('',#7497,1.);
#7497 = DIRECTION('',(1.,0.));
#7498 = ( GEOMETRIC_REPRESENTATION_CONTEXT(2) 
PARAMETRIC_REPRESENTATION_CONTEXT() REPRESENTATION_CONTEXT('2D SPACE',''
  ) );
#7499 = PCURVE('',#6798,#7500);
#7500 = DEFINITIONAL_REPRESENTATION('',(#7501),#7505);
#7501 = B_SPLINE_CURVE_WITH_KNOTS('',2,(#7502,#7503,#7504),
  .UNSPECIFIED.,.F.,.F.,(3,3),(0.,1.),.PIECEWISE_BEZIER_KNOTS.);
#7502 = CARTESIAN_POINT('',(6.438347596396E-02,9.853686571521E-02));
#7503 = CARTESIAN_POINT('',(5.856046755414E-02,0.103823001009));
#7504 = CARTESIAN_POINT('',(4.889675146974E-02,0.103823001009));
#7505 = ( GEOMETRIC_REPRESENTATION_CONTEXT(2) 
PARAMETRIC_REPRESENTATION_CONTEXT() REPRESENTATION_CONTEXT('2D SPACE',''
  ) );
#7506 = ORIENTED_EDGE('',*,*,#7507,.F.);
#7507 = EDGE_CURVE('',#7508,#7485,#7510,.T.);
#7508 = VERTEX_POINT('',#7509);
#7509 = CARTESIAN_POINT('',(0.169899692185,4.224778442023E-02,0.3500001)
  );
#7510 = SURFACE_CURVE('',#7511,(#7515,#7522),.PCURVE_S1.);
#7511 = LINE('',#7512,#7513);
#7512 = CARTESIAN_POINT('',(0.169899692185,4.224778442023E-02,0.3500001)
  );
#7513 = VECTOR('',#7514,1.);
#7514 = DIRECTION('',(0.,0.,1.));
#7515 = PCURVE('',#7445,#7516);
#7516 = DEFINITIONAL_REPRESENTATION('',(#7517),#7521);
#7517 = LINE('',#7518,#7519);
#7518 = CARTESIAN_POINT('',(1.,0.));
#7519 = VECTOR('',#7520,1.);
#7520 = DIRECTION('',(0.,-1.));
#7521 = ( GEOMETRIC_REPRESENTATION_CONTEXT(2) 
PARAMETRIC_REPRESENTATION_CONTEXT() REPRESENTATION_CONTEXT('2D SPACE',''
  ) );
#7522 = PCURVE('',#7523,#7530);
#7523 = SURFACE_OF_LINEAR_EXTRUSION('',#7524,#7528);
#7524 = B_SPLINE_CURVE_WITH_KNOTS('',2,(#7525,#7526,#7527),
  .UNSPECIFIED.,.F.,.F.,(3,3),(0.,1.),.PIECEWISE_BEZIER_KNOTS.);
#7525 = CARTESIAN_POINT('',(0.169899692185,4.224778442023E-02,0.3500001)
  );
#7526 = CARTESIAN_POINT('',(0.162466064427,4.224778442023E-02,0.3500001)
  );
#7527 = CARTESIAN_POINT('',(0.153628306983,3.906784365741E-02,0.3500001)
  );
#7528 = VECTOR('',#7529,1.);
#7529 = DIRECTION('',(-0.,-0.,-1.));
#7530 = DEFINITIONAL_REPRESENTATION('',(#7531),#7535);
#7531 = LINE('',#7532,#7533);
#7532 = CARTESIAN_POINT('',(0.,0.));
#7533 = VECTOR('',#7534,1.);
#7534 = DIRECTION('',(0.,-1.));
#7535 = ( GEOMETRIC_REPRESENTATION_CONTEXT(2) 
PARAMETRIC_REPRESENTATION_CONTEXT() REPRESENTATION_CONTEXT('2D SPACE',''
  ) );
#7536 = ORIENTED_EDGE('',*,*,#7537,.F.);
#7537 = EDGE_CURVE('',#7430,#7508,#7538,.T.);
#7538 = SURFACE_CURVE('',#7539,(#7543,#7550),.PCURVE_S1.);
#7539 = B_SPLINE_CURVE_WITH_KNOTS('',2,(#7540,#7541,#7542),
  .UNSPECIFIED.,.F.,.F.,(3,3),(0.,1.),.PIECEWISE_BEZIER_KNOTS.);
#7540 = CARTESIAN_POINT('',(0.185386416679,3.69616491262E-02,0.3500001)
  );
#7541 = CARTESIAN_POINT('',(0.179563408269,4.224778442023E-02,0.3500001)
  );
#7542 = CARTESIAN_POINT('',(0.169899692185,4.224778442023E-02,0.3500001)
  );
#7543 = PCURVE('',#7445,#7544);
#7544 = DEFINITIONAL_REPRESENTATION('',(#7545),#7549);
#7545 = LINE('',#7546,#7547);
#7546 = CARTESIAN_POINT('',(0.,0.));
#7547 = VECTOR('',#7548,1.);
#7548 = DIRECTION('',(1.,0.));
#7549 = ( GEOMETRIC_REPRESENTATION_CONTEXT(2) 
PARAMETRIC_REPRESENTATION_CONTEXT() REPRESENTATION_CONTEXT('2D SPACE',''
  ) );
#7550 = PCURVE('',#6852,#7551);
#7551 = DEFINITIONAL_REPRESENTATION('',(#7552),#7556);
#7552 = B_SPLINE_CURVE_WITH_KNOTS('',2,(#7553,#7554,#7555),
  .UNSPECIFIED.,.F.,.F.,(3,3),(0.,1.),.PIECEWISE_BEZIER_KNOTS.);
#7553 = CARTESIAN_POINT('',(6.438347596396E-02,9.853686571521E-02));
#7554 = CARTESIAN_POINT('',(5.856046755414E-02,0.103823001009));
#7555 = CARTESIAN_POINT('',(4.889675146974E-02,0.103823001009));
#7556 = ( GEOMETRIC_REPRESENTATION_CONTEXT(2) 
PARAMETRIC_REPRESENTATION_CONTEXT() REPRESENTATION_CONTEXT('2D SPACE',''
  ) );
#7557 = ADVANCED_FACE('',(#7558),#7523,.T.);
#7558 = FACE_BOUND('',#7559,.T.);
#7559 = EDGE_LOOP('',(#7560,#7561,#7584,#7614));
#7560 = ORIENTED_EDGE('',*,*,#7507,.T.);
#7561 = ORIENTED_EDGE('',*,*,#7562,.T.);
#7562 = EDGE_CURVE('',#7485,#7563,#7565,.T.);
#7563 = VERTEX_POINT('',#7564);
#7564 = CARTESIAN_POINT('',(0.153628306983,3.906784365741E-02,0.3568001)
  );
#7565 = SURFACE_CURVE('',#7566,(#7570,#7577),.PCURVE_S1.);
#7566 = B_SPLINE_CURVE_WITH_KNOTS('',2,(#7567,#7568,#7569),
  .UNSPECIFIED.,.F.,.F.,(3,3),(0.,1.),.PIECEWISE_BEZIER_KNOTS.);
#7567 = CARTESIAN_POINT('',(0.169899692185,4.224778442023E-02,0.3568001)
  );
#7568 = CARTESIAN_POINT('',(0.162466064427,4.224778442023E-02,0.3568001)
  );
#7569 = CARTESIAN_POINT('',(0.153628306983,3.906784365741E-02,0.3568001)
  );
#7570 = PCURVE('',#7523,#7571);
#7571 = DEFINITIONAL_REPRESENTATION('',(#7572),#7576);
#7572 = LINE('',#7573,#7574);
#7573 = CARTESIAN_POINT('',(0.,-6.8E-03));
#7574 = VECTOR('',#7575,1.);
#7575 = DIRECTION('',(1.,0.));
#7576 = ( GEOMETRIC_REPRESENTATION_CONTEXT(2) 
PARAMETRIC_REPRESENTATION_CONTEXT() REPRESENTATION_CONTEXT('2D SPACE',''
  ) );
#7577 = PCURVE('',#6798,#7578);
#7578 = DEFINITIONAL_REPRESENTATION('',(#7579),#7583);
#7579 = B_SPLINE_CURVE_WITH_KNOTS('',2,(#7580,#7581,#7582),
  .UNSPECIFIED.,.F.,.F.,(3,3),(0.,1.),.PIECEWISE_BEZIER_KNOTS.);
#7580 = CARTESIAN_POINT('',(4.889675146974E-02,0.103823001009));
#7581 = CARTESIAN_POINT('',(4.146312371252E-02,0.103823001009));
#7582 = CARTESIAN_POINT('',(3.262536626782E-02,0.100643060246));
#7583 = ( GEOMETRIC_REPRESENTATION_CONTEXT(2) 
PARAMETRIC_REPRESENTATION_CONTEXT() REPRESENTATION_CONTEXT('2D SPACE',''
  ) );
#7584 = ORIENTED_EDGE('',*,*,#7585,.F.);
#7585 = EDGE_CURVE('',#7586,#7563,#7588,.T.);
#7586 = VERTEX_POINT('',#7587);
#7587 = CARTESIAN_POINT('',(0.153628306983,3.906784365741E-02,0.3500001)
  );
#7588 = SURFACE_CURVE('',#7589,(#7593,#7600),.PCURVE_S1.);
#7589 = LINE('',#7590,#7591);
#7590 = CARTESIAN_POINT('',(0.153628306983,3.906784365741E-02,0.3500001)
  );
#7591 = VECTOR('',#7592,1.);
#7592 = DIRECTION('',(0.,0.,1.));
#7593 = PCURVE('',#7523,#7594);
#7594 = DEFINITIONAL_REPRESENTATION('',(#7595),#7599);
#7595 = LINE('',#7596,#7597);
#7596 = CARTESIAN_POINT('',(1.,0.));
#7597 = VECTOR('',#7598,1.);
#7598 = DIRECTION('',(0.,-1.));
#7599 = ( GEOMETRIC_REPRESENTATION_CONTEXT(2) 
PARAMETRIC_REPRESENTATION_CONTEXT() REPRESENTATION_CONTEXT('2D SPACE',''
  ) );
#7600 = PCURVE('',#7601,#7608);
#7601 = SURFACE_OF_LINEAR_EXTRUSION('',#7602,#7606);
#7602 = B_SPLINE_CURVE_WITH_KNOTS('',2,(#7603,#7604,#7605),
  .UNSPECIFIED.,.F.,.F.,(3,3),(0.,1.),.PIECEWISE_BEZIER_KNOTS.);
#7603 = CARTESIAN_POINT('',(0.153628306983,3.906784365741E-02,0.3500001)
  );
#7604 = CARTESIAN_POINT('',(0.144790549538,3.58879028946E-02,0.3500001)
  );
#7605 = CARTESIAN_POINT('',(0.134713854134,2.961061723294E-02,0.3500001)
  );
#7606 = VECTOR('',#7607,1.);
#7607 = DIRECTION('',(-0.,-0.,-1.));
#7608 = DEFINITIONAL_REPRESENTATION('',(#7609),#7613);
#7609 = LINE('',#7610,#7611);
#7610 = CARTESIAN_POINT('',(0.,0.));
#7611 = VECTOR('',#7612,1.);
#7612 = DIRECTION('',(0.,-1.));
#7613 = ( GEOMETRIC_REPRESENTATION_CONTEXT(2) 
PARAMETRIC_REPRESENTATION_CONTEXT() REPRESENTATION_CONTEXT('2D SPACE',''
  ) );
#7614 = ORIENTED_EDGE('',*,*,#7615,.F.);
#7615 = EDGE_CURVE('',#7508,#7586,#7616,.T.);
#7616 = SURFACE_CURVE('',#7617,(#7621,#7628),.PCURVE_S1.);
#7617 = B_SPLINE_CURVE_WITH_KNOTS('',2,(#7618,#7619,#7620),
  .UNSPECIFIED.,.F.,.F.,(3,3),(0.,1.),.PIECEWISE_BEZIER_KNOTS.);
#7618 = CARTESIAN_POINT('',(0.169899692185,4.224778442023E-02,0.3500001)
  );
#7619 = CARTESIAN_POINT('',(0.162466064427,4.224778442023E-02,0.3500001)
  );
#7620 = CARTESIAN_POINT('',(0.153628306983,3.906784365741E-02,0.3500001)
  );
#7621 = PCURVE('',#7523,#7622);
#7622 = DEFINITIONAL_REPRESENTATION('',(#7623),#7627);
#7623 = LINE('',#7624,#7625);
#7624 = CARTESIAN_POINT('',(0.,0.));
#7625 = VECTOR('',#7626,1.);
#7626 = DIRECTION('',(1.,0.));
#7627 = ( GEOMETRIC_REPRESENTATION_CONTEXT(2) 
PARAMETRIC_REPRESENTATION_CONTEXT() REPRESENTATION_CONTEXT('2D SPACE',''
  ) );
#7628 = PCURVE('',#6852,#7629);
#7629 = DEFINITIONAL_REPRESENTATION('',(#7630),#7634);
#7630 = B_SPLINE_CURVE_WITH_KNOTS('',2,(#7631,#7632,#7633),
  .UNSPECIFIED.,.F.,.F.,(3,3),(0.,1.),.PIECEWISE_BEZIER_KNOTS.);
#7631 = CARTESIAN_POINT('',(4.889675146974E-02,0.103823001009));
#7632 = CARTESIAN_POINT('',(4.146312371252E-02,0.103823001009));
#7633 = CARTESIAN_POINT('',(3.262536626782E-02,0.100643060246));
#7634 = ( GEOMETRIC_REPRESENTATION_CONTEXT(2) 
PARAMETRIC_REPRESENTATION_CONTEXT() REPRESENTATION_CONTEXT('2D SPACE',''
  ) );
#7635 = ADVANCED_FACE('',(#7636),#7601,.T.);
#7636 = FACE_BOUND('',#7637,.T.);
#7637 = EDGE_LOOP('',(#7638,#7639,#7662,#7690));
#7638 = ORIENTED_EDGE('',*,*,#7585,.T.);
#7639 = ORIENTED_EDGE('',*,*,#7640,.T.);
#7640 = EDGE_CURVE('',#7563,#7641,#7643,.T.);
#7641 = VERTEX_POINT('',#7642);
#7642 = CARTESIAN_POINT('',(0.134713854134,2.961061723294E-02,0.3568001)
  );
#7643 = SURFACE_CURVE('',#7644,(#7648,#7655),.PCURVE_S1.);
#7644 = B_SPLINE_CURVE_WITH_KNOTS('',2,(#7645,#7646,#7647),
  .UNSPECIFIED.,.F.,.F.,(3,3),(0.,1.),.PIECEWISE_BEZIER_KNOTS.);
#7645 = CARTESIAN_POINT('',(0.153628306983,3.906784365741E-02,0.3568001)
  );
#7646 = CARTESIAN_POINT('',(0.144790549538,3.58879028946E-02,0.3568001)
  );
#7647 = CARTESIAN_POINT('',(0.134713854134,2.961061723294E-02,0.3568001)
  );
#7648 = PCURVE('',#7601,#7649);
#7649 = DEFINITIONAL_REPRESENTATION('',(#7650),#7654);
#7650 = LINE('',#7651,#7652);
#7651 = CARTESIAN_POINT('',(0.,-6.8E-03));
#7652 = VECTOR('',#7653,1.);
#7653 = DIRECTION('',(1.,0.));
#7654 = ( GEOMETRIC_REPRESENTATION_CONTEXT(2) 
PARAMETRIC_REPRESENTATION_CONTEXT() REPRESENTATION_CONTEXT('2D SPACE',''
  ) );
#7655 = PCURVE('',#6798,#7656);
#7656 = DEFINITIONAL_REPRESENTATION('',(#7657),#7661);
#7657 = B_SPLINE_CURVE_WITH_KNOTS('',2,(#7658,#7659,#7660),
  .UNSPECIFIED.,.F.,.F.,(3,3),(0.,1.),.PIECEWISE_BEZIER_KNOTS.);
#7658 = CARTESIAN_POINT('',(3.262536626782E-02,0.100643060246));
#7659 = CARTESIAN_POINT('',(2.378760882312E-02,9.746311948361E-02));
#7660 = CARTESIAN_POINT('',(1.371091341888E-02,9.118583382195E-02));
#7661 = ( GEOMETRIC_REPRESENTATION_CONTEXT(2) 
PARAMETRIC_REPRESENTATION_CONTEXT() REPRESENTATION_CONTEXT('2D SPACE',''
  ) );
#7662 = ORIENTED_EDGE('',*,*,#7663,.F.);
#7663 = EDGE_CURVE('',#7664,#7641,#7666,.T.);
#7664 = VERTEX_POINT('',#7665);
#7665 = CARTESIAN_POINT('',(0.134713854134,2.961061723294E-02,0.3500001)
  );
#7666 = SURFACE_CURVE('',#7667,(#7671,#7678),.PCURVE_S1.);
#7667 = LINE('',#7668,#7669);
#7668 = CARTESIAN_POINT('',(0.134713854134,2.961061723294E-02,0.3500001)
  );
#7669 = VECTOR('',#7670,1.);
#7670 = DIRECTION('',(0.,0.,1.));
#7671 = PCURVE('',#7601,#7672);
#7672 = DEFINITIONAL_REPRESENTATION('',(#7673),#7677);
#7673 = LINE('',#7674,#7675);
#7674 = CARTESIAN_POINT('',(1.,0.));
#7675 = VECTOR('',#7676,1.);
#7676 = DIRECTION('',(0.,-1.));
#7677 = ( GEOMETRIC_REPRESENTATION_CONTEXT(2) 
PARAMETRIC_REPRESENTATION_CONTEXT() REPRESENTATION_CONTEXT('2D SPACE',''
  ) );
#7678 = PCURVE('',#7679,#7684);
#7679 = PLANE('',#7680);
#7680 = AXIS2_PLACEMENT_3D('',#7681,#7682,#7683);
#7681 = CARTESIAN_POINT('',(0.134713854134,2.961061723294E-02,0.3500001)
  );
#7682 = DIRECTION('',(-1.,0.,0.));
#7683 = DIRECTION('',(0.,1.,0.));
#7684 = DEFINITIONAL_REPRESENTATION('',(#7685),#7689);
#7685 = LINE('',#7686,#7687);
#7686 = CARTESIAN_POINT('',(0.,0.));
#7687 = VECTOR('',#7688,1.);
#7688 = DIRECTION('',(0.,-1.));
#7689 = ( GEOMETRIC_REPRESENTATION_CONTEXT(2) 
PARAMETRIC_REPRESENTATION_CONTEXT() REPRESENTATION_CONTEXT('2D SPACE',''
  ) );
#7690 = ORIENTED_EDGE('',*,*,#7691,.F.);
#7691 = EDGE_CURVE('',#7586,#7664,#7692,.T.);
#7692 = SURFACE_CURVE('',#7693,(#7697,#7704),.PCURVE_S1.);
#7693 = B_SPLINE_CURVE_WITH_KNOTS('',2,(#7694,#7695,#7696),
  .UNSPECIFIED.,.F.,.F.,(3,3),(0.,1.),.PIECEWISE_BEZIER_KNOTS.);
#7694 = CARTESIAN_POINT('',(0.153628306983,3.906784365741E-02,0.3500001)
  );
#7695 = CARTESIAN_POINT('',(0.144790549538,3.58879028946E-02,0.3500001)
  );
#7696 = CARTESIAN_POINT('',(0.134713854134,2.961061723294E-02,0.3500001)
  );
#7697 = PCURVE('',#7601,#7698);
#7698 = DEFINITIONAL_REPRESENTATION('',(#7699),#7703);
#7699 = LINE('',#7700,#7701);
#7700 = CARTESIAN_POINT('',(0.,0.));
#7701 = VECTOR('',#7702,1.);
#7702 = DIRECTION('',(1.,0.));
#7703 = ( GEOMETRIC_REPRESENTATION_CONTEXT(2) 
PARAMETRIC_REPRESENTATION_CONTEXT() REPRESENTATION_CONTEXT('2D SPACE',''
  ) );
#7704 = PCURVE('',#6852,#7705);
#7705 = DEFINITIONAL_REPRESENTATION('',(#7706),#7710);
#7706 = B_SPLINE_CURVE_WITH_KNOTS('',2,(#7707,#7708,#7709),
  .UNSPECIFIED.,.F.,.F.,(3,3),(0.,1.),.PIECEWISE_BEZIER_KNOTS.);
#7707 = CARTESIAN_POINT('',(3.262536626782E-02,0.100643060246));
#7708 = CARTESIAN_POINT('',(2.378760882312E-02,9.746311948361E-02));
#7709 = CARTESIAN_POINT('',(1.371091341888E-02,9.118583382195E-02));
#7710 = ( GEOMETRIC_REPRESENTATION_CONTEXT(2) 
PARAMETRIC_REPRESENTATION_CONTEXT() REPRESENTATION_CONTEXT('2D SPACE',''
  ) );
#7711 = ADVANCED_FACE('',(#7712),#7679,.T.);
#7712 = FACE_BOUND('',#7713,.T.);
#7713 = EDGE_LOOP('',(#7714,#7715,#7738,#7768));
#7714 = ORIENTED_EDGE('',*,*,#7663,.T.);
#7715 = ORIENTED_EDGE('',*,*,#7716,.T.);
#7716 = EDGE_CURVE('',#7641,#7717,#7719,.T.);
#7717 = VERTEX_POINT('',#7718);
#7718 = CARTESIAN_POINT('',(0.134713854134,5.670206061483E-02,0.3568001)
  );
#7719 = SURFACE_CURVE('',#7720,(#7724,#7731),.PCURVE_S1.);
#7720 = LINE('',#7721,#7722);
#7721 = CARTESIAN_POINT('',(0.134713854134,2.961061723294E-02,0.3568001)
  );
#7722 = VECTOR('',#7723,1.);
#7723 = DIRECTION('',(0.,1.,0.));
#7724 = PCURVE('',#7679,#7725);
#7725 = DEFINITIONAL_REPRESENTATION('',(#7726),#7730);
#7726 = LINE('',#7727,#7728);
#7727 = CARTESIAN_POINT('',(3.469446951954E-18,-6.8E-03));
#7728 = VECTOR('',#7729,1.);
#7729 = DIRECTION('',(1.,0.));
#7730 = ( GEOMETRIC_REPRESENTATION_CONTEXT(2) 
PARAMETRIC_REPRESENTATION_CONTEXT() REPRESENTATION_CONTEXT('2D SPACE',''
  ) );
#7731 = PCURVE('',#6798,#7732);
#7732 = DEFINITIONAL_REPRESENTATION('',(#7733),#7737);
#7733 = LINE('',#7734,#7735);
#7734 = CARTESIAN_POINT('',(1.371091341888E-02,9.118583382195E-02));
#7735 = VECTOR('',#7736,1.);
#7736 = DIRECTION('',(0.,1.));
#7737 = ( GEOMETRIC_REPRESENTATION_CONTEXT(2) 
PARAMETRIC_REPRESENTATION_CONTEXT() REPRESENTATION_CONTEXT('2D SPACE',''
  ) );
#7738 = ORIENTED_EDGE('',*,*,#7739,.F.);
#7739 = EDGE_CURVE('',#7740,#7717,#7742,.T.);
#7740 = VERTEX_POINT('',#7741);
#7741 = CARTESIAN_POINT('',(0.134713854134,5.670206061483E-02,0.3500001)
  );
#7742 = SURFACE_CURVE('',#7743,(#7747,#7754),.PCURVE_S1.);
#7743 = LINE('',#7744,#7745);
#7744 = CARTESIAN_POINT('',(0.134713854134,5.670206061483E-02,0.3500001)
  );
#7745 = VECTOR('',#7746,1.);
#7746 = DIRECTION('',(0.,0.,1.));
#7747 = PCURVE('',#7679,#7748);
#7748 = DEFINITIONAL_REPRESENTATION('',(#7749),#7753);
#7749 = LINE('',#7750,#7751);
#7750 = CARTESIAN_POINT('',(2.709144338189E-02,0.));
#7751 = VECTOR('',#7752,1.);
#7752 = DIRECTION('',(0.,-1.));
#7753 = ( GEOMETRIC_REPRESENTATION_CONTEXT(2) 
PARAMETRIC_REPRESENTATION_CONTEXT() REPRESENTATION_CONTEXT('2D SPACE',''
  ) );
#7754 = PCURVE('',#7755,#7762);
#7755 = SURFACE_OF_LINEAR_EXTRUSION('',#7756,#7760);
#7756 = B_SPLINE_CURVE_WITH_KNOTS('',2,(#7757,#7758,#7759),
  .UNSPECIFIED.,.F.,.F.,(3,3),(0.,1.),.PIECEWISE_BEZIER_KNOTS.);
#7757 = CARTESIAN_POINT('',(0.134713854134,5.670206061483E-02,0.3500001)
  );
#7758 = CARTESIAN_POINT('',(0.14545131645,6.02536827655E-02,0.3500001));
#7759 = CARTESIAN_POINT('',(0.155940991174,6.211208970481E-02,0.3500001)
  );
#7760 = VECTOR('',#7761,1.);
#7761 = DIRECTION('',(-0.,-0.,-1.));
#7762 = DEFINITIONAL_REPRESENTATION('',(#7763),#7767);
#7763 = LINE('',#7764,#7765);
#7764 = CARTESIAN_POINT('',(0.,0.));
#7765 = VECTOR('',#7766,1.);
#7766 = DIRECTION('',(0.,-1.));
#7767 = ( GEOMETRIC_REPRESENTATION_CONTEXT(2) 
PARAMETRIC_REPRESENTATION_CONTEXT() REPRESENTATION_CONTEXT('2D SPACE',''
  ) );
#7768 = ORIENTED_EDGE('',*,*,#7769,.F.);
#7769 = EDGE_CURVE('',#7664,#7740,#7770,.T.);
#7770 = SURFACE_CURVE('',#7771,(#7775,#7782),.PCURVE_S1.);
#7771 = LINE('',#7772,#7773);
#7772 = CARTESIAN_POINT('',(0.134713854134,2.961061723294E-02,0.3500001)
  );
#7773 = VECTOR('',#7774,1.);
#7774 = DIRECTION('',(0.,1.,0.));
#7775 = PCURVE('',#7679,#7776);
#7776 = DEFINITIONAL_REPRESENTATION('',(#7777),#7781);
#7777 = LINE('',#7778,#7779);
#7778 = CARTESIAN_POINT('',(3.469446951954E-18,0.));
#7779 = VECTOR('',#7780,1.);
#7780 = DIRECTION('',(1.,0.));
#7781 = ( GEOMETRIC_REPRESENTATION_CONTEXT(2) 
PARAMETRIC_REPRESENTATION_CONTEXT() REPRESENTATION_CONTEXT('2D SPACE',''
  ) );
#7782 = PCURVE('',#6852,#7783);
#7783 = DEFINITIONAL_REPRESENTATION('',(#7784),#7788);
#7784 = LINE('',#7785,#7786);
#7785 = CARTESIAN_POINT('',(1.371091341888E-02,9.118583382195E-02));
#7786 = VECTOR('',#7787,1.);
#7787 = DIRECTION('',(0.,1.));
#7788 = ( GEOMETRIC_REPRESENTATION_CONTEXT(2) 
PARAMETRIC_REPRESENTATION_CONTEXT() REPRESENTATION_CONTEXT('2D SPACE',''
  ) );
#7789 = ADVANCED_FACE('',(#7790),#7755,.T.);
#7790 = FACE_BOUND('',#7791,.T.);
#7791 = EDGE_LOOP('',(#7792,#7793,#7816,#7846));
#7792 = ORIENTED_EDGE('',*,*,#7739,.T.);
#7793 = ORIENTED_EDGE('',*,*,#7794,.T.);
#7794 = EDGE_CURVE('',#7717,#7795,#7797,.T.);
#7795 = VERTEX_POINT('',#7796);
#7796 = CARTESIAN_POINT('',(0.155940991174,6.211208970481E-02,0.3568001)
  );
#7797 = SURFACE_CURVE('',#7798,(#7802,#7809),.PCURVE_S1.);
#7798 = B_SPLINE_CURVE_WITH_KNOTS('',2,(#7799,#7800,#7801),
  .UNSPECIFIED.,.F.,.F.,(3,3),(0.,1.),.PIECEWISE_BEZIER_KNOTS.);
#7799 = CARTESIAN_POINT('',(0.134713854134,5.670206061483E-02,0.3568001)
  );
#7800 = CARTESIAN_POINT('',(0.14545131645,6.02536827655E-02,0.3568001));
#7801 = CARTESIAN_POINT('',(0.155940991174,6.211208970481E-02,0.3568001)
  );
#7802 = PCURVE('',#7755,#7803);
#7803 = DEFINITIONAL_REPRESENTATION('',(#7804),#7808);
#7804 = LINE('',#7805,#7806);
#7805 = CARTESIAN_POINT('',(0.,-6.8E-03));
#7806 = VECTOR('',#7807,1.);
#7807 = DIRECTION('',(1.,0.));
#7808 = ( GEOMETRIC_REPRESENTATION_CONTEXT(2) 
PARAMETRIC_REPRESENTATION_CONTEXT() REPRESENTATION_CONTEXT('2D SPACE',''
  ) );
#7809 = PCURVE('',#6798,#7810);
#7810 = DEFINITIONAL_REPRESENTATION('',(#7811),#7815);
#7811 = B_SPLINE_CURVE_WITH_KNOTS('',2,(#7812,#7813,#7814),
  .UNSPECIFIED.,.F.,.F.,(3,3),(0.,1.),.PIECEWISE_BEZIER_KNOTS.);
#7812 = CARTESIAN_POINT('',(1.371091341888E-02,0.118277277204));
#7813 = CARTESIAN_POINT('',(2.444837573487E-02,0.121828899355));
#7814 = CARTESIAN_POINT('',(3.493805045896E-02,0.123687306294));
#7815 = ( GEOMETRIC_REPRESENTATION_CONTEXT(2) 
PARAMETRIC_REPRESENTATION_CONTEXT() REPRESENTATION_CONTEXT('2D SPACE',''
  ) );
#7816 = ORIENTED_EDGE('',*,*,#7817,.F.);
#7817 = EDGE_CURVE('',#7818,#7795,#7820,.T.);
#7818 = VERTEX_POINT('',#7819);
#7819 = CARTESIAN_POINT('',(0.155940991174,6.211208970481E-02,0.3500001)
  );
#7820 = SURFACE_CURVE('',#7821,(#7825,#7832),.PCURVE_S1.);
#7821 = LINE('',#7822,#7823);
#7822 = CARTESIAN_POINT('',(0.155940991174,6.211208970481E-02,0.3500001)
  );
#7823 = VECTOR('',#7824,1.);
#7824 = DIRECTION('',(0.,0.,1.));
#7825 = PCURVE('',#7755,#7826);
#7826 = DEFINITIONAL_REPRESENTATION('',(#7827),#7831);
#7827 = LINE('',#7828,#7829);
#7828 = CARTESIAN_POINT('',(1.,0.));
#7829 = VECTOR('',#7830,1.);
#7830 = DIRECTION('',(0.,-1.));
#7831 = ( GEOMETRIC_REPRESENTATION_CONTEXT(2) 
PARAMETRIC_REPRESENTATION_CONTEXT() REPRESENTATION_CONTEXT('2D SPACE',''
  ) );
#7832 = PCURVE('',#7833,#7840);
#7833 = SURFACE_OF_LINEAR_EXTRUSION('',#7834,#7838);
#7834 = B_SPLINE_CURVE_WITH_KNOTS('',2,(#7835,#7836,#7837),
  .UNSPECIFIED.,.F.,.F.,(3,3),(0.,1.),.PIECEWISE_BEZIER_KNOTS.);
#7835 = CARTESIAN_POINT('',(0.155940991174,6.211208970481E-02,0.3500001)
  );
#7836 = CARTESIAN_POINT('',(0.166430665898,6.397049664412E-02,0.3500001)
  );
#7837 = CARTESIAN_POINT('',(0.176507361302,6.397049664412E-02,0.3500001)
  );
#7838 = VECTOR('',#7839,1.);
#7839 = DIRECTION('',(-0.,-0.,-1.));
#7840 = DEFINITIONAL_REPRESENTATION('',(#7841),#7845);
#7841 = LINE('',#7842,#7843);
#7842 = CARTESIAN_POINT('',(0.,0.));
#7843 = VECTOR('',#7844,1.);
#7844 = DIRECTION('',(0.,-1.));
#7845 = ( GEOMETRIC_REPRESENTATION_CONTEXT(2) 
PARAMETRIC_REPRESENTATION_CONTEXT() REPRESENTATION_CONTEXT('2D SPACE',''
  ) );
#7846 = ORIENTED_EDGE('',*,*,#7847,.F.);
#7847 = EDGE_CURVE('',#7740,#7818,#7848,.T.);
#7848 = SURFACE_CURVE('',#7849,(#7853,#7860),.PCURVE_S1.);
#7849 = B_SPLINE_CURVE_WITH_KNOTS('',2,(#7850,#7851,#7852),
  .UNSPECIFIED.,.F.,.F.,(3,3),(0.,1.),.PIECEWISE_BEZIER_KNOTS.);
#7850 = CARTESIAN_POINT('',(0.134713854134,5.670206061483E-02,0.3500001)
  );
#7851 = CARTESIAN_POINT('',(0.14545131645,6.02536827655E-02,0.3500001));
#7852 = CARTESIAN_POINT('',(0.155940991174,6.211208970481E-02,0.3500001)
  );
#7853 = PCURVE('',#7755,#7854);
#7854 = DEFINITIONAL_REPRESENTATION('',(#7855),#7859);
#7855 = LINE('',#7856,#7857);
#7856 = CARTESIAN_POINT('',(0.,0.));
#7857 = VECTOR('',#7858,1.);
#7858 = DIRECTION('',(1.,0.));
#7859 = ( GEOMETRIC_REPRESENTATION_CONTEXT(2) 
PARAMETRIC_REPRESENTATION_CONTEXT() REPRESENTATION_CONTEXT('2D SPACE',''
  ) );
#7860 = PCURVE('',#6852,#7861);
#7861 = DEFINITIONAL_REPRESENTATION('',(#7862),#7866);
#7862 = B_SPLINE_CURVE_WITH_KNOTS('',2,(#7863,#7864,#7865),
  .UNSPECIFIED.,.F.,.F.,(3,3),(0.,1.),.PIECEWISE_BEZIER_KNOTS.);
#7863 = CARTESIAN_POINT('',(1.371091341888E-02,0.118277277204));
#7864 = CARTESIAN_POINT('',(2.444837573487E-02,0.121828899355));
#7865 = CARTESIAN_POINT('',(3.493805045896E-02,0.123687306294));
#7866 = ( GEOMETRIC_REPRESENTATION_CONTEXT(2) 
PARAMETRIC_REPRESENTATION_CONTEXT() REPRESENTATION_CONTEXT('2D SPACE',''
  ) );
#7867 = ADVANCED_FACE('',(#7868),#7833,.T.);
#7868 = FACE_BOUND('',#7869,.T.);
#7869 = EDGE_LOOP('',(#7870,#7871,#7894,#7924));
#7870 = ORIENTED_EDGE('',*,*,#7817,.T.);
#7871 = ORIENTED_EDGE('',*,*,#7872,.T.);
#7872 = EDGE_CURVE('',#7795,#7873,#7875,.T.);
#7873 = VERTEX_POINT('',#7874);
#7874 = CARTESIAN_POINT('',(0.176507361302,6.397049664412E-02,0.3568001)
  );
#7875 = SURFACE_CURVE('',#7876,(#7880,#7887),.PCURVE_S1.);
#7876 = B_SPLINE_CURVE_WITH_KNOTS('',2,(#7877,#7878,#7879),
  .UNSPECIFIED.,.F.,.F.,(3,3),(0.,1.),.PIECEWISE_BEZIER_KNOTS.);
#7877 = CARTESIAN_POINT('',(0.155940991174,6.211208970481E-02,0.3568001)
  );
#7878 = CARTESIAN_POINT('',(0.166430665898,6.397049664412E-02,0.3568001)
  );
#7879 = CARTESIAN_POINT('',(0.176507361302,6.397049664412E-02,0.3568001)
  );
#7880 = PCURVE('',#7833,#7881);
#7881 = DEFINITIONAL_REPRESENTATION('',(#7882),#7886);
#7882 = LINE('',#7883,#7884);
#7883 = CARTESIAN_POINT('',(0.,-6.8E-03));
#7884 = VECTOR('',#7885,1.);
#7885 = DIRECTION('',(1.,0.));
#7886 = ( GEOMETRIC_REPRESENTATION_CONTEXT(2) 
PARAMETRIC_REPRESENTATION_CONTEXT() REPRESENTATION_CONTEXT('2D SPACE',''
  ) );
#7887 = PCURVE('',#6798,#7888);
#7888 = DEFINITIONAL_REPRESENTATION('',(#7889),#7893);
#7889 = B_SPLINE_CURVE_WITH_KNOTS('',2,(#7890,#7891,#7892),
  .UNSPECIFIED.,.F.,.F.,(3,3),(0.,1.),.PIECEWISE_BEZIER_KNOTS.);
#7890 = CARTESIAN_POINT('',(3.493805045896E-02,0.123687306294));
#7891 = CARTESIAN_POINT('',(4.542772518304E-02,0.125545713233));
#7892 = CARTESIAN_POINT('',(5.550442058728E-02,0.125545713233));
#7893 = ( GEOMETRIC_REPRESENTATION_CONTEXT(2) 
PARAMETRIC_REPRESENTATION_CONTEXT() REPRESENTATION_CONTEXT('2D SPACE',''
  ) );
#7894 = ORIENTED_EDGE('',*,*,#7895,.F.);
#7895 = EDGE_CURVE('',#7896,#7873,#7898,.T.);
#7896 = VERTEX_POINT('',#7897);
#7897 = CARTESIAN_POINT('',(0.176507361302,6.397049664412E-02,0.3500001)
  );
#7898 = SURFACE_CURVE('',#7899,(#7903,#7910),.PCURVE_S1.);
#7899 = LINE('',#7900,#7901);
#7900 = CARTESIAN_POINT('',(0.176507361302,6.397049664412E-02,0.3500001)
  );
#7901 = VECTOR('',#7902,1.);
#7902 = DIRECTION('',(0.,0.,1.));
#7903 = PCURVE('',#7833,#7904);
#7904 = DEFINITIONAL_REPRESENTATION('',(#7905),#7909);
#7905 = LINE('',#7906,#7907);
#7906 = CARTESIAN_POINT('',(1.,0.));
#7907 = VECTOR('',#7908,1.);
#7908 = DIRECTION('',(0.,-1.));
#7909 = ( GEOMETRIC_REPRESENTATION_CONTEXT(2) 
PARAMETRIC_REPRESENTATION_CONTEXT() REPRESENTATION_CONTEXT('2D SPACE',''
  ) );
#7910 = PCURVE('',#7911,#7918);
#7911 = SURFACE_OF_LINEAR_EXTRUSION('',#7912,#7916);
#7912 = B_SPLINE_CURVE_WITH_KNOTS('',2,(#7913,#7914,#7915),
  .UNSPECIFIED.,.F.,.F.,(3,3),(0.,1.),.PIECEWISE_BEZIER_KNOTS.);
#7913 = CARTESIAN_POINT('',(0.176507361302,6.397049664412E-02,0.3500001)
  );
#7914 = CARTESIAN_POINT('',(0.198643052846,6.397049664412E-02,0.3500001)
  );
#7915 = CARTESIAN_POINT('',(0.210908538645,5.422418469575E-02,0.3500001)
  );
#7916 = VECTOR('',#7917,1.);
#7917 = DIRECTION('',(-0.,-0.,-1.));
#7918 = DEFINITIONAL_REPRESENTATION('',(#7919),#7923);
#7919 = LINE('',#7920,#7921);
#7920 = CARTESIAN_POINT('',(0.,0.));
#7921 = VECTOR('',#7922,1.);
#7922 = DIRECTION('',(0.,-1.));
#7923 = ( GEOMETRIC_REPRESENTATION_CONTEXT(2) 
PARAMETRIC_REPRESENTATION_CONTEXT() REPRESENTATION_CONTEXT('2D SPACE',''
  ) );
#7924 = ORIENTED_EDGE('',*,*,#7925,.F.);
#7925 = EDGE_CURVE('',#7818,#7896,#7926,.T.);
#7926 = SURFACE_CURVE('',#7927,(#7931,#7938),.PCURVE_S1.);
#7927 = B_SPLINE_CURVE_WITH_KNOTS('',2,(#7928,#7929,#7930),
  .UNSPECIFIED.,.F.,.F.,(3,3),(0.,1.),.PIECEWISE_BEZIER_KNOTS.);
#7928 = CARTESIAN_POINT('',(0.155940991174,6.211208970481E-02,0.3500001)
  );
#7929 = CARTESIAN_POINT('',(0.166430665898,6.397049664412E-02,0.3500001)
  );
#7930 = CARTESIAN_POINT('',(0.176507361302,6.397049664412E-02,0.3500001)
  );
#7931 = PCURVE('',#7833,#7932);
#7932 = DEFINITIONAL_REPRESENTATION('',(#7933),#7937);
#7933 = LINE('',#7934,#7935);
#7934 = CARTESIAN_POINT('',(0.,0.));
#7935 = VECTOR('',#7936,1.);
#7936 = DIRECTION('',(1.,0.));
#7937 = ( GEOMETRIC_REPRESENTATION_CONTEXT(2) 
PARAMETRIC_REPRESENTATION_CONTEXT() REPRESENTATION_CONTEXT('2D SPACE',''
  ) );
#7938 = PCURVE('',#6852,#7939);
#7939 = DEFINITIONAL_REPRESENTATION('',(#7940),#7944);
#7940 = B_SPLINE_CURVE_WITH_KNOTS('',2,(#7941,#7942,#7943),
  .UNSPECIFIED.,.F.,.F.,(3,3),(0.,1.),.PIECEWISE_BEZIER_KNOTS.);
#7941 = CARTESIAN_POINT('',(3.493805045896E-02,0.123687306294));
#7942 = CARTESIAN_POINT('',(4.542772518304E-02,0.125545713233));
#7943 = CARTESIAN_POINT('',(5.550442058728E-02,0.125545713233));
#7944 = ( GEOMETRIC_REPRESENTATION_CONTEXT(2) 
PARAMETRIC_REPRESENTATION_CONTEXT() REPRESENTATION_CONTEXT('2D SPACE',''
  ) );
#7945 = ADVANCED_FACE('',(#7946),#7911,.T.);
#7946 = FACE_BOUND('',#7947,.T.);
#7947 = EDGE_LOOP('',(#7948,#7949,#7972,#8002));
#7948 = ORIENTED_EDGE('',*,*,#7895,.T.);
#7949 = ORIENTED_EDGE('',*,*,#7950,.T.);
#7950 = EDGE_CURVE('',#7873,#7951,#7953,.T.);
#7951 = VERTEX_POINT('',#7952);
#7952 = CARTESIAN_POINT('',(0.210908538645,5.422418469575E-02,0.3568001)
  );
#7953 = SURFACE_CURVE('',#7954,(#7958,#7965),.PCURVE_S1.);
#7954 = B_SPLINE_CURVE_WITH_KNOTS('',2,(#7955,#7956,#7957),
  .UNSPECIFIED.,.F.,.F.,(3,3),(0.,1.),.PIECEWISE_BEZIER_KNOTS.);
#7955 = CARTESIAN_POINT('',(0.176507361302,6.397049664412E-02,0.3568001)
  );
#7956 = CARTESIAN_POINT('',(0.198643052846,6.397049664412E-02,0.3568001)
  );
#7957 = CARTESIAN_POINT('',(0.210908538645,5.422418469575E-02,0.3568001)
  );
#7958 = PCURVE('',#7911,#7959);
#7959 = DEFINITIONAL_REPRESENTATION('',(#7960),#7964);
#7960 = LINE('',#7961,#7962);
#7961 = CARTESIAN_POINT('',(0.,-6.8E-03));
#7962 = VECTOR('',#7963,1.);
#7963 = DIRECTION('',(1.,0.));
#7964 = ( GEOMETRIC_REPRESENTATION_CONTEXT(2) 
PARAMETRIC_REPRESENTATION_CONTEXT() REPRESENTATION_CONTEXT('2D SPACE',''
  ) );
#7965 = PCURVE('',#6798,#7966);
#7966 = DEFINITIONAL_REPRESENTATION('',(#7967),#7971);
#7967 = B_SPLINE_CURVE_WITH_KNOTS('',2,(#7968,#7969,#7970),
  .UNSPECIFIED.,.F.,.F.,(3,3),(0.,1.),.PIECEWISE_BEZIER_KNOTS.);
#7968 = CARTESIAN_POINT('',(5.550442058728E-02,0.125545713233));
#7969 = CARTESIAN_POINT('',(7.764011213101E-02,0.125545713233));
#7970 = CARTESIAN_POINT('',(8.990559793043E-02,0.115799401285));
#7971 = ( GEOMETRIC_REPRESENTATION_CONTEXT(2) 
PARAMETRIC_REPRESENTATION_CONTEXT() REPRESENTATION_CONTEXT('2D SPACE',''
  ) );
#7972 = ORIENTED_EDGE('',*,*,#7973,.F.);
#7973 = EDGE_CURVE('',#7974,#7951,#7976,.T.);
#7974 = VERTEX_POINT('',#7975);
#7975 = CARTESIAN_POINT('',(0.210908538645,5.422418469575E-02,0.3500001)
  );
#7976 = SURFACE_CURVE('',#7977,(#7981,#7988),.PCURVE_S1.);
#7977 = LINE('',#7978,#7979);
#7978 = CARTESIAN_POINT('',(0.210908538645,5.422418469575E-02,0.3500001)
  );
#7979 = VECTOR('',#7980,1.);
#7980 = DIRECTION('',(0.,0.,1.));
#7981 = PCURVE('',#7911,#7982);
#7982 = DEFINITIONAL_REPRESENTATION('',(#7983),#7987);
#7983 = LINE('',#7984,#7985);
#7984 = CARTESIAN_POINT('',(1.,0.));
#7985 = VECTOR('',#7986,1.);
#7986 = DIRECTION('',(0.,-1.));
#7987 = ( GEOMETRIC_REPRESENTATION_CONTEXT(2) 
PARAMETRIC_REPRESENTATION_CONTEXT() REPRESENTATION_CONTEXT('2D SPACE',''
  ) );
#7988 = PCURVE('',#7989,#7996);
#7989 = SURFACE_OF_LINEAR_EXTRUSION('',#7990,#7994);
#7990 = B_SPLINE_CURVE_WITH_KNOTS('',2,(#7991,#7992,#7993),
  .UNSPECIFIED.,.F.,.F.,(3,3),(0.,1.),.PIECEWISE_BEZIER_KNOTS.);
#7991 = CARTESIAN_POINT('',(0.210908538645,5.422418469575E-02,0.3500001)
  );
#7992 = CARTESIAN_POINT('',(0.223174024445,4.447787274739E-02,0.3500001)
  );
#7993 = CARTESIAN_POINT('',(0.223174024445,2.70501454499E-02,0.3500001)
  );
#7994 = VECTOR('',#7995,1.);
#7995 = DIRECTION('',(-0.,-0.,-1.));
#7996 = DEFINITIONAL_REPRESENTATION('',(#7997),#8001);
#7997 = LINE('',#7998,#7999);
#7998 = CARTESIAN_POINT('',(0.,0.));
#7999 = VECTOR('',#8000,1.);
#8000 = DIRECTION('',(0.,-1.));
#8001 = ( GEOMETRIC_REPRESENTATION_CONTEXT(2) 
PARAMETRIC_REPRESENTATION_CONTEXT() REPRESENTATION_CONTEXT('2D SPACE',''
  ) );
#8002 = ORIENTED_EDGE('',*,*,#8003,.F.);
#8003 = EDGE_CURVE('',#7896,#7974,#8004,.T.);
#8004 = SURFACE_CURVE('',#8005,(#8009,#8016),.PCURVE_S1.);
#8005 = B_SPLINE_CURVE_WITH_KNOTS('',2,(#8006,#8007,#8008),
  .UNSPECIFIED.,.F.,.F.,(3,3),(0.,1.),.PIECEWISE_BEZIER_KNOTS.);
#8006 = CARTESIAN_POINT('',(0.176507361302,6.397049664412E-02,0.3500001)
  );
#8007 = CARTESIAN_POINT('',(0.198643052846,6.397049664412E-02,0.3500001)
  );
#8008 = CARTESIAN_POINT('',(0.210908538645,5.422418469575E-02,0.3500001)
  );
#8009 = PCURVE('',#7911,#8010);
#8010 = DEFINITIONAL_REPRESENTATION('',(#8011),#8015);
#8011 = LINE('',#8012,#8013);
#8012 = CARTESIAN_POINT('',(0.,0.));
#8013 = VECTOR('',#8014,1.);
#8014 = DIRECTION('',(1.,0.));
#8015 = ( GEOMETRIC_REPRESENTATION_CONTEXT(2) 
PARAMETRIC_REPRESENTATION_CONTEXT() REPRESENTATION_CONTEXT('2D SPACE',''
  ) );
#8016 = PCURVE('',#6852,#8017);
#8017 = DEFINITIONAL_REPRESENTATION('',(#8018),#8022);
#8018 = B_SPLINE_CURVE_WITH_KNOTS('',2,(#8019,#8020,#8021),
  .UNSPECIFIED.,.F.,.F.,(3,3),(0.,1.),.PIECEWISE_BEZIER_KNOTS.);
#8019 = CARTESIAN_POINT('',(5.550442058728E-02,0.125545713233));
#8020 = CARTESIAN_POINT('',(7.764011213101E-02,0.125545713233));
#8021 = CARTESIAN_POINT('',(8.990559793043E-02,0.115799401285));
#8022 = ( GEOMETRIC_REPRESENTATION_CONTEXT(2) 
PARAMETRIC_REPRESENTATION_CONTEXT() REPRESENTATION_CONTEXT('2D SPACE',''
  ) );
#8023 = ADVANCED_FACE('',(#8024),#7989,.T.);
#8024 = FACE_BOUND('',#8025,.T.);
#8025 = EDGE_LOOP('',(#8026,#8027,#8050,#8080));
#8026 = ORIENTED_EDGE('',*,*,#7973,.T.);
#8027 = ORIENTED_EDGE('',*,*,#8028,.T.);
#8028 = EDGE_CURVE('',#7951,#8029,#8031,.T.);
#8029 = VERTEX_POINT('',#8030);
#8030 = CARTESIAN_POINT('',(0.223174024445,2.70501454499E-02,0.3568001)
  );
#8031 = SURFACE_CURVE('',#8032,(#8036,#8043),.PCURVE_S1.);
#8032 = B_SPLINE_CURVE_WITH_KNOTS('',2,(#8033,#8034,#8035),
  .UNSPECIFIED.,.F.,.F.,(3,3),(0.,1.),.PIECEWISE_BEZIER_KNOTS.);
#8033 = CARTESIAN_POINT('',(0.210908538645,5.422418469575E-02,0.3568001)
  );
#8034 = CARTESIAN_POINT('',(0.223174024445,4.447787274739E-02,0.3568001)
  );
#8035 = CARTESIAN_POINT('',(0.223174024445,2.70501454499E-02,0.3568001)
  );
#8036 = PCURVE('',#7989,#8037);
#8037 = DEFINITIONAL_REPRESENTATION('',(#8038),#8042);
#8038 = LINE('',#8039,#8040);
#8039 = CARTESIAN_POINT('',(0.,-6.8E-03));
#8040 = VECTOR('',#8041,1.);
#8041 = DIRECTION('',(1.,0.));
#8042 = ( GEOMETRIC_REPRESENTATION_CONTEXT(2) 
PARAMETRIC_REPRESENTATION_CONTEXT() REPRESENTATION_CONTEXT('2D SPACE',''
  ) );
#8043 = PCURVE('',#6798,#8044);
#8044 = DEFINITIONAL_REPRESENTATION('',(#8045),#8049);
#8045 = B_SPLINE_CURVE_WITH_KNOTS('',2,(#8046,#8047,#8048),
  .UNSPECIFIED.,.F.,.F.,(3,3),(0.,1.),.PIECEWISE_BEZIER_KNOTS.);
#8046 = CARTESIAN_POINT('',(8.990559793043E-02,0.115799401285));
#8047 = CARTESIAN_POINT('',(0.10217108373,0.106053089336));
#8048 = CARTESIAN_POINT('',(0.10217108373,8.862536203891E-02));
#8049 = ( GEOMETRIC_REPRESENTATION_CONTEXT(2) 
PARAMETRIC_REPRESENTATION_CONTEXT() REPRESENTATION_CONTEXT('2D SPACE',''
  ) );
#8050 = ORIENTED_EDGE('',*,*,#8051,.F.);
#8051 = EDGE_CURVE('',#8052,#8029,#8054,.T.);
#8052 = VERTEX_POINT('',#8053);
#8053 = CARTESIAN_POINT('',(0.223174024445,2.70501454499E-02,0.3500001)
  );
#8054 = SURFACE_CURVE('',#8055,(#8059,#8066),.PCURVE_S1.);
#8055 = LINE('',#8056,#8057);
#8056 = CARTESIAN_POINT('',(0.223174024445,2.70501454499E-02,0.3500001)
  );
#8057 = VECTOR('',#8058,1.);
#8058 = DIRECTION('',(0.,0.,1.));
#8059 = PCURVE('',#7989,#8060);
#8060 = DEFINITIONAL_REPRESENTATION('',(#8061),#8065);
#8061 = LINE('',#8062,#8063);
#8062 = CARTESIAN_POINT('',(1.,0.));
#8063 = VECTOR('',#8064,1.);
#8064 = DIRECTION('',(0.,-1.));
#8065 = ( GEOMETRIC_REPRESENTATION_CONTEXT(2) 
PARAMETRIC_REPRESENTATION_CONTEXT() REPRESENTATION_CONTEXT('2D SPACE',''
  ) );
#8066 = PCURVE('',#8067,#8074);
#8067 = SURFACE_OF_LINEAR_EXTRUSION('',#8068,#8072);
#8068 = B_SPLINE_CURVE_WITH_KNOTS('',2,(#8069,#8070,#8071),
  .UNSPECIFIED.,.F.,.F.,(3,3),(0.,1.),.PIECEWISE_BEZIER_KNOTS.);
#8069 = CARTESIAN_POINT('',(0.223174024445,2.70501454499E-02,0.3500001)
  );
#8070 = CARTESIAN_POINT('',(0.223174024445,1.697345004566E-02,0.3500001)
  );
#8071 = CARTESIAN_POINT('',(0.217970485015,8.259586396916E-03,0.3500001)
  );
#8072 = VECTOR('',#8073,1.);
#8073 = DIRECTION('',(-0.,-0.,-1.));
#8074 = DEFINITIONAL_REPRESENTATION('',(#8075),#8079);
#8075 = LINE('',#8076,#8077);
#8076 = CARTESIAN_POINT('',(0.,0.));
#8077 = VECTOR('',#8078,1.);
#8078 = DIRECTION('',(0.,-1.));
#8079 = ( GEOMETRIC_REPRESENTATION_CONTEXT(2) 
PARAMETRIC_REPRESENTATION_CONTEXT() REPRESENTATION_CONTEXT('2D SPACE',''
  ) );
#8080 = ORIENTED_EDGE('',*,*,#8081,.F.);
#8081 = EDGE_CURVE('',#7974,#8052,#8082,.T.);
#8082 = SURFACE_CURVE('',#8083,(#8087,#8094),.PCURVE_S1.);
#8083 = B_SPLINE_CURVE_WITH_KNOTS('',2,(#8084,#8085,#8086),
  .UNSPECIFIED.,.F.,.F.,(3,3),(0.,1.),.PIECEWISE_BEZIER_KNOTS.);
#8084 = CARTESIAN_POINT('',(0.210908538645,5.422418469575E-02,0.3500001)
  );
#8085 = CARTESIAN_POINT('',(0.223174024445,4.447787274739E-02,0.3500001)
  );
#8086 = CARTESIAN_POINT('',(0.223174024445,2.70501454499E-02,0.3500001)
  );
#8087 = PCURVE('',#7989,#8088);
#8088 = DEFINITIONAL_REPRESENTATION('',(#8089),#8093);
#8089 = LINE('',#8090,#8091);
#8090 = CARTESIAN_POINT('',(0.,0.));
#8091 = VECTOR('',#8092,1.);
#8092 = DIRECTION('',(1.,0.));
#8093 = ( GEOMETRIC_REPRESENTATION_CONTEXT(2) 
PARAMETRIC_REPRESENTATION_CONTEXT() REPRESENTATION_CONTEXT('2D SPACE',''
  ) );
#8094 = PCURVE('',#6852,#8095);
#8095 = DEFINITIONAL_REPRESENTATION('',(#8096),#8100);
#8096 = B_SPLINE_CURVE_WITH_KNOTS('',2,(#8097,#8098,#8099),
  .UNSPECIFIED.,.F.,.F.,(3,3),(0.,1.),.PIECEWISE_BEZIER_KNOTS.);
#8097 = CARTESIAN_POINT('',(8.990559793043E-02,0.115799401285));
#8098 = CARTESIAN_POINT('',(0.10217108373,0.106053089336));
#8099 = CARTESIAN_POINT('',(0.10217108373,8.862536203891E-02));
#8100 = ( GEOMETRIC_REPRESENTATION_CONTEXT(2) 
PARAMETRIC_REPRESENTATION_CONTEXT() REPRESENTATION_CONTEXT('2D SPACE',''
  ) );
#8101 = ADVANCED_FACE('',(#8102),#8067,.T.);
#8102 = FACE_BOUND('',#8103,.T.);
#8103 = EDGE_LOOP('',(#8104,#8105,#8128,#8151));
#8104 = ORIENTED_EDGE('',*,*,#8051,.T.);
#8105 = ORIENTED_EDGE('',*,*,#8106,.T.);
#8106 = EDGE_CURVE('',#8029,#8107,#8109,.T.);
#8107 = VERTEX_POINT('',#8108);
#8108 = CARTESIAN_POINT('',(0.217970485015,8.259586396916E-03,0.3568001)
  );
#8109 = SURFACE_CURVE('',#8110,(#8114,#8121),.PCURVE_S1.);
#8110 = B_SPLINE_CURVE_WITH_KNOTS('',2,(#8111,#8112,#8113),
  .UNSPECIFIED.,.F.,.F.,(3,3),(0.,1.),.PIECEWISE_BEZIER_KNOTS.);
#8111 = CARTESIAN_POINT('',(0.223174024445,2.70501454499E-02,0.3568001)
  );
#8112 = CARTESIAN_POINT('',(0.223174024445,1.697345004566E-02,0.3568001)
  );
#8113 = CARTESIAN_POINT('',(0.217970485015,8.259586396916E-03,0.3568001)
  );
#8114 = PCURVE('',#8067,#8115);
#8115 = DEFINITIONAL_REPRESENTATION('',(#8116),#8120);
#8116 = LINE('',#8117,#8118);
#8117 = CARTESIAN_POINT('',(0.,-6.8E-03));
#8118 = VECTOR('',#8119,1.);
#8119 = DIRECTION('',(1.,0.));
#8120 = ( GEOMETRIC_REPRESENTATION_CONTEXT(2) 
PARAMETRIC_REPRESENTATION_CONTEXT() REPRESENTATION_CONTEXT('2D SPACE',''
  ) );
#8121 = PCURVE('',#6798,#8122);
#8122 = DEFINITIONAL_REPRESENTATION('',(#8123),#8127);
#8123 = B_SPLINE_CURVE_WITH_KNOTS('',2,(#8124,#8125,#8126),
  .UNSPECIFIED.,.F.,.F.,(3,3),(0.,1.),.PIECEWISE_BEZIER_KNOTS.);
#8124 = CARTESIAN_POINT('',(0.10217108373,8.862536203891E-02));
#8125 = CARTESIAN_POINT('',(0.10217108373,7.854866663467E-02));
#8126 = CARTESIAN_POINT('',(9.69675442998E-02,6.983480298593E-02));
#8127 = ( GEOMETRIC_REPRESENTATION_CONTEXT(2) 
PARAMETRIC_REPRESENTATION_CONTEXT() REPRESENTATION_CONTEXT('2D SPACE',''
  ) );
#8128 = ORIENTED_EDGE('',*,*,#8129,.F.);
#8129 = EDGE_CURVE('',#8130,#8107,#8132,.T.);
#8130 = VERTEX_POINT('',#8131);
#8131 = CARTESIAN_POINT('',(0.217970485015,8.259586396916E-03,0.3500001)
  );
#8132 = SURFACE_CURVE('',#8133,(#8137,#8144),.PCURVE_S1.);
#8133 = LINE('',#8134,#8135);
#8134 = CARTESIAN_POINT('',(0.217970485015,8.259586396916E-03,0.3500001)
  );
#8135 = VECTOR('',#8136,1.);
#8136 = DIRECTION('',(0.,0.,1.));
#8137 = PCURVE('',#8067,#8138);
#8138 = DEFINITIONAL_REPRESENTATION('',(#8139),#8143);
#8139 = LINE('',#8140,#8141);
#8140 = CARTESIAN_POINT('',(1.,0.));
#8141 = VECTOR('',#8142,1.);
#8142 = DIRECTION('',(0.,-1.));
#8143 = ( GEOMETRIC_REPRESENTATION_CONTEXT(2) 
PARAMETRIC_REPRESENTATION_CONTEXT() REPRESENTATION_CONTEXT('2D SPACE',''
  ) );
#8144 = PCURVE('',#6768,#8145);
#8145 = DEFINITIONAL_REPRESENTATION('',(#8146),#8150);
#8146 = LINE('',#8147,#8148);
#8147 = CARTESIAN_POINT('',(0.,0.));
#8148 = VECTOR('',#8149,1.);
#8149 = DIRECTION('',(0.,-1.));
#8150 = ( GEOMETRIC_REPRESENTATION_CONTEXT(2) 
PARAMETRIC_REPRESENTATION_CONTEXT() REPRESENTATION_CONTEXT('2D SPACE',''
  ) );
#8151 = ORIENTED_EDGE('',*,*,#8152,.F.);
#8152 = EDGE_CURVE('',#8052,#8130,#8153,.T.);
#8153 = SURFACE_CURVE('',#8154,(#8158,#8165),.PCURVE_S1.);
#8154 = B_SPLINE_CURVE_WITH_KNOTS('',2,(#8155,#8156,#8157),
  .UNSPECIFIED.,.F.,.F.,(3,3),(0.,1.),.PIECEWISE_BEZIER_KNOTS.);
#8155 = CARTESIAN_POINT('',(0.223174024445,2.70501454499E-02,0.3500001)
  );
#8156 = CARTESIAN_POINT('',(0.223174024445,1.697345004566E-02,0.3500001)
  );
#8157 = CARTESIAN_POINT('',(0.217970485015,8.259586396916E-03,0.3500001)
  );
#8158 = PCURVE('',#8067,#8159);
#8159 = DEFINITIONAL_REPRESENTATION('',(#8160),#8164);
#8160 = LINE('',#8161,#8162);
#8161 = CARTESIAN_POINT('',(0.,0.));
#8162 = VECTOR('',#8163,1.);
#8163 = DIRECTION('',(1.,0.));
#8164 = ( GEOMETRIC_REPRESENTATION_CONTEXT(2) 
PARAMETRIC_REPRESENTATION_CONTEXT() REPRESENTATION_CONTEXT('2D SPACE',''
  ) );
#8165 = PCURVE('',#6852,#8166);
#8166 = DEFINITIONAL_REPRESENTATION('',(#8167),#8171);
#8167 = B_SPLINE_CURVE_WITH_KNOTS('',2,(#8168,#8169,#8170),
  .UNSPECIFIED.,.F.,.F.,(3,3),(0.,1.),.PIECEWISE_BEZIER_KNOTS.);
#8168 = CARTESIAN_POINT('',(0.10217108373,8.862536203891E-02));
#8169 = CARTESIAN_POINT('',(0.10217108373,7.854866663467E-02));
#8170 = CARTESIAN_POINT('',(9.69675442998E-02,6.983480298593E-02));
#8171 = ( GEOMETRIC_REPRESENTATION_CONTEXT(2) 
PARAMETRIC_REPRESENTATION_CONTEXT() REPRESENTATION_CONTEXT('2D SPACE',''
  ) );
#8172 = ADVANCED_FACE('',(#8173),#6768,.T.);
#8173 = FACE_BOUND('',#8174,.T.);
#8174 = EDGE_LOOP('',(#8175,#8176,#8197,#8198));
#8175 = ORIENTED_EDGE('',*,*,#8129,.T.);
#8176 = ORIENTED_EDGE('',*,*,#8177,.T.);
#8177 = EDGE_CURVE('',#8107,#6748,#8178,.T.);
#8178 = SURFACE_CURVE('',#8179,(#8183,#8190),.PCURVE_S1.);
#8179 = B_SPLINE_CURVE_WITH_KNOTS('',2,(#8180,#8181,#8182),
  .UNSPECIFIED.,.F.,.F.,(3,3),(0.,1.),.PIECEWISE_BEZIER_KNOTS.);
#8180 = CARTESIAN_POINT('',(0.217970485015,8.259586396916E-03,0.3568001)
  );
#8181 = CARTESIAN_POINT('',(0.212766945585,-4.542772518304E-04,0.3568001
    ));
#8182 = CARTESIAN_POINT('',(0.196082581063,-1.507374517437E-02,0.3568001
    ));
#8183 = PCURVE('',#6768,#8184);
#8184 = DEFINITIONAL_REPRESENTATION('',(#8185),#8189);
#8185 = LINE('',#8186,#8187);
#8186 = CARTESIAN_POINT('',(0.,-6.8E-03));
#8187 = VECTOR('',#8188,1.);
#8188 = DIRECTION('',(1.,0.));
#8189 = ( GEOMETRIC_REPRESENTATION_CONTEXT(2) 
PARAMETRIC_REPRESENTATION_CONTEXT() REPRESENTATION_CONTEXT('2D SPACE',''
  ) );
#8190 = PCURVE('',#6798,#8191);
#8191 = DEFINITIONAL_REPRESENTATION('',(#8192),#8196);
#8192 = B_SPLINE_CURVE_WITH_KNOTS('',2,(#8193,#8194,#8195),
  .UNSPECIFIED.,.F.,.F.,(3,3),(0.,1.),.PIECEWISE_BEZIER_KNOTS.);
#8193 = CARTESIAN_POINT('',(9.69675442998E-02,6.983480298593E-02));
#8194 = CARTESIAN_POINT('',(9.176400486974E-02,6.112093933718E-02));
#8195 = CARTESIAN_POINT('',(7.507964034797E-02,4.650147141464E-02));
#8196 = ( GEOMETRIC_REPRESENTATION_CONTEXT(2) 
PARAMETRIC_REPRESENTATION_CONTEXT() REPRESENTATION_CONTEXT('2D SPACE',''
  ) );
#8197 = ORIENTED_EDGE('',*,*,#6745,.F.);
#8198 = ORIENTED_EDGE('',*,*,#8199,.F.);
#8199 = EDGE_CURVE('',#8130,#6746,#8200,.T.);
#8200 = SURFACE_CURVE('',#8201,(#8205,#8212),.PCURVE_S1.);
#8201 = B_SPLINE_CURVE_WITH_KNOTS('',2,(#8202,#8203,#8204),
  .UNSPECIFIED.,.F.,.F.,(3,3),(0.,1.),.PIECEWISE_BEZIER_KNOTS.);
#8202 = CARTESIAN_POINT('',(0.217970485015,8.259586396916E-03,0.3500001)
  );
#8203 = CARTESIAN_POINT('',(0.212766945585,-4.542772518304E-04,0.3500001
    ));
#8204 = CARTESIAN_POINT('',(0.196082581063,-1.507374517437E-02,0.3500001
    ));
#8205 = PCURVE('',#6768,#8206);
#8206 = DEFINITIONAL_REPRESENTATION('',(#8207),#8211);
#8207 = LINE('',#8208,#8209);
#8208 = CARTESIAN_POINT('',(0.,0.));
#8209 = VECTOR('',#8210,1.);
#8210 = DIRECTION('',(1.,0.));
#8211 = ( GEOMETRIC_REPRESENTATION_CONTEXT(2) 
PARAMETRIC_REPRESENTATION_CONTEXT() REPRESENTATION_CONTEXT('2D SPACE',''
  ) );
#8212 = PCURVE('',#6852,#8213);
#8213 = DEFINITIONAL_REPRESENTATION('',(#8214),#8218);
#8214 = B_SPLINE_CURVE_WITH_KNOTS('',2,(#8215,#8216,#8217),
  .UNSPECIFIED.,.F.,.F.,(3,3),(0.,1.),.PIECEWISE_BEZIER_KNOTS.);
#8215 = CARTESIAN_POINT('',(9.69675442998E-02,6.983480298593E-02));
#8216 = CARTESIAN_POINT('',(9.176400486974E-02,6.112093933718E-02));
#8217 = CARTESIAN_POINT('',(7.507964034797E-02,4.650147141464E-02));
#8218 = ( GEOMETRIC_REPRESENTATION_CONTEXT(2) 
PARAMETRIC_REPRESENTATION_CONTEXT() REPRESENTATION_CONTEXT('2D SPACE',''
  ) );
#8219 = ADVANCED_FACE('',(#8220),#6852,.F.);
#8220 = FACE_BOUND('',#8221,.T.);
#8221 = EDGE_LOOP('',(#8222,#8223,#8224,#8225,#8226,#8227,#8228,#8229,
    #8230,#8231,#8232,#8233,#8234,#8235,#8236,#8237,#8238,#8239,#8240));
#8222 = ORIENTED_EDGE('',*,*,#6838,.T.);
#8223 = ORIENTED_EDGE('',*,*,#6919,.T.);
#8224 = ORIENTED_EDGE('',*,*,#6995,.T.);
#8225 = ORIENTED_EDGE('',*,*,#7071,.T.);
#8226 = ORIENTED_EDGE('',*,*,#7147,.T.);
#8227 = ORIENTED_EDGE('',*,*,#7225,.T.);
#8228 = ORIENTED_EDGE('',*,*,#7303,.T.);
#8229 = ORIENTED_EDGE('',*,*,#7381,.T.);
#8230 = ORIENTED_EDGE('',*,*,#7459,.T.);
#8231 = ORIENTED_EDGE('',*,*,#7537,.T.);
#8232 = ORIENTED_EDGE('',*,*,#7615,.T.);
#8233 = ORIENTED_EDGE('',*,*,#7691,.T.);
#8234 = ORIENTED_EDGE('',*,*,#7769,.T.);
#8235 = ORIENTED_EDGE('',*,*,#7847,.T.);
#8236 = ORIENTED_EDGE('',*,*,#7925,.T.);
#8237 = ORIENTED_EDGE('',*,*,#8003,.T.);
#8238 = ORIENTED_EDGE('',*,*,#8081,.T.);
#8239 = ORIENTED_EDGE('',*,*,#8152,.T.);
#8240 = ORIENTED_EDGE('',*,*,#8199,.T.);
#8241 = ADVANCED_FACE('',(#8242),#6798,.T.);
#8242 = FACE_BOUND('',#8243,.F.);
#8243 = EDGE_LOOP('',(#8244,#8245,#8246,#8247,#8248,#8249,#8250,#8251,
    #8252,#8253,#8254,#8255,#8256,#8257,#8258,#8259,#8260,#8261,#8262));
#8244 = ORIENTED_EDGE('',*,*,#6782,.T.);
#8245 = ORIENTED_EDGE('',*,*,#6868,.T.);
#8246 = ORIENTED_EDGE('',*,*,#6944,.T.);
#8247 = ORIENTED_EDGE('',*,*,#7020,.T.);
#8248 = ORIENTED_EDGE('',*,*,#7096,.T.);
#8249 = ORIENTED_EDGE('',*,*,#7172,.T.);
#8250 = ORIENTED_EDGE('',*,*,#7250,.T.);
#8251 = ORIENTED_EDGE('',*,*,#7328,.T.);
#8252 = ORIENTED_EDGE('',*,*,#7406,.T.);
#8253 = ORIENTED_EDGE('',*,*,#7484,.T.);
#8254 = ORIENTED_EDGE('',*,*,#7562,.T.);
#8255 = ORIENTED_EDGE('',*,*,#7640,.T.);
#8256 = ORIENTED_EDGE('',*,*,#7716,.T.);
#8257 = ORIENTED_EDGE('',*,*,#7794,.T.);
#8258 = ORIENTED_EDGE('',*,*,#7872,.T.);
#8259 = ORIENTED_EDGE('',*,*,#7950,.T.);
#8260 = ORIENTED_EDGE('',*,*,#8028,.T.);
#8261 = ORIENTED_EDGE('',*,*,#8106,.T.);
#8262 = ORIENTED_EDGE('',*,*,#8177,.T.);
#8263 = ( GEOMETRIC_REPRESENTATION_CONTEXT(3) 
GLOBAL_UNCERTAINTY_ASSIGNED_CONTEXT((#8267)) 
GLOBAL_UNIT_ASSIGNED_CONTEXT((#8264,#8265,#8266)) REPRESENTATION_CONTEXT
('Context #1','3D Context with UNIT and UNCERTAINTY') );
#8264 = ( LENGTH_UNIT() NAMED_UNIT(*) SI_UNIT(.MILLI.,.METRE.) );
#8265 = ( NAMED_UNIT(*) PLANE_ANGLE_UNIT() SI_UNIT($,.RADIAN.) );
#8266 = ( NAMED_UNIT(*) SI_UNIT($,.STERADIAN.) SOLID_ANGLE_UNIT() );
#8267 = UNCERTAINTY_MEASURE_WITH_UNIT(LENGTH_MEASURE(1.E-07),#8264,
  'distance_accuracy_value','confusion accuracy');
#8268 = CONTEXT_DEPENDENT_SHAPE_REPRESENTATION(#8269,#8271);
#8269 = ( REPRESENTATION_RELATIONSHIP('','',#3020,#10) 
REPRESENTATION_RELATIONSHIP_WITH_TRANSFORMATION(#8270) 
SHAPE_REPRESENTATION_RELATIONSHIP() );
#8270 = ITEM_DEFINED_TRANSFORMATION('','',#11,#23);
#8271 = PRODUCT_DEFINITION_SHAPE('Placement','Placement of an item',
  #8272);
#8272 = NEXT_ASSEMBLY_USAGE_OCCURRENCE('6','marking','',#5,#3015,$);
#8273 = PRODUCT_RELATED_PRODUCT_CATEGORY('part',$,(#3017));
#8274 = MECHANICAL_DESIGN_GEOMETRIC_PRESENTATION_REPRESENTATION('',(
    #8275,#8283),#3002);
#8275 = STYLED_ITEM('color',(#8276),#390);
#8276 = PRESENTATION_STYLE_ASSIGNMENT((#8277));
#8277 = SURFACE_STYLE_USAGE(.BOTH.,#8278);
#8278 = SURFACE_SIDE_STYLE('',(#8279));
#8279 = SURFACE_STYLE_FILL_AREA(#8280);
#8280 = FILL_AREA_STYLE('',(#8281));
#8281 = FILL_AREA_STYLE_COLOUR('',#8282);
#8282 = COLOUR_RGB('',0.859999984366,0.859999984366,0.889999989794);
#8283 = STYLED_ITEM('color',(#8284),#1696);
#8284 = PRESENTATION_STYLE_ASSIGNMENT((#8285));
#8285 = SURFACE_STYLE_USAGE(.BOTH.,#8286);
#8286 = SURFACE_SIDE_STYLE('',(#8287));
#8287 = SURFACE_STYLE_FILL_AREA(#8288);
#8288 = FILL_AREA_STYLE('',(#8289));
#8289 = FILL_AREA_STYLE_COLOUR('',#8282);
#8290 = MECHANICAL_DESIGN_GEOMETRIC_PRESENTATION_REPRESENTATION('',(
    #8291,#8299,#8306,#8313),#8263);
#8291 = STYLED_ITEM('color',(#8292),#3021);
#8292 = PRESENTATION_STYLE_ASSIGNMENT((#8293));
#8293 = SURFACE_STYLE_USAGE(.BOTH.,#8294);
#8294 = SURFACE_SIDE_STYLE('',(#8295));
#8295 = SURFACE_STYLE_FILL_AREA(#8296);
#8296 = FILL_AREA_STYLE('',(#8297));
#8297 = FILL_AREA_STYLE_COLOUR('',#8298);
#8298 = COLOUR_RGB('',0.950000001282,0.950000001282,0.950000001282);
#8299 = STYLED_ITEM('color',(#8300),#4323);
#8300 = PRESENTATION_STYLE_ASSIGNMENT((#8301));
#8301 = SURFACE_STYLE_USAGE(.BOTH.,#8302);
#8302 = SURFACE_SIDE_STYLE('',(#8303));
#8303 = SURFACE_STYLE_FILL_AREA(#8304);
#8304 = FILL_AREA_STYLE('',(#8305));
#8305 = FILL_AREA_STYLE_COLOUR('',#8298);
#8306 = STYLED_ITEM('color',(#8307),#5437);
#8307 = PRESENTATION_STYLE_ASSIGNMENT((#8308));
#8308 = SURFACE_STYLE_USAGE(.BOTH.,#8309);
#8309 = SURFACE_SIDE_STYLE('',(#8310));
#8310 = SURFACE_STYLE_FILL_AREA(#8311);
#8311 = FILL_AREA_STYLE('',(#8312));
#8312 = FILL_AREA_STYLE_COLOUR('',#8298);
#8313 = STYLED_ITEM('color',(#8314),#6739);
#8314 = PRESENTATION_STYLE_ASSIGNMENT((#8315));
#8315 = SURFACE_STYLE_USAGE(.BOTH.,#8316);
#8316 = SURFACE_SIDE_STYLE('',(#8317));
#8317 = SURFACE_STYLE_FILL_AREA(#8318);
#8318 = FILL_AREA_STYLE('',(#8319));
#8319 = FILL_AREA_STYLE_COLOUR('',#8298);
#8320 = MECHANICAL_DESIGN_GEOMETRIC_PRESENTATION_REPRESENTATION('',(
    #8321),#371);
#8321 = STYLED_ITEM('color',(#8322),#41);
#8322 = PRESENTATION_STYLE_ASSIGNMENT((#8323));
#8323 = SURFACE_STYLE_USAGE(.BOTH.,#8324);
#8324 = SURFACE_SIDE_STYLE('',(#8325));
#8325 = SURFACE_STYLE_FILL_AREA(#8326);
#8326 = FILL_AREA_STYLE('',(#8327));
#8327 = FILL_AREA_STYLE_COLOUR('',#8328);
#8328 = COLOUR_RGB('',7.999999887273E-02,7.999999887273E-02,
  7.999999887273E-02);
ENDSEC;
END-ISO-10303-21;
